slot,t,kind,reason,ref,attempt,seq,n_elig_ev,n_elig_st,lost,delay_ms,ack_type,ack_lost
0,0,NONE,IDLE,0,0,0,0,0,0,0,,0
1,10,NONE,IDLE,0,0,0,0,0,0,0,,0
2,20,NONE,IDLE,0,0,0,0,0,0,0,,0
3,30,NONE,IDLE,0,0,0,0,0,0,0,,0
4,40,NONE,IDLE,0,0,0,0,0,0,0,,0
5,50,NONE,IDLE,0,0,0,0,0,0,0,,0
6,60,NONE,IDLE,0,0,0,0,0,0,0,,0
7,70,NONE,IDLE,0,0,0,0,0,0,0,,0
8,80,NONE,IDLE,0,0,0,0,0,0,0,,0
9,90,NONE,IDLE,0,0,0,0,0,0,0,,0
10,100,NONE,IDLE,0,0,0,0,0,0,0,,0
11,110,NONE,IDLE,0,0,0,0,0,0,0,,0
12,120,NONE,IDLE,0,0,0,0,0,0,0,,0
13,130,NONE,IDLE,0,0,0,0,0,0,0,,0
14,140,NONE,IDLE,0,0,0,0,0,0,0,,0
15,150,NONE,IDLE,0,0,0,0,0,0,0,,0
16,160,NONE,IDLE,0,0,0,0,0,0,0,,0
17,170,NONE,IDLE,0,0,0,0,0,0,0,,0
18,180,NONE,IDLE,0,0,0,0,0,0,0,,0
19,190,NONE,IDLE,0,0,0,0,0,0,0,,0
20,200,NONE,IDLE,0,0,0,0,0,0,0,,0
21,210,NONE,IDLE,0,0,0,0,0,0,0,,0
22,220,NONE,IDLE,0,0,0,0,0,0,0,,0
23,230,NONE,IDLE,0,0,0,0,0,0,0,,0
24,240,NONE,IDLE,0,0,0,0,0,0,0,,0
25,250,NONE,IDLE,0,0,0,0,0,0,0,,0
26,260,NONE,IDLE,0,0,0,0,0,0,0,,0
27,270,NONE,IDLE,0,0,0,0,0,0,0,,0
28,280,NONE,IDLE,0,0,0,0,0,0,0,,0
29,290,NONE,IDLE,0,0,0,0,0,0,0,,0
30,300,NONE,IDLE,0,0,0,0,0,0,0,,0
31,310,NONE,IDLE,0,0,0,0,0,0,0,,0
32,320,NONE,IDLE,0,0,0,0,0,0,0,,0
33,330,NONE,IDLE,0,0,0,0,0,0,0,,0
34,340,NONE,IDLE,0,0,0,0,0,0,0,,0
35,350,NONE,IDLE,0,0,0,0,0,0,0,,0
36,360,NONE,IDLE,0,0,0,0,0,0,0,,0
37,370,NONE,IDLE,0,0,0,0,0,0,0,,0
38,380,NONE,IDLE,0,0,0,0,0,0,0,,0
39,390,NONE,IDLE,0,0,0,0,0,0,0,,0
40,400,NONE,IDLE,0,0,0,0,0,0,0,,0
41,410,NONE,IDLE,0,0,0,0,0,0,0,,0
42,420,NONE,IDLE,0,0,0,0,0,0,0,,0
43,430,NONE,IDLE,0,0,0,0,0,0,0,,0
44,440,NONE,IDLE,0,0,0,0,0,0,0,,0
45,450,NONE,IDLE,0,0,0,0,0,0,0,,0
46,460,NONE,IDLE,0,0,0,0,0,0,0,,0
47,470,NONE,IDLE,0,0,0,0,0,0,0,,0
48,480,NONE,IDLE,0,0,0,0,0,0,0,,0
49,490,NONE,IDLE,0,0,0,0,0,0,0,,0
50,500,NONE,IDLE,0,0,0,0,0,0,0,,0
51,510,NONE,IDLE,0,0,0,0,0,0,0,,0
52,520,NONE,IDLE,0,0,0,0,0,0,0,,0
53,530,NONE,IDLE,0,0,0,0,0,0,0,,0
54,540,NONE,IDLE,0,0,0,0,0,0,0,,0
55,550,NONE,IDLE,0,0,0,0,0,0,0,,0
56,560,NONE,IDLE,0,0,0,0,0,0,0,,0
57,570,NONE,IDLE,0,0,0,0,0,0,0,,0
58,580,NONE,IDLE,0,0,0,0,0,0,0,,0
59,590,NONE,IDLE,0,0,0,0,0,0,0,,0
60,600,NONE,IDLE,0,0,0,0,0,0,0,,0
61,610,NONE,IDLE,0,0,0,0,0,0,0,,0
62,620,NONE,IDLE,0,0,0,0,0,0,0,,0
63,630,NONE,IDLE,0,0,0,0,0,0,0,,0
64,640,NONE,IDLE,0,0,0,0,0,0,0,,0
65,650,NONE,IDLE,0,0,0,0,0,0,0,,0
66,660,NONE,IDLE,0,0,0,0,0,0,0,,0
67,670,NONE,IDLE,0,0,0,0,0,0,0,,0
68,680,NONE,IDLE,0,0,0,0,0,0,0,,0
69,690,NONE,IDLE,0,0,0,0,0,0,0,,0
70,700,NONE,IDLE,0,0,0,0,0,0,0,,0
71,710,NONE,IDLE,0,0,0,0,0,0,0,,0
72,720,NONE,IDLE,0,0,0,0,0,0,0,,0
73,730,NONE,IDLE,0,0,0,0,0,0,0,,0
74,740,NONE,IDLE,0,0,0,0,0,0,0,,0
75,750,NONE,IDLE,0,0,0,0,0,0,0,,0
76,760,NONE,IDLE,0,0,0,0,0,0,0,,0
77,770,NONE,IDLE,0,0,0,0,0,0,0,,0
78,780,NONE,IDLE,0,0,0,0,0,0,0,,0
79,790,NONE,IDLE,0,0,0,0,0,0,0,,0
80,800,NONE,IDLE,0,0,0,0,0,0,0,,0
81,810,NONE,IDLE,0,0,0,0,0,0,0,,0
82,820,NONE,IDLE,0,0,0,0,0,0,0,,0
83,830,NONE,IDLE,0,0,0,0,0,0,0,,0
84,840,NONE,IDLE,0,0,0,0,0,0,0,,0
85,850,NONE,IDLE,0,0,0,0,0,0,0,,0
86,860,NONE,IDLE,0,0,0,0,0,0,0,,0
87,870,NONE,IDLE,0,0,0,0,0,0,0,,0
88,880,NONE,IDLE,0,0,0,0,0,0,0,,0
89,890,NONE,IDLE,0,0,0,0,0,0,0,,0
90,900,NONE,IDLE,0,0,0,0,0,0,0,,0
91,910,NONE,IDLE,0,0,0,0,0,0,0,,0
92,920,NONE,IDLE,0,0,0,0,0,0,0,,0
93,930,NONE,IDLE,0,0,0,0,0,0,0,,0
94,940,NONE,IDLE,0,0,0,0,0,0,0,,0
95,950,NONE,IDLE,0,0,0,0,0,0,0,,0
96,960,NONE,IDLE,0,0,0,0,0,0,0,,0
97,970,NONE,IDLE,0,0,0,0,0,0,0,,0
98,980,NONE,IDLE,0,0,0,0,0,0,0,,0
99,990,NONE,IDLE,0,0,0,0,0,0,0,,0
100,1000,NONE,IDLE,0,0,0,0,0,0,0,,0
101,1010,NONE,IDLE,0,0,0,0,0,0,0,,0
102,1020,NONE,IDLE,0,0,0,0,0,0,0,,0
103,1030,NONE,IDLE,0,0,0,0,0,0,0,,0
104,1040,NONE,IDLE,0,0,0,0,0,0,0,,0
105,1050,NONE,IDLE,0,0,0,0,0,0,0,,0
106,1060,NONE,IDLE,0,0,0,0,0,0,0,,0
107,1070,NONE,IDLE,0,0,0,0,0,0,0,,0
108,1080,NONE,IDLE,0,0,0,0,0,0,0,,0
109,1090,NONE,IDLE,0,0,0,0,0,0,0,,0
110,1100,NONE,IDLE,0,0,0,0,0,0,0,,0
111,1110,NONE,IDLE,0,0,0,0,0,0,0,,0
112,1120,NONE,IDLE,0,0,0,0,0,0,0,,0
113,1130,NONE,IDLE,0,0,0,0,0,0,0,,0
114,1140,NONE,IDLE,0,0,0,0,0,0,0,,0
115,1150,NONE,IDLE,0,0,0,0,0,0,0,,0
116,1160,NONE,IDLE,0,0,0,0,0,0,0,,0
117,1170,NONE,IDLE,0,0,0,0,0,0,0,,0
118,1180,NONE,IDLE,0,0,0,0,0,0,0,,0
119,1190,NONE,IDLE,0,0,0,0,0,0,0,,0
120,1200,NONE,IDLE,0,0,0,0,0,0,0,,0
121,1210,NONE,IDLE,0,0,0,0,0,0,0,,0
122,1220,NONE,IDLE,0,0,0,0,0,0,0,,0
123,1230,NONE,IDLE,0,0,0,0,0,0,0,,0
124,1240,NONE,IDLE,0,0,0,0,0,0,0,,0
125,1250,NONE,IDLE,0,0,0,0,0,0,0,,0
126,1260,NONE,IDLE,0,0,0,0,0,0,0,,0
127,1270,NONE,IDLE,0,0,0,0,0,0,0,,0
128,1280,NONE,IDLE,0,0,0,0,0,0,0,,0
129,1290,NONE,IDLE,0,0,0,0,0,0,0,,0
130,1300,NONE,IDLE,0,0,0,0,0,0,0,,0
131,1310,NONE,IDLE,0,0,0,0,0,0,0,,0
132,1320,NONE,IDLE,0,0,0,0,0,0,0,,0
133,1330,NONE,IDLE,0,0,0,0,0,0,0,,0
134,1340,NONE,IDLE,0,0,0,0,0,0,0,,0
135,1350,NONE,IDLE,0,0,0,0,0,0,0,,0
136,1360,NONE,IDLE,0,0,0,0,0,0,0,,0
137,1370,NONE,IDLE,0,0,0,0,0,0,0,,0
138,1380,NONE,IDLE,0,0,0,0,0,0,0,,0
139,1390,NONE,IDLE,0,0,0,0,0,0,0,,0
140,1400,NONE,IDLE,0,0,0,0,0,0,0,,0
141,1410,NONE,IDLE,0,0,0,0,0,0,0,,0
142,1420,NONE,IDLE,0,0,0,0,0,0,0,,0
143,1430,NONE,IDLE,0,0,0,0,0,0,0,,0
144,1440,NONE,IDLE,0,0,0,0,0,0,0,,0
145,1450,NONE,IDLE,0,0,0,0,0,0,0,,0
146,1460,NONE,IDLE,0,0,0,0,0,0,0,,0
147,1470,NONE,IDLE,0,0,0,0,0,0,0,,0
148,1480,NONE,IDLE,0,0,0,0,0,0,0,,0
149,1490,NONE,IDLE,0,0,0,0,0,0,0,,0
150,1500,NONE,IDLE,0,0,0,0,0,0,0,,0
151,1510,NONE,IDLE,0,0,0,0,0,0,0,,0
152,1520,NONE,IDLE,0,0,0,0,0,0,0,,0
153,1530,NONE,IDLE,0,0,0,0,0,0,0,,0
154,1540,NONE,IDLE,0,0,0,0,0,0,0,,0
155,1550,NONE,IDLE,0,0,0,0,0,0,0,,0
156,1560,NONE,IDLE,0,0,0,0,0,0,0,,0
157,1570,NONE,IDLE,0,0,0,0,0,0,0,,0
158,1580,NONE,IDLE,0,0,0,0,0,0,0,,0
159,1590,NONE,IDLE,0,0,0,0,0,0,0,,0
160,1600,NONE,IDLE,0,0,0,0,0,0,0,,0
161,1610,NONE,IDLE,0,0,0,0,0,0,0,,0
162,1620,NONE,IDLE,0,0,0,0,0,0,0,,0
163,1630,NONE,IDLE,0,0,0,0,0,0,0,,0
164,1640,NONE,IDLE,0,0,0,0,0,0,0,,0
165,1650,NONE,IDLE,0,0,0,0,0,0,0,,0
166,1660,NONE,IDLE,0,0,0,0,0,0,0,,0
167,1670,NONE,IDLE,0,0,0,0,0,0,0,,0
168,1680,NONE,IDLE,0,0,0,0,0,0,0,,0
169,1690,NONE,IDLE,0,0,0,0,0,0,0,,0
170,1700,NONE,IDLE,0,0,0,0,0,0,0,,0
171,1710,NONE,IDLE,0,0,0,0,0,0,0,,0
172,1720,NONE,IDLE,0,0,0,0,0,0,0,,0
173,1730,NONE,IDLE,0,0,0,0,0,0,0,,0
174,1740,NONE,IDLE,0,0,0,0,0,0,0,,0
175,1750,NONE,IDLE,0,0,0,0,0,0,0,,0
176,1760,NONE,IDLE,0,0,0,0,0,0,0,,0
177,1770,NONE,IDLE,0,0,0,0,0,0,0,,0
178,1780,NONE,IDLE,0,0,0,0,0,0,0,,0
179,1790,NONE,IDLE,0,0,0,0,0,0,0,,0
180,1800,NONE,IDLE,0,0,0,0,0,0,0,,0
181,1810,NONE,IDLE,0,0,0,0,0,0,0,,0
182,1820,NONE,IDLE,0,0,0,0,0,0,0,,0
183,1830,NONE,IDLE,0,0,0,0,0,0,0,,0
184,1840,NONE,IDLE,0,0,0,0,0,0,0,,0
185,1850,NONE,IDLE,0,0,0,0,0,0,0,,0
186,1860,NONE,IDLE,0,0,0,0,0,0,0,,0
187,1870,NONE,IDLE,0,0,0,0,0,0,0,,0
188,1880,NONE,IDLE,0,0,0,0,0,0,0,,0
189,1890,NONE,IDLE,0,0,0,0,0,0,0,,0
190,1900,NONE,IDLE,0,0,0,0,0,0,0,,0
191,1910,NONE,IDLE,0,0,0,0,0,0,0,,0
192,1920,NONE,IDLE,0,0,0,0,0,0,0,,0
193,1930,NONE,IDLE,0,0,0,0,0,0,0,,0
194,1940,NONE,IDLE,0,0,0,0,0,0,0,,0
195,1950,NONE,IDLE,0,0,0,0,0,0,0,,0
196,1960,NONE,IDLE,0,0,0,0,0,0,0,,0
197,1970,NONE,IDLE,0,0,0,0,0,0,0,,0
198,1980,NONE,IDLE,0,0,0,0,0,0,0,,0
199,1990,NONE,IDLE,0,0,0,0,0,0,0,,0
200,2000,NONE,IDLE,0,0,0,0,0,0,0,,0
201,2010,NONE,IDLE,0,0,0,0,0,0,0,,0
202,2020,NONE,IDLE,0,0,0,0,0,0,0,,0
203,2030,NONE,IDLE,0,0,0,0,0,0,0,,0
204,2040,NONE,IDLE,0,0,0,0,0,0,0,,0
205,2050,NONE,IDLE,0,0,0,0,0,0,0,,0
206,2060,NONE,IDLE,0,0,0,0,0,0,0,,0
207,2070,NONE,IDLE,0,0,0,0,0,0,0,,0
208,2080,NONE,IDLE,0,0,0,0,0,0,0,,0
209,2090,NONE,IDLE,0,0,0,0,0,0,0,,0
210,2100,NONE,IDLE,0,0,0,0,0,0,0,,0
211,2110,NONE,IDLE,0,0,0,0,0,0,0,,0
212,2120,NONE,IDLE,0,0,0,0,0,0,0,,0
213,2130,NONE,IDLE,0,0,0,0,0,0,0,,0
214,2140,NONE,IDLE,0,0,0,0,0,0,0,,0
215,2150,NONE,IDLE,0,0,0,0,0,0,0,,0
216,2160,NONE,IDLE,0,0,0,0,0,0,0,,0
217,2170,NONE,IDLE,0,0,0,0,0,0,0,,0
218,2180,NONE,IDLE,0,0,0,0,0,0,0,,0
219,2190,NONE,IDLE,0,0,0,0,0,0,0,,0
220,2200,NONE,IDLE,0,0,0,0,0,0,0,,0
221,2210,NONE,IDLE,0,0,0,0,0,0,0,,0
222,2220,NONE,IDLE,0,0,0,0,0,0,0,,0
223,2230,NONE,IDLE,0,0,0,0,0,0,0,,0
224,2240,NONE,IDLE,0,0,0,0,0,0,0,,0
225,2250,NONE,IDLE,0,0,0,0,0,0,0,,0
226,2260,NONE,IDLE,0,0,0,0,0,0,0,,0
227,2270,NONE,IDLE,0,0,0,0,0,0,0,,0
228,2280,NONE,IDLE,0,0,0,0,0,0,0,,0
229,2290,NONE,IDLE,0,0,0,0,0,0,0,,0
230,2300,NONE,IDLE,0,0,0,0,0,0,0,,0
231,2310,NONE,IDLE,0,0,0,0,0,0,0,,0
232,2320,NONE,IDLE,0,0,0,0,0,0,0,,0
233,2330,NONE,IDLE,0,0,0,0,0,0,0,,0
234,2340,NONE,IDLE,0,0,0,0,0,0,0,,0
235,2350,NONE,IDLE,0,0,0,0,0,0,0,,0
236,2360,NONE,IDLE,0,0,0,0,0,0,0,,0
237,2370,NONE,IDLE,0,0,0,0,0,0,0,,0
238,2380,NONE,IDLE,0,0,0,0,0,0,0,,0
239,2390,NONE,IDLE,0,0,0,0,0,0,0,,0
240,2400,NONE,IDLE,0,0,0,0,0,0,0,,0
241,2410,NONE,IDLE,0,0,0,0,0,0,0,,0
242,2420,NONE,IDLE,0,0,0,0,0,0,0,,0
243,2430,NONE,IDLE,0,0,0,0,0,0,0,,0
244,2440,NONE,IDLE,0,0,0,0,0,0,0,,0
245,2450,NONE,IDLE,0,0,0,0,0,0,0,,0
246,2460,NONE,IDLE,0,0,0,0,0,0,0,,0
247,2470,NONE,IDLE,0,0,0,0,0,0,0,,0
248,2480,NONE,IDLE,0,0,0,0,0,0,0,,0
249,2490,NONE,IDLE,0,0,0,0,0,0,0,,0
250,2500,NONE,IDLE,0,0,0,0,0,0,0,,0
251,2510,NONE,IDLE,0,0,0,0,0,0,0,,0
252,2520,NONE,IDLE,0,0,0,0,0,0,0,,0
253,2530,NONE,IDLE,0,0,0,0,0,0,0,,0
254,2540,NONE,IDLE,0,0,0,0,0,0,0,,0
255,2550,NONE,IDLE,0,0,0,0,0,0,0,,0
256,2560,NONE,IDLE,0,0,0,0,0,0,0,,0
257,2570,NONE,IDLE,0,0,0,0,0,0,0,,0
258,2580,NONE,IDLE,0,0,0,0,0,0,0,,0
259,2590,NONE,IDLE,0,0,0,0,0,0,0,,0
260,2600,NONE,IDLE,0,0,0,0,0,0,0,,0
261,2610,NONE,IDLE,0,0,0,0,0,0,0,,0
262,2620,NONE,IDLE,0,0,0,0,0,0,0,,0
263,2630,NONE,IDLE,0,0,0,0,0,0,0,,0
264,2640,NONE,IDLE,0,0,0,0,0,0,0,,0
265,2650,NONE,IDLE,0,0,0,0,0,0,0,,0
266,2660,NONE,IDLE,0,0,0,0,0,0,0,,0
267,2670,NONE,IDLE,0,0,0,0,0,0,0,,0
268,2680,NONE,IDLE,0,0,0,0,0,0,0,,0
269,2690,NONE,IDLE,0,0,0,0,0,0,0,,0
270,2700,NONE,IDLE,0,0,0,0,0,0,0,,0
271,2710,NONE,IDLE,0,0,0,0,0,0,0,,0
272,2720,NONE,IDLE,0,0,0,0,0,0,0,,0
273,2730,NONE,IDLE,0,0,0,0,0,0,0,,0
274,2740,NONE,IDLE,0,0,0,0,0,0,0,,0
275,2750,NONE,IDLE,0,0,0,0,0,0,0,,0
276,2760,NONE,IDLE,0,0,0,0,0,0,0,,0
277,2770,NONE,IDLE,0,0,0,0,0,0,0,,0
278,2780,NONE,IDLE,0,0,0,0,0,0,0,,0
279,2790,NONE,IDLE,0,0,0,0,0,0,0,,0
280,2800,NONE,IDLE,0,0,0,0,0,0,0,,0
281,2810,NONE,IDLE,0,0,0,0,0,0,0,,0
282,2820,NONE,IDLE,0,0,0,0,0,0,0,,0
283,2830,NONE,IDLE,0,0,0,0,0,0,0,,0
284,2840,NONE,IDLE,0,0,0,0,0,0,0,,0
285,2850,NONE,IDLE,0,0,0,0,0,0,0,,0
286,2860,NONE,IDLE,0,0,0,0,0,0,0,,0
287,2870,NONE,IDLE,0,0,0,0,0,0,0,,0
288,2880,NONE,IDLE,0,0,0,0,0,0,0,,0
289,2890,NONE,IDLE,0,0,0,0,0,0,0,,0
290,2900,NONE,IDLE,0,0,0,0,0,0,0,,0
291,2910,NONE,IDLE,0,0,0,0,0,0,0,,0
292,2920,NONE,IDLE,0,0,0,0,0,0,0,,0
293,2930,NONE,IDLE,0,0,0,0,0,0,0,,0
294,2940,NONE,IDLE,0,0,0,0,0,0,0,,0
295,2950,NONE,IDLE,0,0,0,0,0,0,0,,0
296,2960,NONE,IDLE,0,0,0,0,0,0,0,,0
297,2970,NONE,IDLE,0,0,0,0,0,0,0,,0
298,2980,NONE,IDLE,0,0,0,0,0,0,0,,0
299,2990,NONE,IDLE,0,0,0,0,0,0,0,,0
300,3000,NONE,IDLE,0,0,0,0,0,0,0,,0
301,3010,NONE,IDLE,0,0,0,0,0,0,0,,0
302,3020,NONE,IDLE,0,0,0,0,0,0,0,,0
303,3030,NONE,IDLE,0,0,0,0,0,0,0,,0
304,3040,NONE,IDLE,0,0,0,0,0,0,0,,0
305,3050,NONE,IDLE,0,0,0,0,0,0,0,,0
306,3060,NONE,IDLE,0,0,0,0,0,0,0,,0
307,3070,NONE,IDLE,0,0,0,0,0,0,0,,0
308,3080,NONE,IDLE,0,0,0,0,0,0,0,,0
309,3090,NONE,IDLE,0,0,0,0,0,0,0,,0
310,3100,NONE,IDLE,0,0,0,0,0,0,0,,0
311,3110,NONE,IDLE,0,0,0,0,0,0,0,,0
312,3120,NONE,IDLE,0,0,0,0,0,0,0,,0
313,3130,NONE,IDLE,0,0,0,0,0,0,0,,0
314,3140,NONE,IDLE,0,0,0,0,0,0,0,,0
315,3150,NONE,IDLE,0,0,0,0,0,0,0,,0
316,3160,NONE,IDLE,0,0,0,0,0,0,0,,0
317,3170,NONE,IDLE,0,0,0,0,0,0,0,,0
318,3180,NONE,IDLE,0,0,0,0,0,0,0,,0
319,3190,NONE,IDLE,0,0,0,0,0,0,0,,0
320,3200,NONE,IDLE,0,0,0,0,0,0,0,,0
321,3210,NONE,IDLE,0,0,0,0,0,0,0,,0
322,3220,NONE,IDLE,0,0,0,0,0,0,0,,0
323,3230,NONE,IDLE,0,0,0,0,0,0,0,,0
324,3240,NONE,IDLE,0,0,0,0,0,0,0,,0
325,3250,NONE,IDLE,0,0,0,0,0,0,0,,0
326,3260,NONE,IDLE,0,0,0,0,0,0,0,,0
327,3270,NONE,IDLE,0,0,0,0,0,0,0,,0
328,3280,NONE,IDLE,0,0,0,0,0,0,0,,0
329,3290,NONE,IDLE,0,0,0,0,0,0,0,,0
330,3300,NONE,IDLE,0,0,0,0,0,0,0,,0
331,3310,NONE,IDLE,0,0,0,0,0,0,0,,0
332,3320,NONE,IDLE,0,0,0,0,0,0,0,,0
333,3330,NONE,IDLE,0,0,0,0,0,0,0,,0
334,3340,NONE,IDLE,0,0,0,0,0,0,0,,0
335,3350,NONE,IDLE,0,0,0,0,0,0,0,,0
336,3360,NONE,IDLE,0,0,0,0,0,0,0,,0
337,3370,NONE,IDLE,0,0,0,0,0,0,0,,0
338,3380,NONE,IDLE,0,0,0,0,0,0,0,,0
339,3390,NONE,IDLE,0,0,0,0,0,0,0,,0
340,3400,NONE,IDLE,0,0,0,0,0,0,0,,0
341,3410,NONE,IDLE,0,0,0,0,0,0,0,,0
342,3420,NONE,IDLE,0,0,0,0,0,0,0,,0
343,3430,NONE,IDLE,0,0,0,0,0,0,0,,0
344,3440,NONE,IDLE,0,0,0,0,0,0,0,,0
345,3450,NONE,IDLE,0,0,0,0,0,0,0,,0
346,3460,NONE,IDLE,0,0,0,0,0,0,0,,0
347,3470,NONE,IDLE,0,0,0,0,0,0,0,,0
348,3480,NONE,IDLE,0,0,0,0,0,0,0,,0
349,3490,NONE,IDLE,0,0,0,0,0,0,0,,0
350,3500,NONE,IDLE,0,0,0,0,0,0,0,,0
351,3510,NONE,IDLE,0,0,0,0,0,0,0,,0
352,3520,NONE,IDLE,0,0,0,0,0,0,0,,0
353,3530,NONE,IDLE,0,0,0,0,0,0,0,,0
354,3540,NONE,IDLE,0,0,0,0,0,0,0,,0
355,3550,NONE,IDLE,0,0,0,0,0,0,0,,0
356,3560,NONE,IDLE,0,0,0,0,0,0,0,,0
357,3570,NONE,IDLE,0,0,0,0,0,0,0,,0
358,3580,NONE,IDLE,0,0,0,0,0,0,0,,0
359,3590,NONE,IDLE,0,0,0,0,0,0,0,,0
360,3600,NONE,IDLE,0,0,0,0,0,0,0,,0
361,3610,NONE,IDLE,0,0,0,0,0,0,0,,0
362,3620,NONE,IDLE,0,0,0,0,0,0,0,,0
363,3630,NONE,IDLE,0,0,0,0,0,0,0,,0
364,3640,NONE,IDLE,0,0,0,0,0,0,0,,0
365,3650,NONE,IDLE,0,0,0,0,0,0,0,,0
366,3660,NONE,IDLE,0,0,0,0,0,0,0,,0
367,3670,NONE,IDLE,0,0,0,0,0,0,0,,0
368,3680,NONE,IDLE,0,0,0,0,0,0,0,,0
369,3690,NONE,IDLE,0,0,0,0,0,0,0,,0
370,3700,NONE,IDLE,0,0,0,0,0,0,0,,0
371,3710,NONE,IDLE,0,0,0,0,0,0,0,,0
372,3720,NONE,IDLE,0,0,0,0,0,0,0,,0
373,3730,NONE,IDLE,0,0,0,0,0,0,0,,0
374,3740,NONE,IDLE,0,0,0,0,0,0,0,,0
375,3750,NONE,IDLE,0,0,0,0,0,0,0,,0
376,3760,NONE,IDLE,0,0,0,0,0,0,0,,0
377,3770,NONE,IDLE,0,0,0,0,0,0,0,,0
378,3780,NONE,IDLE,0,0,0,0,0,0,0,,0
379,3790,NONE,IDLE,0,0,0,0,0,0,0,,0
380,3800,NONE,IDLE,0,0,0,0,0,0,0,,0
381,3810,NONE,IDLE,0,0,0,0,0,0,0,,0
382,3820,NONE,IDLE,0,0,0,0,0,0,0,,0
383,3830,NONE,IDLE,0,0,0,0,0,0,0,,0
384,3840,NONE,IDLE,0,0,0,0,0,0,0,,0
385,3850,NONE,IDLE,0,0,0,0,0,0,0,,0
386,3860,NONE,IDLE,0,0,0,0,0,0,0,,0
387,3870,NONE,IDLE,0,0,0,0,0,0,0,,0
388,3880,NONE,IDLE,0,0,0,0,0,0,0,,0
389,3890,NONE,IDLE,0,0,0,0,0,0,0,,0
390,3900,NONE,IDLE,0,0,0,0,0,0,0,,0
391,3910,NONE,IDLE,0,0,0,0,0,0,0,,0
392,3920,NONE,IDLE,0,0,0,0,0,0,0,,0
393,3930,NONE,IDLE,0,0,0,0,0,0,0,,0
394,3940,NONE,IDLE,0,0,0,0,0,0,0,,0
395,3950,NONE,IDLE,0,0,0,0,0,0,0,,0
396,3960,NONE,IDLE,0,0,0,0,0,0,0,,0
397,3970,NONE,IDLE,0,0,0,0,0,0,0,,0
398,3980,NONE,IDLE,0,0,0,0,0,0,0,,0
399,3990,NONE,IDLE,0,0,0,0,0,0,0,,0
400,4000,NONE,IDLE,0,0,0,0,0,0,0,,0
401,4010,NONE,IDLE,0,0,0,0,0,0,0,,0
402,4020,NONE,IDLE,0,0,0,0,0,0,0,,0
403,4030,NONE,IDLE,0,0,0,0,0,0,0,,0
404,4040,NONE,IDLE,0,0,0,0,0,0,0,,0
405,4050,NONE,IDLE,0,0,0,0,0,0,0,,0
406,4060,NONE,IDLE,0,0,0,0,0,0,0,,0
407,4070,NONE,IDLE,0,0,0,0,0,0,0,,0
408,4080,NONE,IDLE,0,0,0,0,0,0,0,,0
409,4090,NONE,IDLE,0,0,0,0,0,0,0,,0
410,4100,NONE,IDLE,0,0,0,0,0,0,0,,0
411,4110,NONE,IDLE,0,0,0,0,0,0,0,,0
412,4120,NONE,IDLE,0,0,0,0,0,0,0,,0
413,4130,NONE,IDLE,0,0,0,0,0,0,0,,0
414,4140,NONE,IDLE,0,0,0,0,0,0,0,,0
415,4150,NONE,IDLE,0,0,0,0,0,0,0,,0
416,4160,NONE,IDLE,0,0,0,0,0,0,0,,0
417,4170,NONE,IDLE,0,0,0,0,0,0,0,,0
418,4180,NONE,IDLE,0,0,0,0,0,0,0,,0
419,4190,NONE,IDLE,0,0,0,0,0,0,0,,0
420,4200,NONE,IDLE,0,0,0,0,0,0,0,,0
421,4210,NONE,IDLE,0,0,0,0,0,0,0,,0
422,4220,NONE,IDLE,0,0,0,0,0,0,0,,0
423,4230,NONE,IDLE,0,0,0,0,0,0,0,,0
424,4240,NONE,IDLE,0,0,0,0,0,0,0,,0
425,4250,NONE,IDLE,0,0,0,0,0,0,0,,0
426,4260,NONE,IDLE,0,0,0,0,0,0,0,,0
427,4270,NONE,IDLE,0,0,0,0,0,0,0,,0
428,4280,NONE,IDLE,0,0,0,0,0,0,0,,0
429,4290,NONE,IDLE,0,0,0,0,0,0,0,,0
430,4300,NONE,IDLE,0,0,0,0,0,0,0,,0
431,4310,NONE,IDLE,0,0,0,0,0,0,0,,0
432,4320,NONE,IDLE,0,0,0,0,0,0,0,,0
433,4330,NONE,IDLE,0,0,0,0,0,0,0,,0
434,4340,NONE,IDLE,0,0,0,0,0,0,0,,0
435,4350,NONE,IDLE,0,0,0,0,0,0,0,,0
436,4360,NONE,IDLE,0,0,0,0,0,0,0,,0
437,4370,NONE,IDLE,0,0,0,0,0,0,0,,0
438,4380,NONE,IDLE,0,0,0,0,0,0,0,,0
439,4390,NONE,IDLE,0,0,0,0,0,0,0,,0
440,4400,NONE,IDLE,0,0,0,0,0,0,0,,0
441,4410,NONE,IDLE,0,0,0,0,0,0,0,,0
442,4420,NONE,IDLE,0,0,0,0,0,0,0,,0
443,4430,NONE,IDLE,0,0,0,0,0,0,0,,0
444,4440,NONE,IDLE,0,0,0,0,0,0,0,,0
445,4450,NONE,IDLE,0,0,0,0,0,0,0,,0
446,4460,NONE,IDLE,0,0,0,0,0,0,0,,0
447,4470,NONE,IDLE,0,0,0,0,0,0,0,,0
448,4480,NONE,IDLE,0,0,0,0,0,0,0,,0
449,4490,NONE,IDLE,0,0,0,0,0,0,0,,0
450,4500,NONE,IDLE,0,0,0,0,0,0,0,,0
451,4510,NONE,IDLE,0,0,0,0,0,0,0,,0
452,4520,NONE,IDLE,0,0,0,0,0,0,0,,0
453,4530,NONE,IDLE,0,0,0,0,0,0,0,,0
454,4540,NONE,IDLE,0,0,0,0,0,0,0,,0
455,4550,NONE,IDLE,0,0,0,0,0,0,0,,0
456,4560,NONE,IDLE,0,0,0,0,0,0,0,,0
457,4570,NONE,IDLE,0,0,0,0,0,0,0,,0
458,4580,NONE,IDLE,0,0,0,0,0,0,0,,0
459,4590,NONE,IDLE,0,0,0,0,0,0,0,,0
460,4600,NONE,IDLE,0,0,0,0,0,0,0,,0
461,4610,NONE,IDLE,0,0,0,0,0,0,0,,0
462,4620,NONE,IDLE,0,0,0,0,0,0,0,,0
463,4630,NONE,IDLE,0,0,0,0,0,0,0,,0
464,4640,NONE,IDLE,0,0,0,0,0,0,0,,0
465,4650,NONE,IDLE,0,0,0,0,0,0,0,,0
466,4660,NONE,IDLE,0,0,0,0,0,0,0,,0
467,4670,NONE,IDLE,0,0,0,0,0,0,0,,0
468,4680,NONE,IDLE,0,0,0,0,0,0,0,,0
469,4690,NONE,IDLE,0,0,0,0,0,0,0,,0
470,4700,NONE,IDLE,0,0,0,0,0,0,0,,0
471,4710,NONE,IDLE,0,0,0,0,0,0,0,,0
472,4720,NONE,IDLE,0,0,0,0,0,0,0,,0
473,4730,NONE,IDLE,0,0,0,0,0,0,0,,0
474,4740,NONE,IDLE,0,0,0,0,0,0,0,,0
475,4750,NONE,IDLE,0,0,0,0,0,0,0,,0
476,4760,NONE,IDLE,0,0,0,0,0,0,0,,0
477,4770,NONE,IDLE,0,0,0,0,0,0,0,,0
478,4780,NONE,IDLE,0,0,0,0,0,0,0,,0
479,4790,NONE,IDLE,0,0,0,0,0,0,0,,0
480,4800,NONE,IDLE,0,0,0,0,0,0,0,,0
481,4810,NONE,IDLE,0,0,0,0,0,0,0,,0
482,4820,NONE,IDLE,0,0,0,0,0,0,0,,0
483,4830,NONE,IDLE,0,0,0,0,0,0,0,,0
484,4840,NONE,IDLE,0,0,0,0,0,0,0,,0
485,4850,NONE,IDLE,0,0,0,0,0,0,0,,0
486,4860,NONE,IDLE,0,0,0,0,0,0,0,,0
487,4870,NONE,IDLE,0,0,0,0,0,0,0,,0
488,4880,NONE,IDLE,0,0,0,0,0,0,0,,0
489,4890,NONE,IDLE,0,0,0,0,0,0,0,,0
490,4900,NONE,IDLE,0,0,0,0,0,0,0,,0
491,4910,NONE,IDLE,0,0,0,0,0,0,0,,0
492,4920,NONE,IDLE,0,0,0,0,0,0,0,,0
493,4930,NONE,IDLE,0,0,0,0,0,0,0,,0
494,4940,NONE,IDLE,0,0,0,0,0,0,0,,0
495,4950,NONE,IDLE,0,0,0,0,0,0,0,,0
496,4960,NONE,IDLE,0,0,0,0,0,0,0,,0
497,4970,NONE,IDLE,0,0,0,0,0,0,0,,0
498,4980,NONE,IDLE,0,0,0,0,0,0,0,,0
499,4990,NONE,IDLE,0,0,0,0,0,0,0,,0
500,5000,NONE,IDLE,0,0,0,0,0,0,0,,0
501,5010,NONE,IDLE,0,0,0,0,0,0,0,,0
502,5020,NONE,IDLE,0,0,0,0,0,0,0,,0
503,5030,NONE,IDLE,0,0,0,0,0,0,0,,0
504,5040,NONE,IDLE,0,0,0,0,0,0,0,,0
505,5050,NONE,IDLE,0,0,0,0,0,0,0,,0
506,5060,NONE,IDLE,0,0,0,0,0,0,0,,0
507,5070,NONE,IDLE,0,0,0,0,0,0,0,,0
508,5080,NONE,IDLE,0,0,0,0,0,0,0,,0
509,5090,NONE,IDLE,0,0,0,0,0,0,0,,0
510,5100,NONE,IDLE,0,0,0,0,0,0,0,,0
511,5110,NONE,IDLE,0,0,0,0,0,0,0,,0
512,5120,NONE,IDLE,0,0,0,0,0,0,0,,0
513,5130,NONE,IDLE,0,0,0,0,0,0,0,,0
514,5140,NONE,IDLE,0,0,0,0,0,0,0,,0
515,5150,NONE,IDLE,0,0,0,0,0,0,0,,0
516,5160,NONE,IDLE,0,0,0,0,0,0,0,,0
517,5170,NONE,IDLE,0,0,0,0,0,0,0,,0
518,5180,NONE,IDLE,0,0,0,0,0,0,0,,0
519,5190,NONE,IDLE,0,0,0,0,0,0,0,,0
520,5200,NONE,IDLE,0,0,0,0,0,0,0,,0
521,5210,NONE,IDLE,0,0,0,0,0,0,0,,0
522,5220,NONE,IDLE,0,0,0,0,0,0,0,,0
523,5230,NONE,IDLE,0,0,0,0,0,0,0,,0
524,5240,NONE,IDLE,0,0,0,0,0,0,0,,0
525,5250,NONE,IDLE,0,0,0,0,0,0,0,,0
526,5260,NONE,IDLE,0,0,0,0,0,0,0,,0
527,5270,NONE,IDLE,0,0,0,0,0,0,0,,0
528,5280,NONE,IDLE,0,0,0,0,0,0,0,,0
529,5290,NONE,IDLE,0,0,0,0,0,0,0,,0
530,5300,NONE,IDLE,0,0,0,0,0,0,0,,0
531,5310,NONE,IDLE,0,0,0,0,0,0,0,,0
532,5320,NONE,IDLE,0,0,0,0,0,0,0,,0
533,5330,NONE,IDLE,0,0,0,0,0,0,0,,0
534,5340,NONE,IDLE,0,0,0,0,0,0,0,,0
535,5350,NONE,IDLE,0,0,0,0,0,0,0,,0
536,5360,NONE,IDLE,0,0,0,0,0,0,0,,0
537,5370,NONE,IDLE,0,0,0,0,0,0,0,,0
538,5380,NONE,IDLE,0,0,0,0,0,0,0,,0
539,5390,NONE,IDLE,0,0,0,0,0,0,0,,0
540,5400,NONE,IDLE,0,0,0,0,0,0,0,,0
541,5410,NONE,IDLE,0,0,0,0,0,0,0,,0
542,5420,NONE,IDLE,0,0,0,0,0,0,0,,0
543,5430,NONE,IDLE,0,0,0,0,0,0,0,,0
544,5440,NONE,IDLE,0,0,0,0,0,0,0,,0
545,5450,NONE,IDLE,0,0,0,0,0,0,0,,0
546,5460,NONE,IDLE,0,0,0,0,0,0,0,,0
547,5470,NONE,IDLE,0,0,0,0,0,0,0,,0
548,5480,NONE,IDLE,0,0,0,0,0,0,0,,0
549,5490,NONE,IDLE,0,0,0,0,0,0,0,,0
550,5500,NONE,IDLE,0,0,0,0,0,0,0,,0
551,5510,NONE,IDLE,0,0,0,0,0,0,0,,0
552,5520,NONE,IDLE,0,0,0,0,0,0,0,,0
553,5530,NONE,IDLE,0,0,0,0,0,0,0,,0
554,5540,NONE,IDLE,0,0,0,0,0,0,0,,0
555,5550,NONE,IDLE,0,0,0,0,0,0,0,,0
556,5560,NONE,IDLE,0,0,0,0,0,0,0,,0
557,5570,NONE,IDLE,0,0,0,0,0,0,0,,0
558,5580,NONE,IDLE,0,0,0,0,0,0,0,,0
559,5590,NONE,IDLE,0,0,0,0,0,0,0,,0
560,5600,NONE,IDLE,0,0,0,0,0,0,0,,0
561,5610,NONE,IDLE,0,0,0,0,0,0,0,,0
562,5620,NONE,IDLE,0,0,0,0,0,0,0,,0
563,5630,NONE,IDLE,0,0,0,0,0,0,0,,0
564,5640,NONE,IDLE,0,0,0,0,0,0,0,,0
565,5650,NONE,IDLE,0,0,0,0,0,0,0,,0
566,5660,NONE,IDLE,0,0,0,0,0,0,0,,0
567,5670,NONE,IDLE,0,0,0,0,0,0,0,,0
568,5680,NONE,IDLE,0,0,0,0,0,0,0,,0
569,5690,NONE,IDLE,0,0,0,0,0,0,0,,0
570,5700,NONE,IDLE,0,0,0,0,0,0,0,,0
571,5710,NONE,IDLE,0,0,0,0,0,0,0,,0
572,5720,NONE,IDLE,0,0,0,0,0,0,0,,0
573,5730,NONE,IDLE,0,0,0,0,0,0,0,,0
574,5740,NONE,IDLE,0,0,0,0,0,0,0,,0
575,5750,NONE,IDLE,0,0,0,0,0,0,0,,0
576,5760,NONE,IDLE,0,0,0,0,0,0,0,,0
577,5770,NONE,IDLE,0,0,0,0,0,0,0,,0
578,5780,NONE,IDLE,0,0,0,0,0,0,0,,0
579,5790,NONE,IDLE,0,0,0,0,0,0,0,,0
580,5800,NONE,IDLE,0,0,0,0,0,0,0,,0
581,5810,NONE,IDLE,0,0,0,0,0,0,0,,0
582,5820,NONE,IDLE,0,0,0,0,0,0,0,,0
583,5830,NONE,IDLE,0,0,0,0,0,0,0,,0
584,5840,NONE,IDLE,0,0,0,0,0,0,0,,0
585,5850,NONE,IDLE,0,0,0,0,0,0,0,,0
586,5860,NONE,IDLE,0,0,0,0,0,0,0,,0
587,5870,NONE,IDLE,0,0,0,0,0,0,0,,0
588,5880,NONE,IDLE,0,0,0,0,0,0,0,,0
589,5890,NONE,IDLE,0,0,0,0,0,0,0,,0
590,5900,NONE,IDLE,0,0,0,0,0,0,0,,0
591,5910,NONE,IDLE,0,0,0,0,0,0,0,,0
592,5920,NONE,IDLE,0,0,0,0,0,0,0,,0
593,5930,NONE,IDLE,0,0,0,0,0,0,0,,0
594,5940,NONE,IDLE,0,0,0,0,0,0,0,,0
595,5950,NONE,IDLE,0,0,0,0,0,0,0,,0
596,5960,NONE,IDLE,0,0,0,0,0,0,0,,0
597,5970,NONE,IDLE,0,0,0,0,0,0,0,,0
598,5980,NONE,IDLE,0,0,0,0,0,0,0,,0
599,5990,NONE,IDLE,0,0,0,0,0,0,0,,0
600,6000,NONE,IDLE,0,0,0,0,0,0,0,,0
601,6010,NONE,IDLE,0,0,0,0,0,0,0,,0
602,6020,NONE,IDLE,0,0,0,0,0,0,0,,0
603,6030,NONE,IDLE,0,0,0,0,0,0,0,,0
604,6040,NONE,IDLE,0,0,0,0,0,0,0,,0
605,6050,NONE,IDLE,0,0,0,0,0,0,0,,0
606,6060,NONE,IDLE,0,0,0,0,0,0,0,,0
607,6070,NONE,IDLE,0,0,0,0,0,0,0,,0
608,6080,NONE,IDLE,0,0,0,0,0,0,0,,0
609,6090,NONE,IDLE,0,0,0,0,0,0,0,,0
610,6100,NONE,IDLE,0,0,0,0,0,0,0,,0
611,6110,NONE,IDLE,0,0,0,0,0,0,0,,0
612,6120,NONE,IDLE,0,0,0,0,0,0,0,,0
613,6130,NONE,IDLE,0,0,0,0,0,0,0,,0
614,6140,NONE,IDLE,0,0,0,0,0,0,0,,0
615,6150,NONE,IDLE,0,0,0,0,0,0,0,,0
616,6160,EVENT,EVENT_EDF,1,1,0,2,0,0,20,,0
617,6170,EVENT,EVENT_EDF,2,1,0,2,0,0,20,,0
618,6180,EVENT,EVENT_EDF,3,1,0,2,0,0,20,ACK_EVENT,0
619,6190,STATE,STATE_STARVATION,3,0,1,2,1,0,20,ACK_EVENT,0
620,6200,EVENT,EVENT_EDF,4,1,0,4,0,0,20,ACK_EVENT,0
621,6210,EVENT,EVENT_EDF,5,1,0,4,0,0,20,ACK_STATE,0
622,6220,EVENT,EVENT_EDF,6,1,0,4,0,0,20,ACK_EVENT,0
623,6230,EVENT,EVENT_EDF,7,1,0,4,0,0,20,ACK_EVENT,0
624,6240,EVENT,EVENT_EDF,8,1,0,4,0,0,20,ACK_EVENT,0
625,6250,EVENT,EVENT_EDF,9,1,0,3,0,0,20,ACK_EVENT,0
626,6260,EVENT,EVENT_EDF,10,1,0,2,0,0,20,ACK_EVENT,0
627,6270,EVENT,EVENT_EDF,11,1,0,1,0,0,20,ACK_EVENT,0
628,6280,NONE,IDLE,0,0,0,0,0,0,0,ACK_EVENT,0
629,6290,NONE,IDLE,0,0,0,0,0,0,0,ACK_EVENT,0
630,6300,NONE,IDLE,0,0,0,0,0,0,0,,0
631,6310,NONE,IDLE,0,0,0,0,0,0,0,,0
632,6320,NONE,IDLE,0,0,0,0,0,0,0,,0
633,6330,NONE,IDLE,0,0,0,0,0,0,0,,0
634,6340,NONE,IDLE,0,0,0,0,0,0,0,,0
635,6350,NONE,IDLE,0,0,0,0,0,0,0,,0
636,6360,NONE,IDLE,0,0,0,0,0,0,0,,0
637,6370,NONE,IDLE,0,0,0,0,0,0,0,,0
638,6380,NONE,IDLE,0,0,0,0,0,0,0,,0
639,6390,NONE,IDLE,0,0,0,0,0,0,0,,0
640,6400,NONE,IDLE,0,0,0,0,0,0,0,,0
641,6410,NONE,IDLE,0,0,0,0,0,0,0,,0
642,6420,NONE,IDLE,0,0,0,0,0,0,0,,0
643,6430,NONE,IDLE,0,0,0,0,0,0,0,,0
644,6440,NONE,IDLE,0,0,0,0,0,0,0,,0
645,6450,NONE,IDLE,0,0,0,0,0,0,0,,0
646,6460,NONE,IDLE,0,0,0,0,0,0,0,,0
647,6470,NONE,IDLE,0,0,0,0,0,0,0,,0
648,6480,NONE,IDLE,0,0,0,0,0,0,0,,0
649,6490,NONE,IDLE,0,0,0,0,0,0,0,,0
650,6500,NONE,IDLE,0,0,0,0,0,0,0,,0
651,6510,NONE,IDLE,0,0,0,0,0,0,0,,0
652,6520,NONE,IDLE,0,0,0,0,0,0,0,,0
653,6530,NONE,IDLE,0,0,0,0,0,0,0,,0
654,6540,NONE,IDLE,0,0,0,0,0,0,0,,0
655,6550,NONE,IDLE,0,0,0,0,0,0,0,,0
656,6560,NONE,IDLE,0,0,0,0,0,0,0,,0
657,6570,NONE,IDLE,0,0,0,0,0,0,0,,0
658,6580,NONE,IDLE,0,0,0,0,0,0,0,,0
659,6590,NONE,IDLE,0,0,0,0,0,0,0,,0
660,6600,NONE,IDLE,0,0,0,0,0,0,0,,0
661,6610,NONE,IDLE,0,0,0,0,0,0,0,,0
662,6620,NONE,IDLE,0,0,0,0,0,0,0,,0
663,6630,NONE,IDLE,0,0,0,0,0,0,0,,0
664,6640,NONE,IDLE,0,0,0,0,0,0,0,,0
665,6650,NONE,IDLE,0,0,0,0,0,0,0,,0
666,6660,NONE,IDLE,0,0,0,0,0,0,0,,0
667,6670,NONE,IDLE,0,0,0,0,0,0,0,,0
668,6680,NONE,IDLE,0,0,0,0,0,0,0,,0
669,6690,NONE,IDLE,0,0,0,0,0,0,0,,0
670,6700,NONE,IDLE,0,0,0,0,0,0,0,,0
671,6710,NONE,IDLE,0,0,0,0,0,0,0,,0
672,6720,NONE,IDLE,0,0,0,0,0,0,0,,0
673,6730,NONE,IDLE,0,0,0,0,0,0,0,,0
674,6740,NONE,IDLE,0,0,0,0,0,0,0,,0
675,6750,NONE,IDLE,0,0,0,0,0,0,0,,0
676,6760,NONE,IDLE,0,0,0,0,0,0,0,,0
677,6770,NONE,IDLE,0,0,0,0,0,0,0,,0
678,6780,NONE,IDLE,0,0,0,0,0,0,0,,0
679,6790,NONE,IDLE,0,0,0,0,0,0,0,,0
680,6800,NONE,IDLE,0,0,0,0,0,0,0,,0
681,6810,NONE,IDLE,0,0,0,0,0,0,0,,0
682,6820,NONE,IDLE,0,0,0,0,0,0,0,,0
683,6830,NONE,IDLE,0,0,0,0,0,0,0,,0
684,6840,NONE,IDLE,0,0,0,0,0,0,0,,0
685,6850,NONE,IDLE,0,0,0,0,0,0,0,,0
686,6860,NONE,IDLE,0,0,0,0,0,0,0,,0
687,6870,NONE,IDLE,0,0,0,0,0,0,0,,0
688,6880,NONE,IDLE,0,0,0,0,0,0,0,,0
689,6890,NONE,IDLE,0,0,0,0,0,0,0,,0
690,6900,NONE,IDLE,0,0,0,0,0,0,0,,0
691,6910,NONE,IDLE,0,0,0,0,0,0,0,,0
692,6920,NONE,IDLE,0,0,0,0,0,0,0,,0
693,6930,NONE,IDLE,0,0,0,0,0,0,0,,0
694,6940,NONE,IDLE,0,0,0,0,0,0,0,,0
695,6950,NONE,IDLE,0,0,0,0,0,0,0,,0
696,6960,NONE,IDLE,0,0,0,0,0,0,0,,0
697,6970,NONE,IDLE,0,0,0,0,0,0,0,,0
698,6980,NONE,IDLE,0,0,0,0,0,0,0,,0
699,6990,NONE,IDLE,0,0,0,0,0,0,0,,0
700,7000,NONE,IDLE,0,0,0,0,0,0,0,,0
701,7010,NONE,IDLE,0,0,0,0,0,0,0,,0
702,7020,NONE,IDLE,0,0,0,0,0,0,0,,0
703,7030,NONE,IDLE,0,0,0,0,0,0,0,,0
704,7040,NONE,IDLE,0,0,0,0,0,0,0,,0
705,7050,NONE,IDLE,0,0,0,0,0,0,0,,0
706,7060,NONE,IDLE,0,0,0,0,0,0,0,,0
707,7070,NONE,IDLE,0,0,0,0,0,0,0,,0
708,7080,NONE,IDLE,0,0,0,0,0,0,0,,0
709,7090,NONE,IDLE,0,0,0,0,0,0,0,,0
710,7100,NONE,IDLE,0,0,0,0,0,0,0,,0
711,7110,NONE,IDLE,0,0,0,0,0,0,0,,0
712,7120,NONE,IDLE,0,0,0,0,0,0,0,,0
713,7130,NONE,IDLE,0,0,0,0,0,0,0,,0
714,7140,NONE,IDLE,0,0,0,0,0,0,0,,0
715,7150,NONE,IDLE,0,0,0,0,0,0,0,,0
716,7160,NONE,IDLE,0,0,0,0,0,0,0,,0
717,7170,NONE,IDLE,0,0,0,0,0,0,0,,0
718,7180,NONE,IDLE,0,0,0,0,0,0,0,,0
719,7190,NONE,IDLE,0,0,0,0,0,0,0,,0
720,7200,NONE,IDLE,0,0,0,0,0,0,0,,0
721,7210,NONE,IDLE,0,0,0,0,0,0,0,,0
722,7220,NONE,IDLE,0,0,0,0,0,0,0,,0
723,7230,NONE,IDLE,0,0,0,0,0,0,0,,0
724,7240,NONE,IDLE,0,0,0,0,0,0,0,,0
725,7250,NONE,IDLE,0,0,0,0,0,0,0,,0
726,7260,NONE,IDLE,0,0,0,0,0,0,0,,0
727,7270,NONE,IDLE,0,0,0,0,0,0,0,,0
728,7280,NONE,IDLE,0,0,0,0,0,0,0,,0
729,7290,NONE,IDLE,0,0,0,0,0,0,0,,0
730,7300,NONE,IDLE,0,0,0,0,0,0,0,,0
731,7310,NONE,IDLE,0,0,0,0,0,0,0,,0
732,7320,NONE,IDLE,0,0,0,0,0,0,0,,0
733,7330,NONE,IDLE,0,0,0,0,0,0,0,,0
734,7340,NONE,IDLE,0,0,0,0,0,0,0,,0
735,7350,NONE,IDLE,0,0,0,0,0,0,0,,0
736,7360,NONE,IDLE,0,0,0,0,0,0,0,,0
737,7370,NONE,IDLE,0,0,0,0,0,0,0,,0
738,7380,NONE,IDLE,0,0,0,0,0,0,0,,0
739,7390,NONE,IDLE,0,0,0,0,0,0,0,,0
740,7400,NONE,IDLE,0,0,0,0,0,0,0,,0
741,7410,NONE,IDLE,0,0,0,0,0,0,0,,0
742,7420,NONE,IDLE,0,0,0,0,0,0,0,,0
743,7430,NONE,IDLE,0,0,0,0,0,0,0,,0
744,7440,NONE,IDLE,0,0,0,0,0,0,0,,0
745,7450,NONE,IDLE,0,0,0,0,0,0,0,,0
746,7460,NONE,IDLE,0,0,0,0,0,0,0,,0
747,7470,NONE,IDLE,0,0,0,0,0,0,0,,0
748,7480,NONE,IDLE,0,0,0,0,0,0,0,,0
749,7490,NONE,IDLE,0,0,0,0,0,0,0,,0
750,7500,NONE,IDLE,0,0,0,0,0,0,0,,0
751,7510,NONE,IDLE,0,0,0,0,0,0,0,,0
752,7520,NONE,IDLE,0,0,0,0,0,0,0,,0
753,7530,NONE,IDLE,0,0,0,0,0,0,0,,0
754,7540,NONE,IDLE,0,0,0,0,0,0,0,,0
755,7550,NONE,IDLE,0,0,0,0,0,0,0,,0
756,7560,NONE,IDLE,0,0,0,0,0,0,0,,0
757,7570,NONE,IDLE,0,0,0,0,0,0,0,,0
758,7580,NONE,IDLE,0,0,0,0,0,0,0,,0
759,7590,NONE,IDLE,0,0,0,0,0,0,0,,0
760,7600,NONE,IDLE,0,0,0,0,0,0,0,,0
761,7610,NONE,IDLE,0,0,0,0,0,0,0,,0
762,7620,NONE,IDLE,0,0,0,0,0,0,0,,0
763,7630,NONE,IDLE,0,0,0,0,0,0,0,,0
764,7640,NONE,IDLE,0,0,0,0,0,0,0,,0
765,7650,NONE,IDLE,0,0,0,0,0,0,0,,0
766,7660,NONE,IDLE,0,0,0,0,0,0,0,,0
767,7670,NONE,IDLE,0,0,0,0,0,0,0,,0
768,7680,NONE,IDLE,0,0,0,0,0,0,0,,0
769,7690,NONE,IDLE,0,0,0,0,0,0,0,,0
770,7700,NONE,IDLE,0,0,0,0,0,0,0,,0
771,7710,NONE,IDLE,0,0,0,0,0,0,0,,0
772,7720,NONE,IDLE,0,0,0,0,0,0,0,,0
773,7730,NONE,IDLE,0,0,0,0,0,0,0,,0
774,7740,NONE,IDLE,0,0,0,0,0,0,0,,0
775,7750,NONE,IDLE,0,0,0,0,0,0,0,,0
776,7760,NONE,IDLE,0,0,0,0,0,0,0,,0
777,7770,NONE,IDLE,0,0,0,0,0,0,0,,0
778,7780,NONE,IDLE,0,0,0,0,0,0,0,,0
779,7790,NONE,IDLE,0,0,0,0,0,0,0,,0
780,7800,NONE,IDLE,0,0,0,0,0,0,0,,0
781,7810,NONE,IDLE,0,0,0,0,0,0,0,,0
782,7820,NONE,IDLE,0,0,0,0,0,0,0,,0
783,7830,NONE,IDLE,0,0,0,0,0,0,0,,0
784,7840,NONE,IDLE,0,0,0,0,0,0,0,,0
785,7850,NONE,IDLE,0,0,0,0,0,0,0,,0
786,7860,NONE,IDLE,0,0,0,0,0,0,0,,0
787,7870,NONE,IDLE,0,0,0,0,0,0,0,,0
788,7880,NONE,IDLE,0,0,0,0,0,0,0,,0
789,7890,NONE,IDLE,0,0,0,0,0,0,0,,0
790,7900,NONE,IDLE,0,0,0,0,0,0,0,,0
791,7910,NONE,IDLE,0,0,0,0,0,0,0,,0
792,7920,NONE,IDLE,0,0,0,0,0,0,0,,0
793,7930,NONE,IDLE,0,0,0,0,0,0,0,,0
794,7940,NONE,IDLE,0,0,0,0,0,0,0,,0
795,7950,NONE,IDLE,0,0,0,0,0,0,0,,0
796,7960,NONE,IDLE,0,0,0,0,0,0,0,,0
797,7970,NONE,IDLE,0,0,0,0,0,0,0,,0
798,7980,NONE,IDLE,0,0,0,0,0,0,0,,0
799,7990,NONE,IDLE,0,0,0,0,0,0,0,,0
800,8000,NONE,IDLE,0,0,0,0,0,0,0,,0
801,8010,NONE,IDLE,0,0,0,0,0,0,0,,0
802,8020,NONE,IDLE,0,0,0,0,0,0,0,,0
803,8030,NONE,IDLE,0,0,0,0,0,0,0,,0
804,8040,NONE,IDLE,0,0,0,0,0,0,0,,0
805,8050,NONE,IDLE,0,0,0,0,0,0,0,,0
806,8060,NONE,IDLE,0,0,0,0,0,0,0,,0
807,8070,NONE,IDLE,0,0,0,0,0,0,0,,0
808,8080,NONE,IDLE,0,0,0,0,0,0,0,,0
809,8090,NONE,IDLE,0,0,0,0,0,0,0,,0
810,8100,NONE,IDLE,0,0,0,0,0,0,0,,0
811,8110,NONE,IDLE,0,0,0,0,0,0,0,,0
812,8120,NONE,IDLE,0,0,0,0,0,0,0,,0
813,8130,NONE,IDLE,0,0,0,0,0,0,0,,0
814,8140,NONE,IDLE,0,0,0,0,0,0,0,,0
815,8150,NONE,IDLE,0,0,0,0,0,0,0,,0
816,8160,NONE,IDLE,0,0,0,0,0,0,0,,0
817,8170,NONE,IDLE,0,0,0,0,0,0,0,,0
818,8180,NONE,IDLE,0,0,0,0,0,0,0,,0
819,8190,NONE,IDLE,0,0,0,0,0,0,0,,0
820,8200,NONE,IDLE,0,0,0,0,0,0,0,,0
821,8210,NONE,IDLE,0,0,0,0,0,0,0,,0
822,8220,NONE,IDLE,0,0,0,0,0,0,0,,0
823,8230,NONE,IDLE,0,0,0,0,0,0,0,,0
824,8240,NONE,IDLE,0,0,0,0,0,0,0,,0
825,8250,NONE,IDLE,0,0,0,0,0,0,0,,0
826,8260,NONE,IDLE,0,0,0,0,0,0,0,,0
827,8270,NONE,IDLE,0,0,0,0,0,0,0,,0
828,8280,NONE,IDLE,0,0,0,0,0,0,0,,0
829,8290,NONE,IDLE,0,0,0,0,0,0,0,,0
830,8300,NONE,IDLE,0,0,0,0,0,0,0,,0
831,8310,NONE,IDLE,0,0,0,0,0,0,0,,0
832,8320,NONE,IDLE,0,0,0,0,0,0,0,,0
833,8330,NONE,IDLE,0,0,0,0,0,0,0,,0
834,8340,NONE,IDLE,0,0,0,0,0,0,0,,0
835,8350,NONE,IDLE,0,0,0,0,0,0,0,,0
836,8360,NONE,IDLE,0,0,0,0,0,0,0,,0
837,8370,NONE,IDLE,0,0,0,0,0,0,0,,0
838,8380,NONE,IDLE,0,0,0,0,0,0,0,,0
839,8390,NONE,IDLE,0,0,0,0,0,0,0,,0
840,8400,NONE,IDLE,0,0,0,0,0,0,0,,0
841,8410,NONE,IDLE,0,0,0,0,0,0,0,,0
842,8420,NONE,IDLE,0,0,0,0,0,0,0,,0
843,8430,NONE,IDLE,0,0,0,0,0,0,0,,0
844,8440,NONE,IDLE,0,0,0,0,0,0,0,,0
845,8450,NONE,IDLE,0,0,0,0,0,0,0,,0
846,8460,NONE,IDLE,0,0,0,0,0,0,0,,0
847,8470,NONE,IDLE,0,0,0,0,0,0,0,,0
848,8480,NONE,IDLE,0,0,0,0,0,0,0,,0
849,8490,NONE,IDLE,0,0,0,0,0,0,0,,0
850,8500,NONE,IDLE,0,0,0,0,0,0,0,,0
851,8510,NONE,IDLE,0,0,0,0,0,0,0,,0
852,8520,NONE,IDLE,0,0,0,0,0,0,0,,0
853,8530,NONE,IDLE,0,0,0,0,0,0,0,,0
854,8540,NONE,IDLE,0,0,0,0,0,0,0,,0
855,8550,NONE,IDLE,0,0,0,0,0,0,0,,0
856,8560,NONE,IDLE,0,0,0,0,0,0,0,,0
857,8570,NONE,IDLE,0,0,0,0,0,0,0,,0
858,8580,NONE,IDLE,0,0,0,0,0,0,0,,0
859,8590,NONE,IDLE,0,0,0,0,0,0,0,,0
860,8600,NONE,IDLE,0,0,0,0,0,0,0,,0
861,8610,NONE,IDLE,0,0,0,0,0,0,0,,0
862,8620,NONE,IDLE,0,0,0,0,0,0,0,,0
863,8630,NONE,IDLE,0,0,0,0,0,0,0,,0
864,8640,NONE,IDLE,0,0,0,0,0,0,0,,0
865,8650,NONE,IDLE,0,0,0,0,0,0,0,,0
866,8660,NONE,IDLE,0,0,0,0,0,0,0,,0
867,8670,NONE,IDLE,0,0,0,0,0,0,0,,0
868,8680,NONE,IDLE,0,0,0,0,0,0,0,,0
869,8690,NONE,IDLE,0,0,0,0,0,0,0,,0
870,8700,NONE,IDLE,0,0,0,0,0,0,0,,0
871,8710,NONE,IDLE,0,0,0,0,0,0,0,,0
872,8720,NONE,IDLE,0,0,0,0,0,0,0,,0
873,8730,NONE,IDLE,0,0,0,0,0,0,0,,0
874,8740,NONE,IDLE,0,0,0,0,0,0,0,,0
875,8750,NONE,IDLE,0,0,0,0,0,0,0,,0
876,8760,NONE,IDLE,0,0,0,0,0,0,0,,0
877,8770,NONE,IDLE,0,0,0,0,0,0,0,,0
878,8780,NONE,IDLE,0,0,0,0,0,0,0,,0
879,8790,NONE,IDLE,0,0,0,0,0,0,0,,0
880,8800,NONE,IDLE,0,0,0,0,0,0,0,,0
881,8810,NONE,IDLE,0,0,0,0,0,0,0,,0
882,8820,NONE,IDLE,0,0,0,0,0,0,0,,0
883,8830,NONE,IDLE,0,0,0,0,0,0,0,,0
884,8840,NONE,IDLE,0,0,0,0,0,0,0,,0
885,8850,NONE,IDLE,0,0,0,0,0,0,0,,0
886,8860,NONE,IDLE,0,0,0,0,0,0,0,,0
887,8870,NONE,IDLE,0,0,0,0,0,0,0,,0
888,8880,NONE,IDLE,0,0,0,0,0,0,0,,0
889,8890,NONE,IDLE,0,0,0,0,0,0,0,,0
890,8900,NONE,IDLE,0,0,0,0,0,0,0,,0
891,8910,NONE,IDLE,0,0,0,0,0,0,0,,0
892,8920,NONE,IDLE,0,0,0,0,0,0,0,,0
893,8930,NONE,IDLE,0,0,0,0,0,0,0,,0
894,8940,NONE,IDLE,0,0,0,0,0,0,0,,0
895,8950,NONE,IDLE,0,0,0,0,0,0,0,,0
896,8960,NONE,IDLE,0,0,0,0,0,0,0,,0
897,8970,NONE,IDLE,0,0,0,0,0,0,0,,0
898,8980,NONE,IDLE,0,0,0,0,0,0,0,,0
899,8990,NONE,IDLE,0,0,0,0,0,0,0,,0
900,9000,NONE,IDLE,0,0,0,0,0,0,0,,0
901,9010,NONE,IDLE,0,0,0,0,0,0,0,,0
902,9020,NONE,IDLE,0,0,0,0,0,0,0,,0
903,9030,NONE,IDLE,0,0,0,0,0,0,0,,0
904,9040,NONE,IDLE,0,0,0,0,0,0,0,,0
905,9050,NONE,IDLE,0,0,0,0,0,0,0,,0
906,9060,NONE,IDLE,0,0,0,0,0,0,0,,0
907,9070,NONE,IDLE,0,0,0,0,0,0,0,,0
908,9080,NONE,IDLE,0,0,0,0,0,0,0,,0
909,9090,NONE,IDLE,0,0,0,0,0,0,0,,0
910,9100,NONE,IDLE,0,0,0,0,0,0,0,,0
911,9110,NONE,IDLE,0,0,0,0,0,0,0,,0
912,9120,NONE,IDLE,0,0,0,0,0,0,0,,0
913,9130,NONE,IDLE,0,0,0,0,0,0,0,,0
914,9140,NONE,IDLE,0,0,0,0,0,0,0,,0
915,9150,NONE,IDLE,0,0,0,0,0,0,0,,0
916,9160,NONE,IDLE,0,0,0,0,0,0,0,,0
917,9170,NONE,IDLE,0,0,0,0,0,0,0,,0
918,9180,NONE,IDLE,0,0,0,0,0,0,0,,0
919,9190,NONE,IDLE,0,0,0,0,0,0,0,,0
920,9200,NONE,IDLE,0,0,0,0,0,0,0,,0
921,9210,NONE,IDLE,0,0,0,0,0,0,0,,0
922,9220,NONE,IDLE,0,0,0,0,0,0,0,,0
923,9230,NONE,IDLE,0,0,0,0,0,0,0,,0
924,9240,NONE,IDLE,0,0,0,0,0,0,0,,0
925,9250,NONE,IDLE,0,0,0,0,0,0,0,,0
926,9260,NONE,IDLE,0,0,0,0,0,0,0,,0
927,9270,NONE,IDLE,0,0,0,0,0,0,0,,0
928,9280,NONE,IDLE,0,0,0,0,0,0,0,,0
929,9290,NONE,IDLE,0,0,0,0,0,0,0,,0
930,9300,NONE,IDLE,0,0,0,0,0,0,0,,0
931,9310,NONE,IDLE,0,0,0,0,0,0,0,,0
932,9320,NONE,IDLE,0,0,0,0,0,0,0,,0
933,9330,NONE,IDLE,0,0,0,0,0,0,0,,0
934,9340,NONE,IDLE,0,0,0,0,0,0,0,,0
935,9350,NONE,IDLE,0,0,0,0,0,0,0,,0
936,9360,NONE,IDLE,0,0,0,0,0,0,0,,0
937,9370,NONE,IDLE,0,0,0,0,0,0,0,,0
938,9380,NONE,IDLE,0,0,0,0,0,0,0,,0
939,9390,NONE,IDLE,0,0,0,0,0,0,0,,0
940,9400,NONE,IDLE,0,0,0,0,0,0,0,,0
941,9410,NONE,IDLE,0,0,0,0,0,0,0,,0
942,9420,NONE,IDLE,0,0,0,0,0,0,0,,0
943,9430,NONE,IDLE,0,0,0,0,0,0,0,,0
944,9440,NONE,IDLE,0,0,0,0,0,0,0,,0
945,9450,NONE,IDLE,0,0,0,0,0,0,0,,0
946,9460,NONE,IDLE,0,0,0,0,0,0,0,,0
947,9470,NONE,IDLE,0,0,0,0,0,0,0,,0
948,9480,NONE,IDLE,0,0,0,0,0,0,0,,0
949,9490,NONE,IDLE,0,0,0,0,0,0,0,,0
950,9500,NONE,IDLE,0,0,0,0,0,0,0,,0
951,9510,NONE,IDLE,0,0,0,0,0,0,0,,0
952,9520,NONE,IDLE,0,0,0,0,0,0,0,,0
953,9530,NONE,IDLE,0,0,0,0,0,0,0,,0
954,9540,NONE,IDLE,0,0,0,0,0,0,0,,0
955,9550,NONE,IDLE,0,0,0,0,0,0,0,,0
956,9560,NONE,IDLE,0,0,0,0,0,0,0,,0
957,9570,NONE,IDLE,0,0,0,0,0,0,0,,0
958,9580,NONE,IDLE,0,0,0,0,0,0,0,,0
959,9590,NONE,IDLE,0,0,0,0,0,0,0,,0
960,9600,NONE,IDLE,0,0,0,0,0,0,0,,0
961,9610,NONE,IDLE,0,0,0,0,0,0,0,,0
962,9620,NONE,IDLE,0,0,0,0,0,0,0,,0
963,9630,NONE,IDLE,0,0,0,0,0,0,0,,0
964,9640,NONE,IDLE,0,0,0,0,0,0,0,,0
965,9650,NONE,IDLE,0,0,0,0,0,0,0,,0
966,9660,NONE,IDLE,0,0,0,0,0,0,0,,0
967,9670,NONE,IDLE,0,0,0,0,0,0,0,,0
968,9680,NONE,IDLE,0,0,0,0,0,0,0,,0
969,9690,NONE,IDLE,0,0,0,0,0,0,0,,0
970,9700,NONE,IDLE,0,0,0,0,0,0,0,,0
971,9710,NONE,IDLE,0,0,0,0,0,0,0,,0
972,9720,NONE,IDLE,0,0,0,0,0,0,0,,0
973,9730,NONE,IDLE,0,0,0,0,0,0,0,,0
974,9740,NONE,IDLE,0,0,0,0,0,0,0,,0
975,9750,NONE,IDLE,0,0,0,0,0,0,0,,0
976,9760,NONE,IDLE,0,0,0,0,0,0,0,,0
977,9770,NONE,IDLE,0,0,0,0,0,0,0,,0
978,9780,NONE,IDLE,0,0,0,0,0,0,0,,0
979,9790,NONE,IDLE,0,0,0,0,0,0,0,,0
980,9800,NONE,IDLE,0,0,0,0,0,0,0,,0
981,9810,NONE,IDLE,0,0,0,0,0,0,0,,0
982,9820,NONE,IDLE,0,0,0,0,0,0,0,,0
983,9830,NONE,IDLE,0,0,0,0,0,0,0,,0
984,9840,NONE,IDLE,0,0,0,0,0,0,0,,0
985,9850,NONE,IDLE,0,0,0,0,0,0,0,,0
986,9860,NONE,IDLE,0,0,0,0,0,0,0,,0
987,9870,NONE,IDLE,0,0,0,0,0,0,0,,0
988,9880,NONE,IDLE,0,0,0,0,0,0,0,,0
989,9890,NONE,IDLE,0,0,0,0,0,0,0,,0
990,9900,NONE,IDLE,0,0,0,0,0,0,0,,0
991,9910,NONE,IDLE,0,0,0,0,0,0,0,,0
992,9920,NONE,IDLE,0,0,0,0,0,0,0,,0
993,9930,NONE,IDLE,0,0,0,0,0,0,0,,0
994,9940,NONE,IDLE,0,0,0,0,0,0,0,,0
995,9950,NONE,IDLE,0,0,0,0,0,0,0,,0
996,9960,NONE,IDLE,0,0,0,0,0,0,0,,0
997,9970,NONE,IDLE,0,0,0,0,0,0,0,,0
998,9980,NONE,IDLE,0,0,0,0,0,0,0,,0
999,9990,NONE,IDLE,0,0,0,0,0,0,0,,0
1000,10000,NONE,IDLE,0,0,0,0,0,0,0,,0
1001,10010,NONE,IDLE,0,0,0,0,0,0,0,,0
1002,10020,NONE,IDLE,0,0,0,0,0,0,0,,0
1003,10030,NONE,IDLE,0,0,0,0,0,0,0,,0
1004,10040,NONE,IDLE,0,0,0,0,0,0,0,,0
1005,10050,NONE,IDLE,0,0,0,0,0,0,0,,0
1006,10060,NONE,IDLE,0,0,0,0,0,0,0,,0
1007,10070,NONE,IDLE,0,0,0,0,0,0,0,,0
1008,10080,NONE,IDLE,0,0,0,0,0,0,0,,0
1009,10090,NONE,IDLE,0,0,0,0,0,0,0,,0
1010,10100,NONE,IDLE,0,0,0,0,0,0,0,,0
1011,10110,NONE,IDLE,0,0,0,0,0,0,0,,0
1012,10120,NONE,IDLE,0,0,0,0,0,0,0,,0
1013,10130,NONE,IDLE,0,0,0,0,0,0,0,,0
1014,10140,NONE,IDLE,0,0,0,0,0,0,0,,0
1015,10150,NONE,IDLE,0,0,0,0,0,0,0,,0
1016,10160,NONE,IDLE,0,0,0,0,0,0,0,,0
1017,10170,NONE,IDLE,0,0,0,0,0,0,0,,0
1018,10180,NONE,IDLE,0,0,0,0,0,0,0,,0
1019,10190,NONE,IDLE,0,0,0,0,0,0,0,,0
1020,10200,NONE,IDLE,0,0,0,0,0,0,0,,0
1021,10210,NONE,IDLE,0,0,0,0,0,0,0,,0
1022,10220,NONE,IDLE,0,0,0,0,0,0,0,,0
1023,10230,NONE,IDLE,0,0,0,0,0,0,0,,0
1024,10240,NONE,IDLE,0,0,0,0,0,0,0,,0
1025,10250,NONE,IDLE,0,0,0,0,0,0,0,,0
1026,10260,NONE,IDLE,0,0,0,0,0,0,0,,0
1027,10270,NONE,IDLE,0,0,0,0,0,0,0,,0
1028,10280,NONE,IDLE,0,0,0,0,0,0,0,,0
1029,10290,NONE,IDLE,0,0,0,0,0,0,0,,0
1030,10300,NONE,IDLE,0,0,0,0,0,0,0,,0
1031,10310,NONE,IDLE,0,0,0,0,0,0,0,,0
1032,10320,NONE,IDLE,0,0,0,0,0,0,0,,0
1033,10330,NONE,IDLE,0,0,0,0,0,0,0,,0
1034,10340,NONE,IDLE,0,0,0,0,0,0,0,,0
1035,10350,NONE,IDLE,0,0,0,0,0,0,0,,0
1036,10360,NONE,IDLE,0,0,0,0,0,0,0,,0
1037,10370,NONE,IDLE,0,0,0,0,0,0,0,,0
1038,10380,NONE,IDLE,0,0,0,0,0,0,0,,0
1039,10390,NONE,IDLE,0,0,0,0,0,0,0,,0
1040,10400,NONE,IDLE,0,0,0,0,0,0,0,,0
1041,10410,NONE,IDLE,0,0,0,0,0,0,0,,0
1042,10420,NONE,IDLE,0,0,0,0,0,0,0,,0
1043,10430,NONE,IDLE,0,0,0,0,0,0,0,,0
1044,10440,NONE,IDLE,0,0,0,0,0,0,0,,0
1045,10450,NONE,IDLE,0,0,0,0,0,0,0,,0
1046,10460,NONE,IDLE,0,0,0,0,0,0,0,,0
1047,10470,NONE,IDLE,0,0,0,0,0,0,0,,0
1048,10480,NONE,IDLE,0,0,0,0,0,0,0,,0
1049,10490,NONE,IDLE,0,0,0,0,0,0,0,,0
1050,10500,NONE,IDLE,0,0,0,0,0,0,0,,0
1051,10510,NONE,IDLE,0,0,0,0,0,0,0,,0
1052,10520,NONE,IDLE,0,0,0,0,0,0,0,,0
1053,10530,NONE,IDLE,0,0,0,0,0,0,0,,0
1054,10540,NONE,IDLE,0,0,0,0,0,0,0,,0
1055,10550,NONE,IDLE,0,0,0,0,0,0,0,,0
1056,10560,NONE,IDLE,0,0,0,0,0,0,0,,0
1057,10570,NONE,IDLE,0,0,0,0,0,0,0,,0
1058,10580,NONE,IDLE,0,0,0,0,0,0,0,,0
1059,10590,NONE,IDLE,0,0,0,0,0,0,0,,0
1060,10600,NONE,IDLE,0,0,0,0,0,0,0,,0
1061,10610,NONE,IDLE,0,0,0,0,0,0,0,,0
1062,10620,NONE,IDLE,0,0,0,0,0,0,0,,0
1063,10630,NONE,IDLE,0,0,0,0,0,0,0,,0
1064,10640,NONE,IDLE,0,0,0,0,0,0,0,,0
1065,10650,NONE,IDLE,0,0,0,0,0,0,0,,0
1066,10660,NONE,IDLE,0,0,0,0,0,0,0,,0
1067,10670,NONE,IDLE,0,0,0,0,0,0,0,,0
1068,10680,NONE,IDLE,0,0,0,0,0,0,0,,0
1069,10690,NONE,IDLE,0,0,0,0,0,0,0,,0
1070,10700,NONE,IDLE,0,0,0,0,0,0,0,,0
1071,10710,NONE,IDLE,0,0,0,0,0,0,0,,0
1072,10720,NONE,IDLE,0,0,0,0,0,0,0,,0
1073,10730,NONE,IDLE,0,0,0,0,0,0,0,,0
1074,10740,NONE,IDLE,0,0,0,0,0,0,0,,0
1075,10750,NONE,IDLE,0,0,0,0,0,0,0,,0
1076,10760,NONE,IDLE,0,0,0,0,0,0,0,,0
1077,10770,NONE,IDLE,0,0,0,0,0,0,0,,0
1078,10780,NONE,IDLE,0,0,0,0,0,0,0,,0
1079,10790,NONE,IDLE,0,0,0,0,0,0,0,,0
1080,10800,NONE,IDLE,0,0,0,0,0,0,0,,0
1081,10810,NONE,IDLE,0,0,0,0,0,0,0,,0
1082,10820,NONE,IDLE,0,0,0,0,0,0,0,,0
1083,10830,NONE,IDLE,0,0,0,0,0,0,0,,0
1084,10840,NONE,IDLE,0,0,0,0,0,0,0,,0
1085,10850,NONE,IDLE,0,0,0,0,0,0,0,,0
1086,10860,NONE,IDLE,0,0,0,0,0,0,0,,0
1087,10870,NONE,IDLE,0,0,0,0,0,0,0,,0
1088,10880,NONE,IDLE,0,0,0,0,0,0,0,,0
1089,10890,NONE,IDLE,0,0,0,0,0,0,0,,0
1090,10900,NONE,IDLE,0,0,0,0,0,0,0,,0
1091,10910,NONE,IDLE,0,0,0,0,0,0,0,,0
1092,10920,NONE,IDLE,0,0,0,0,0,0,0,,0
1093,10930,NONE,IDLE,0,0,0,0,0,0,0,,0
1094,10940,NONE,IDLE,0,0,0,0,0,0,0,,0
1095,10950,NONE,IDLE,0,0,0,0,0,0,0,,0
1096,10960,NONE,IDLE,0,0,0,0,0,0,0,,0
1097,10970,NONE,IDLE,0,0,0,0,0,0,0,,0
1098,10980,NONE,IDLE,0,0,0,0,0,0,0,,0
1099,10990,NONE,IDLE,0,0,0,0,0,0,0,,0
1100,11000,NONE,IDLE,0,0,0,0,0,0,0,,0
1101,11010,NONE,IDLE,0,0,0,0,0,0,0,,0
1102,11020,NONE,IDLE,0,0,0,0,0,0,0,,0
1103,11030,NONE,IDLE,0,0,0,0,0,0,0,,0
1104,11040,NONE,IDLE,0,0,0,0,0,0,0,,0
1105,11050,NONE,IDLE,0,0,0,0,0,0,0,,0
1106,11060,NONE,IDLE,0,0,0,0,0,0,0,,0
1107,11070,NONE,IDLE,0,0,0,0,0,0,0,,0
1108,11080,NONE,IDLE,0,0,0,0,0,0,0,,0
1109,11090,NONE,IDLE,0,0,0,0,0,0,0,,0
1110,11100,NONE,IDLE,0,0,0,0,0,0,0,,0
1111,11110,NONE,IDLE,0,0,0,0,0,0,0,,0
1112,11120,NONE,IDLE,0,0,0,0,0,0,0,,0
1113,11130,NONE,IDLE,0,0,0,0,0,0,0,,0
1114,11140,NONE,IDLE,0,0,0,0,0,0,0,,0
1115,11150,NONE,IDLE,0,0,0,0,0,0,0,,0
1116,11160,NONE,IDLE,0,0,0,0,0,0,0,,0
1117,11170,NONE,IDLE,0,0,0,0,0,0,0,,0
1118,11180,NONE,IDLE,0,0,0,0,0,0,0,,0
1119,11190,NONE,IDLE,0,0,0,0,0,0,0,,0
1120,11200,NONE,IDLE,0,0,0,0,0,0,0,,0
1121,11210,NONE,IDLE,0,0,0,0,0,0,0,,0
1122,11220,NONE,IDLE,0,0,0,0,0,0,0,,0
1123,11230,NONE,IDLE,0,0,0,0,0,0,0,,0
1124,11240,NONE,IDLE,0,0,0,0,0,0,0,,0
1125,11250,NONE,IDLE,0,0,0,0,0,0,0,,0
1126,11260,NONE,IDLE,0,0,0,0,0,0,0,,0
1127,11270,NONE,IDLE,0,0,0,0,0,0,0,,0
1128,11280,NONE,IDLE,0,0,0,0,0,0,0,,0
1129,11290,NONE,IDLE,0,0,0,0,0,0,0,,0
1130,11300,NONE,IDLE,0,0,0,0,0,0,0,,0
1131,11310,NONE,IDLE,0,0,0,0,0,0,0,,0
1132,11320,NONE,IDLE,0,0,0,0,0,0,0,,0
1133,11330,NONE,IDLE,0,0,0,0,0,0,0,,0
1134,11340,NONE,IDLE,0,0,0,0,0,0,0,,0
1135,11350,NONE,IDLE,0,0,0,0,0,0,0,,0
1136,11360,NONE,IDLE,0,0,0,0,0,0,0,,0
1137,11370,NONE,IDLE,0,0,0,0,0,0,0,,0
1138,11380,NONE,IDLE,0,0,0,0,0,0,0,,0
1139,11390,NONE,IDLE,0,0,0,0,0,0,0,,0
1140,11400,NONE,IDLE,0,0,0,0,0,0,0,,0
1141,11410,NONE,IDLE,0,0,0,0,0,0,0,,0
1142,11420,NONE,IDLE,0,0,0,0,0,0,0,,0
1143,11430,NONE,IDLE,0,0,0,0,0,0,0,,0
1144,11440,NONE,IDLE,0,0,0,0,0,0,0,,0
1145,11450,NONE,IDLE,0,0,0,0,0,0,0,,0
1146,11460,NONE,IDLE,0,0,0,0,0,0,0,,0
1147,11470,NONE,IDLE,0,0,0,0,0,0,0,,0
1148,11480,NONE,IDLE,0,0,0,0,0,0,0,,0
1149,11490,NONE,IDLE,0,0,0,0,0,0,0,,0
1150,11500,NONE,IDLE,0,0,0,0,0,0,0,,0
1151,11510,NONE,IDLE,0,0,0,0,0,0,0,,0
1152,11520,NONE,IDLE,0,0,0,0,0,0,0,,0
1153,11530,NONE,IDLE,0,0,0,0,0,0,0,,0
1154,11540,NONE,IDLE,0,0,0,0,0,0,0,,0
1155,11550,NONE,IDLE,0,0,0,0,0,0,0,,0
1156,11560,NONE,IDLE,0,0,0,0,0,0,0,,0
1157,11570,NONE,IDLE,0,0,0,0,0,0,0,,0
1158,11580,NONE,IDLE,0,0,0,0,0,0,0,,0
1159,11590,NONE,IDLE,0,0,0,0,0,0,0,,0
1160,11600,NONE,IDLE,0,0,0,0,0,0,0,,0
1161,11610,NONE,IDLE,0,0,0,0,0,0,0,,0
1162,11620,NONE,IDLE,0,0,0,0,0,0,0,,0
1163,11630,NONE,IDLE,0,0,0,0,0,0,0,,0
1164,11640,NONE,IDLE,0,0,0,0,0,0,0,,0
1165,11650,NONE,IDLE,0,0,0,0,0,0,0,,0
1166,11660,NONE,IDLE,0,0,0,0,0,0,0,,0
1167,11670,NONE,IDLE,0,0,0,0,0,0,0,,0
1168,11680,NONE,IDLE,0,0,0,0,0,0,0,,0
1169,11690,NONE,IDLE,0,0,0,0,0,0,0,,0
1170,11700,NONE,IDLE,0,0,0,0,0,0,0,,0
1171,11710,NONE,IDLE,0,0,0,0,0,0,0,,0
1172,11720,NONE,IDLE,0,0,0,0,0,0,0,,0
1173,11730,NONE,IDLE,0,0,0,0,0,0,0,,0
1174,11740,NONE,IDLE,0,0,0,0,0,0,0,,0
1175,11750,NONE,IDLE,0,0,0,0,0,0,0,,0
1176,11760,NONE,IDLE,0,0,0,0,0,0,0,,0
1177,11770,NONE,IDLE,0,0,0,0,0,0,0,,0
1178,11780,NONE,IDLE,0,0,0,0,0,0,0,,0
1179,11790,NONE,IDLE,0,0,0,0,0,0,0,,0
1180,11800,NONE,IDLE,0,0,0,0,0,0,0,,0
1181,11810,NONE,IDLE,0,0,0,0,0,0,0,,0
1182,11820,NONE,IDLE,0,0,0,0,0,0,0,,0
1183,11830,NONE,IDLE,0,0,0,0,0,0,0,,0
1184,11840,NONE,IDLE,0,0,0,0,0,0,0,,0
1185,11850,NONE,IDLE,0,0,0,0,0,0,0,,0
1186,11860,NONE,IDLE,0,0,0,0,0,0,0,,0
1187,11870,NONE,IDLE,0,0,0,0,0,0,0,,0
1188,11880,NONE,IDLE,0,0,0,0,0,0,0,,0
1189,11890,NONE,IDLE,0,0,0,0,0,0,0,,0
1190,11900,NONE,IDLE,0,0,0,0,0,0,0,,0
1191,11910,NONE,IDLE,0,0,0,0,0,0,0,,0
1192,11920,NONE,IDLE,0,0,0,0,0,0,0,,0
1193,11930,NONE,IDLE,0,0,0,0,0,0,0,,0
1194,11940,NONE,IDLE,0,0,0,0,0,0,0,,0
1195,11950,NONE,IDLE,0,0,0,0,0,0,0,,0
1196,11960,NONE,IDLE,0,0,0,0,0,0,0,,0
1197,11970,NONE,IDLE,0,0,0,0,0,0,0,,0
1198,11980,NONE,IDLE,0,0,0,0,0,0,0,,0
1199,11990,NONE,IDLE,0,0,0,0,0,0,0,,0
1200,12000,NONE,IDLE,0,0,0,0,0,0,0,,0
1201,12010,NONE,IDLE,0,0,0,0,0,0,0,,0
1202,12020,NONE,IDLE,0,0,0,0,0,0,0,,0
1203,12030,NONE,IDLE,0,0,0,0,0,0,0,,0
1204,12040,NONE,IDLE,0,0,0,0,0,0,0,,0
1205,12050,NONE,IDLE,0,0,0,0,0,0,0,,0
1206,12060,NONE,IDLE,0,0,0,0,0,0,0,,0
1207,12070,NONE,IDLE,0,0,0,0,0,0,0,,0
1208,12080,NONE,IDLE,0,0,0,0,0,0,0,,0
1209,12090,NONE,IDLE,0,0,0,0,0,0,0,,0
1210,12100,NONE,IDLE,0,0,0,0,0,0,0,,0
1211,12110,NONE,IDLE,0,0,0,0,0,0,0,,0
1212,12120,NONE,IDLE,0,0,0,0,0,0,0,,0
1213,12130,NONE,IDLE,0,0,0,0,0,0,0,,0
1214,12140,NONE,IDLE,0,0,0,0,0,0,0,,0
1215,12150,NONE,IDLE,0,0,0,0,0,0,0,,0
1216,12160,NONE,IDLE,0,0,0,0,0,0,0,,0
1217,12170,NONE,IDLE,0,0,0,0,0,0,0,,0
1218,12180,NONE,IDLE,0,0,0,0,0,0,0,,0
1219,12190,NONE,IDLE,0,0,0,0,0,0,0,,0
1220,12200,NONE,IDLE,0,0,0,0,0,0,0,,0
1221,12210,NONE,IDLE,0,0,0,0,0,0,0,,0
1222,12220,NONE,IDLE,0,0,0,0,0,0,0,,0
1223,12230,NONE,IDLE,0,0,0,0,0,0,0,,0
1224,12240,NONE,IDLE,0,0,0,0,0,0,0,,0
1225,12250,NONE,IDLE,0,0,0,0,0,0,0,,0
1226,12260,NONE,IDLE,0,0,0,0,0,0,0,,0
1227,12270,NONE,IDLE,0,0,0,0,0,0,0,,0
1228,12280,NONE,IDLE,0,0,0,0,0,0,0,,0
1229,12290,NONE,IDLE,0,0,0,0,0,0,0,,0
1230,12300,NONE,IDLE,0,0,0,0,0,0,0,,0
1231,12310,NONE,IDLE,0,0,0,0,0,0,0,,0
1232,12320,NONE,IDLE,0,0,0,0,0,0,0,,0
1233,12330,NONE,IDLE,0,0,0,0,0,0,0,,0
1234,12340,NONE,IDLE,0,0,0,0,0,0,0,,0
1235,12350,NONE,IDLE,0,0,0,0,0,0,0,,0
1236,12360,NONE,IDLE,0,0,0,0,0,0,0,,0
1237,12370,NONE,IDLE,0,0,0,0,0,0,0,,0
1238,12380,NONE,IDLE,0,0,0,0,0,0,0,,0
1239,12390,NONE,IDLE,0,0,0,0,0,0,0,,0
1240,12400,NONE,IDLE,0,0,0,0,0,0,0,,0
1241,12410,NONE,IDLE,0,0,0,0,0,0,0,,0
1242,12420,NONE,IDLE,0,0,0,0,0,0,0,,0
1243,12430,NONE,IDLE,0,0,0,0,0,0,0,,0
1244,12440,NONE,IDLE,0,0,0,0,0,0,0,,0
1245,12450,NONE,IDLE,0,0,0,0,0,0,0,,0
1246,12460,NONE,IDLE,0,0,0,0,0,0,0,,0
1247,12470,NONE,IDLE,0,0,0,0,0,0,0,,0
1248,12480,NONE,IDLE,0,0,0,0,0,0,0,,0
1249,12490,NONE,IDLE,0,0,0,0,0,0,0,,0
1250,12500,NONE,IDLE,0,0,0,0,0,0,0,,0
1251,12510,NONE,IDLE,0,0,0,0,0,0,0,,0
1252,12520,NONE,IDLE,0,0,0,0,0,0,0,,0
1253,12530,NONE,IDLE,0,0,0,0,0,0,0,,0
1254,12540,NONE,IDLE,0,0,0,0,0,0,0,,0
1255,12550,NONE,IDLE,0,0,0,0,0,0,0,,0
1256,12560,NONE,IDLE,0,0,0,0,0,0,0,,0
1257,12570,NONE,IDLE,0,0,0,0,0,0,0,,0
1258,12580,NONE,IDLE,0,0,0,0,0,0,0,,0
1259,12590,NONE,IDLE,0,0,0,0,0,0,0,,0
1260,12600,NONE,IDLE,0,0,0,0,0,0,0,,0
1261,12610,NONE,IDLE,0,0,0,0,0,0,0,,0
1262,12620,NONE,IDLE,0,0,0,0,0,0,0,,0
1263,12630,NONE,IDLE,0,0,0,0,0,0,0,,0
1264,12640,NONE,IDLE,0,0,0,0,0,0,0,,0
1265,12650,NONE,IDLE,0,0,0,0,0,0,0,,0
1266,12660,NONE,IDLE,0,0,0,0,0,0,0,,0
1267,12670,NONE,IDLE,0,0,0,0,0,0,0,,0
1268,12680,NONE,IDLE,0,0,0,0,0,0,0,,0
1269,12690,NONE,IDLE,0,0,0,0,0,0,0,,0
1270,12700,NONE,IDLE,0,0,0,0,0,0,0,,0
1271,12710,NONE,IDLE,0,0,0,0,0,0,0,,0
1272,12720,NONE,IDLE,0,0,0,0,0,0,0,,0
1273,12730,NONE,IDLE,0,0,0,0,0,0,0,,0
1274,12740,NONE,IDLE,0,0,0,0,0,0,0,,0
1275,12750,NONE,IDLE,0,0,0,0,0,0,0,,0
1276,12760,NONE,IDLE,0,0,0,0,0,0,0,,0
1277,12770,NONE,IDLE,0,0,0,0,0,0,0,,0
1278,12780,NONE,IDLE,0,0,0,0,0,0,0,,0
1279,12790,NONE,IDLE,0,0,0,0,0,0,0,,0
1280,12800,NONE,IDLE,0,0,0,0,0,0,0,,0
1281,12810,NONE,IDLE,0,0,0,0,0,0,0,,0
1282,12820,NONE,IDLE,0,0,0,0,0,0,0,,0
1283,12830,NONE,IDLE,0,0,0,0,0,0,0,,0
1284,12840,NONE,IDLE,0,0,0,0,0,0,0,,0
1285,12850,NONE,IDLE,0,0,0,0,0,0,0,,0
1286,12860,NONE,IDLE,0,0,0,0,0,0,0,,0
1287,12870,NONE,IDLE,0,0,0,0,0,0,0,,0
1288,12880,NONE,IDLE,0,0,0,0,0,0,0,,0
1289,12890,NONE,IDLE,0,0,0,0,0,0,0,,0
1290,12900,NONE,IDLE,0,0,0,0,0,0,0,,0
1291,12910,NONE,IDLE,0,0,0,0,0,0,0,,0
1292,12920,NONE,IDLE,0,0,0,0,0,0,0,,0
1293,12930,NONE,IDLE,0,0,0,0,0,0,0,,0
1294,12940,NONE,IDLE,0,0,0,0,0,0,0,,0
1295,12950,NONE,IDLE,0,0,0,0,0,0,0,,0
1296,12960,NONE,IDLE,0,0,0,0,0,0,0,,0
1297,12970,NONE,IDLE,0,0,0,0,0,0,0,,0
1298,12980,NONE,IDLE,0,0,0,0,0,0,0,,0
1299,12990,NONE,IDLE,0,0,0,0,0,0,0,,0
1300,13000,NONE,IDLE,0,0,0,0,0,0,0,,0
1301,13010,NONE,IDLE,0,0,0,0,0,0,0,,0
1302,13020,NONE,IDLE,0,0,0,0,0,0,0,,0
1303,13030,NONE,IDLE,0,0,0,0,0,0,0,,0
1304,13040,NONE,IDLE,0,0,0,0,0,0,0,,0
1305,13050,NONE,IDLE,0,0,0,0,0,0,0,,0
1306,13060,NONE,IDLE,0,0,0,0,0,0,0,,0
1307,13070,NONE,IDLE,0,0,0,0,0,0,0,,0
1308,13080,NONE,IDLE,0,0,0,0,0,0,0,,0
1309,13090,NONE,IDLE,0,0,0,0,0,0,0,,0
1310,13100,NONE,IDLE,0,0,0,0,0,0,0,,0
1311,13110,NONE,IDLE,0,0,0,0,0,0,0,,0
1312,13120,NONE,IDLE,0,0,0,0,0,0,0,,0
1313,13130,NONE,IDLE,0,0,0,0,0,0,0,,0
1314,13140,NONE,IDLE,0,0,0,0,0,0,0,,0
1315,13150,NONE,IDLE,0,0,0,0,0,0,0,,0
1316,13160,NONE,IDLE,0,0,0,0,0,0,0,,0
1317,13170,NONE,IDLE,0,0,0,0,0,0,0,,0
1318,13180,NONE,IDLE,0,0,0,0,0,0,0,,0
1319,13190,NONE,IDLE,0,0,0,0,0,0,0,,0
1320,13200,NONE,IDLE,0,0,0,0,0,0,0,,0
1321,13210,NONE,IDLE,0,0,0,0,0,0,0,,0
1322,13220,NONE,IDLE,0,0,0,0,0,0,0,,0
1323,13230,NONE,IDLE,0,0,0,0,0,0,0,,0
1324,13240,NONE,IDLE,0,0,0,0,0,0,0,,0
1325,13250,NONE,IDLE,0,0,0,0,0,0,0,,0
1326,13260,NONE,IDLE,0,0,0,0,0,0,0,,0
1327,13270,NONE,IDLE,0,0,0,0,0,0,0,,0
1328,13280,NONE,IDLE,0,0,0,0,0,0,0,,0
1329,13290,NONE,IDLE,0,0,0,0,0,0,0,,0
1330,13300,NONE,IDLE,0,0,0,0,0,0,0,,0
1331,13310,NONE,IDLE,0,0,0,0,0,0,0,,0
1332,13320,NONE,IDLE,0,0,0,0,0,0,0,,0
1333,13330,NONE,IDLE,0,0,0,0,0,0,0,,0
1334,13340,NONE,IDLE,0,0,0,0,0,0,0,,0
1335,13350,NONE,IDLE,0,0,0,0,0,0,0,,0
1336,13360,NONE,IDLE,0,0,0,0,0,0,0,,0
1337,13370,NONE,IDLE,0,0,0,0,0,0,0,,0
1338,13380,NONE,IDLE,0,0,0,0,0,0,0,,0
1339,13390,NONE,IDLE,0,0,0,0,0,0,0,,0
1340,13400,NONE,IDLE,0,0,0,0,0,0,0,,0
1341,13410,NONE,IDLE,0,0,0,0,0,0,0,,0
1342,13420,NONE,IDLE,0,0,0,0,0,0,0,,0
1343,13430,NONE,IDLE,0,0,0,0,0,0,0,,0
1344,13440,NONE,IDLE,0,0,0,0,0,0,0,,0
1345,13450,NONE,IDLE,0,0,0,0,0,0,0,,0
1346,13460,NONE,IDLE,0,0,0,0,0,0,0,,0
1347,13470,NONE,IDLE,0,0,0,0,0,0,0,,0
1348,13480,NONE,IDLE,0,0,0,0,0,0,0,,0
1349,13490,NONE,IDLE,0,0,0,0,0,0,0,,0
1350,13500,NONE,IDLE,0,0,0,0,0,0,0,,0
1351,13510,NONE,IDLE,0,0,0,0,0,0,0,,0
1352,13520,NONE,IDLE,0,0,0,0,0,0,0,,0
1353,13530,NONE,IDLE,0,0,0,0,0,0,0,,0
1354,13540,NONE,IDLE,0,0,0,0,0,0,0,,0
1355,13550,NONE,IDLE,0,0,0,0,0,0,0,,0
1356,13560,NONE,IDLE,0,0,0,0,0,0,0,,0
1357,13570,NONE,IDLE,0,0,0,0,0,0,0,,0
1358,13580,NONE,IDLE,0,0,0,0,0,0,0,,0
1359,13590,NONE,IDLE,0,0,0,0,0,0,0,,0
1360,13600,NONE,IDLE,0,0,0,0,0,0,0,,0
1361,13610,NONE,IDLE,0,0,0,0,0,0,0,,0
1362,13620,NONE,IDLE,0,0,0,0,0,0,0,,0
1363,13630,NONE,IDLE,0,0,0,0,0,0,0,,0
1364,13640,NONE,IDLE,0,0,0,0,0,0,0,,0
1365,13650,NONE,IDLE,0,0,0,0,0,0,0,,0
1366,13660,NONE,IDLE,0,0,0,0,0,0,0,,0
1367,13670,NONE,IDLE,0,0,0,0,0,0,0,,0
1368,13680,NONE,IDLE,0,0,0,0,0,0,0,,0
1369,13690,NONE,IDLE,0,0,0,0,0,0,0,,0
1370,13700,NONE,IDLE,0,0,0,0,0,0,0,,0
1371,13710,NONE,IDLE,0,0,0,0,0,0,0,,0
1372,13720,NONE,IDLE,0,0,0,0,0,0,0,,0
1373,13730,NONE,IDLE,0,0,0,0,0,0,0,,0
1374,13740,NONE,IDLE,0,0,0,0,0,0,0,,0
1375,13750,NONE,IDLE,0,0,0,0,0,0,0,,0
1376,13760,NONE,IDLE,0,0,0,0,0,0,0,,0
1377,13770,NONE,IDLE,0,0,0,0,0,0,0,,0
1378,13780,NONE,IDLE,0,0,0,0,0,0,0,,0
1379,13790,NONE,IDLE,0,0,0,0,0,0,0,,0
1380,13800,NONE,IDLE,0,0,0,0,0,0,0,,0
1381,13810,NONE,IDLE,0,0,0,0,0,0,0,,0
1382,13820,NONE,IDLE,0,0,0,0,0,0,0,,0
1383,13830,NONE,IDLE,0,0,0,0,0,0,0,,0
1384,13840,NONE,IDLE,0,0,0,0,0,0,0,,0
1385,13850,NONE,IDLE,0,0,0,0,0,0,0,,0
1386,13860,NONE,IDLE,0,0,0,0,0,0,0,,0
1387,13870,NONE,IDLE,0,0,0,0,0,0,0,,0
1388,13880,NONE,IDLE,0,0,0,0,0,0,0,,0
1389,13890,NONE,IDLE,0,0,0,0,0,0,0,,0
1390,13900,NONE,IDLE,0,0,0,0,0,0,0,,0
1391,13910,NONE,IDLE,0,0,0,0,0,0,0,,0
1392,13920,NONE,IDLE,0,0,0,0,0,0,0,,0
1393,13930,NONE,IDLE,0,0,0,0,0,0,0,,0
1394,13940,NONE,IDLE,0,0,0,0,0,0,0,,0
1395,13950,NONE,IDLE,0,0,0,0,0,0,0,,0
1396,13960,NONE,IDLE,0,0,0,0,0,0,0,,0
1397,13970,NONE,IDLE,0,0,0,0,0,0,0,,0
1398,13980,NONE,IDLE,0,0,0,0,0,0,0,,0
1399,13990,NONE,IDLE,0,0,0,0,0,0,0,,0
1400,14000,NONE,IDLE,0,0,0,0,0,0,0,,0
1401,14010,NONE,IDLE,0,0,0,0,0,0,0,,0
1402,14020,NONE,IDLE,0,0,0,0,0,0,0,,0
1403,14030,NONE,IDLE,0,0,0,0,0,0,0,,0
1404,14040,NONE,IDLE,0,0,0,0,0,0,0,,0
1405,14050,NONE,IDLE,0,0,0,0,0,0,0,,0
1406,14060,NONE,IDLE,0,0,0,0,0,0,0,,0
1407,14070,NONE,IDLE,0,0,0,0,0,0,0,,0
1408,14080,NONE,IDLE,0,0,0,0,0,0,0,,0
1409,14090,NONE,IDLE,0,0,0,0,0,0,0,,0
1410,14100,NONE,IDLE,0,0,0,0,0,0,0,,0
1411,14110,NONE,IDLE,0,0,0,0,0,0,0,,0
1412,14120,NONE,IDLE,0,0,0,0,0,0,0,,0
1413,14130,NONE,IDLE,0,0,0,0,0,0,0,,0
1414,14140,NONE,IDLE,0,0,0,0,0,0,0,,0
1415,14150,NONE,IDLE,0,0,0,0,0,0,0,,0
1416,14160,NONE,IDLE,0,0,0,0,0,0,0,,0
1417,14170,NONE,IDLE,0,0,0,0,0,0,0,,0
1418,14180,NONE,IDLE,0,0,0,0,0,0,0,,0
1419,14190,NONE,IDLE,0,0,0,0,0,0,0,,0
1420,14200,NONE,IDLE,0,0,0,0,0,0,0,,0
1421,14210,NONE,IDLE,0,0,0,0,0,0,0,,0
1422,14220,NONE,IDLE,0,0,0,0,0,0,0,,0
1423,14230,NONE,IDLE,0,0,0,0,0,0,0,,0
1424,14240,NONE,IDLE,0,0,0,0,0,0,0,,0
1425,14250,NONE,IDLE,0,0,0,0,0,0,0,,0
1426,14260,NONE,IDLE,0,0,0,0,0,0,0,,0
1427,14270,NONE,IDLE,0,0,0,0,0,0,0,,0
1428,14280,NONE,IDLE,0,0,0,0,0,0,0,,0
1429,14290,NONE,IDLE,0,0,0,0,0,0,0,,0
1430,14300,NONE,IDLE,0,0,0,0,0,0,0,,0
1431,14310,NONE,IDLE,0,0,0,0,0,0,0,,0
1432,14320,NONE,IDLE,0,0,0,0,0,0,0,,0
1433,14330,NONE,IDLE,0,0,0,0,0,0,0,,0
1434,14340,NONE,IDLE,0,0,0,0,0,0,0,,0
1435,14350,NONE,IDLE,0,0,0,0,0,0,0,,0
1436,14360,NONE,IDLE,0,0,0,0,0,0,0,,0
1437,14370,NONE,IDLE,0,0,0,0,0,0,0,,0
1438,14380,NONE,IDLE,0,0,0,0,0,0,0,,0
1439,14390,NONE,IDLE,0,0,0,0,0,0,0,,0
1440,14400,NONE,IDLE,0,0,0,0,0,0,0,,0
1441,14410,NONE,IDLE,0,0,0,0,0,0,0,,0
1442,14420,NONE,IDLE,0,0,0,0,0,0,0,,0
1443,14430,NONE,IDLE,0,0,0,0,0,0,0,,0
1444,14440,NONE,IDLE,0,0,0,0,0,0,0,,0
1445,14450,NONE,IDLE,0,0,0,0,0,0,0,,0
1446,14460,NONE,IDLE,0,0,0,0,0,0,0,,0
1447,14470,NONE,IDLE,0,0,0,0,0,0,0,,0
1448,14480,NONE,IDLE,0,0,0,0,0,0,0,,0
1449,14490,NONE,IDLE,0,0,0,0,0,0,0,,0
1450,14500,NONE,IDLE,0,0,0,0,0,0,0,,0
1451,14510,NONE,IDLE,0,0,0,0,0,0,0,,0
1452,14520,NONE,IDLE,0,0,0,0,0,0,0,,0
1453,14530,NONE,IDLE,0,0,0,0,0,0,0,,0
1454,14540,NONE,IDLE,0,0,0,0,0,0,0,,0
1455,14550,NONE,IDLE,0,0,0,0,0,0,0,,0
1456,14560,NONE,IDLE,0,0,0,0,0,0,0,,0
1457,14570,NONE,IDLE,0,0,0,0,0,0,0,,0
1458,14580,NONE,IDLE,0,0,0,0,0,0,0,,0
1459,14590,NONE,IDLE,0,0,0,0,0,0,0,,0
1460,14600,NONE,IDLE,0,0,0,0,0,0,0,,0
1461,14610,NONE,IDLE,0,0,0,0,0,0,0,,0
1462,14620,NONE,IDLE,0,0,0,0,0,0,0,,0
1463,14630,NONE,IDLE,0,0,0,0,0,0,0,,0
1464,14640,NONE,IDLE,0,0,0,0,0,0,0,,0
1465,14650,NONE,IDLE,0,0,0,0,0,0,0,,0
1466,14660,NONE,IDLE,0,0,0,0,0,0,0,,0
1467,14670,NONE,IDLE,0,0,0,0,0,0,0,,0
1468,14680,NONE,IDLE,0,0,0,0,0,0,0,,0
1469,14690,NONE,IDLE,0,0,0,0,0,0,0,,0
1470,14700,NONE,IDLE,0,0,0,0,0,0,0,,0
1471,14710,NONE,IDLE,0,0,0,0,0,0,0,,0
1472,14720,NONE,IDLE,0,0,0,0,0,0,0,,0
1473,14730,NONE,IDLE,0,0,0,0,0,0,0,,0
1474,14740,NONE,IDLE,0,0,0,0,0,0,0,,0
1475,14750,NONE,IDLE,0,0,0,0,0,0,0,,0
1476,14760,NONE,IDLE,0,0,0,0,0,0,0,,0
1477,14770,NONE,IDLE,0,0,0,0,0,0,0,,0
1478,14780,NONE,IDLE,0,0,0,0,0,0,0,,0
1479,14790,NONE,IDLE,0,0,0,0,0,0,0,,0
1480,14800,NONE,IDLE,0,0,0,0,0,0,0,,0
1481,14810,NONE,IDLE,0,0,0,0,0,0,0,,0
1482,14820,NONE,IDLE,0,0,0,0,0,0,0,,0
1483,14830,NONE,IDLE,0,0,0,0,0,0,0,,0
1484,14840,NONE,IDLE,0,0,0,0,0,0,0,,0
1485,14850,NONE,IDLE,0,0,0,0,0,0,0,,0
1486,14860,NONE,IDLE,0,0,0,0,0,0,0,,0
1487,14870,NONE,IDLE,0,0,0,0,0,0,0,,0
1488,14880,NONE,IDLE,0,0,0,0,0,0,0,,0
1489,14890,NONE,IDLE,0,0,0,0,0,0,0,,0
1490,14900,NONE,IDLE,0,0,0,0,0,0,0,,0
1491,14910,NONE,IDLE,0,0,0,0,0,0,0,,0
1492,14920,NONE,IDLE,0,0,0,0,0,0,0,,0
1493,14930,NONE,IDLE,0,0,0,0,0,0,0,,0
1494,14940,NONE,IDLE,0,0,0,0,0,0,0,,0
1495,14950,NONE,IDLE,0,0,0,0,0,0,0,,0
1496,14960,NONE,IDLE,0,0,0,0,0,0,0,,0
1497,14970,NONE,IDLE,0,0,0,0,0,0,0,,0
1498,14980,NONE,IDLE,0,0,0,0,0,0,0,,0
1499,14990,NONE,IDLE,0,0,0,0,0,0,0,,0
1500,15000,NONE,IDLE,0,0,0,0,0,0,0,,0
1501,15010,NONE,IDLE,0,0,0,0,0,0,0,,0
1502,15020,NONE,IDLE,0,0,0,0,0,0,0,,0
1503,15030,NONE,IDLE,0,0,0,0,0,0,0,,0
1504,15040,NONE,IDLE,0,0,0,0,0,0,0,,0
1505,15050,NONE,IDLE,0,0,0,0,0,0,0,,0
1506,15060,NONE,IDLE,0,0,0,0,0,0,0,,0
1507,15070,NONE,IDLE,0,0,0,0,0,0,0,,0
1508,15080,NONE,IDLE,0,0,0,0,0,0,0,,0
1509,15090,NONE,IDLE,0,0,0,0,0,0,0,,0
1510,15100,NONE,IDLE,0,0,0,0,0,0,0,,0
1511,15110,NONE,IDLE,0,0,0,0,0,0,0,,0
1512,15120,NONE,IDLE,0,0,0,0,0,0,0,,0
1513,15130,NONE,IDLE,0,0,0,0,0,0,0,,0
1514,15140,NONE,IDLE,0,0,0,0,0,0,0,,0
1515,15150,NONE,IDLE,0,0,0,0,0,0,0,,0
1516,15160,NONE,IDLE,0,0,0,0,0,0,0,,0
1517,15170,NONE,IDLE,0,0,0,0,0,0,0,,0
1518,15180,NONE,IDLE,0,0,0,0,0,0,0,,0
1519,15190,NONE,IDLE,0,0,0,0,0,0,0,,0
1520,15200,NONE,IDLE,0,0,0,0,0,0,0,,0
1521,15210,NONE,IDLE,0,0,0,0,0,0,0,,0
1522,15220,NONE,IDLE,0,0,0,0,0,0,0,,0
1523,15230,NONE,IDLE,0,0,0,0,0,0,0,,0
1524,15240,NONE,IDLE,0,0,0,0,0,0,0,,0
1525,15250,NONE,IDLE,0,0,0,0,0,0,0,,0
1526,15260,NONE,IDLE,0,0,0,0,0,0,0,,0
1527,15270,NONE,IDLE,0,0,0,0,0,0,0,,0
1528,15280,NONE,IDLE,0,0,0,0,0,0,0,,0
1529,15290,NONE,IDLE,0,0,0,0,0,0,0,,0
1530,15300,NONE,IDLE,0,0,0,0,0,0,0,,0
1531,15310,NONE,IDLE,0,0,0,0,0,0,0,,0
1532,15320,NONE,IDLE,0,0,0,0,0,0,0,,0
1533,15330,NONE,IDLE,0,0,0,0,0,0,0,,0
1534,15340,NONE,IDLE,0,0,0,0,0,0,0,,0
1535,15350,NONE,IDLE,0,0,0,0,0,0,0,,0
1536,15360,NONE,IDLE,0,0,0,0,0,0,0,,0
1537,15370,NONE,IDLE,0,0,0,0,0,0,0,,0
1538,15380,NONE,IDLE,0,0,0,0,0,0,0,,0
1539,15390,NONE,IDLE,0,0,0,0,0,0,0,,0
1540,15400,NONE,IDLE,0,0,0,0,0,0,0,,0
1541,15410,NONE,IDLE,0,0,0,0,0,0,0,,0
1542,15420,NONE,IDLE,0,0,0,0,0,0,0,,0
1543,15430,NONE,IDLE,0,0,0,0,0,0,0,,0
1544,15440,NONE,IDLE,0,0,0,0,0,0,0,,0
1545,15450,NONE,IDLE,0,0,0,0,0,0,0,,0
1546,15460,NONE,IDLE,0,0,0,0,0,0,0,,0
1547,15470,NONE,IDLE,0,0,0,0,0,0,0,,0
1548,15480,NONE,IDLE,0,0,0,0,0,0,0,,0
1549,15490,NONE,IDLE,0,0,0,0,0,0,0,,0
1550,15500,NONE,IDLE,0,0,0,0,0,0,0,,0
1551,15510,NONE,IDLE,0,0,0,0,0,0,0,,0
1552,15520,NONE,IDLE,0,0,0,0,0,0,0,,0
1553,15530,NONE,IDLE,0,0,0,0,0,0,0,,0
1554,15540,NONE,IDLE,0,0,0,0,0,0,0,,0
1555,15550,NONE,IDLE,0,0,0,0,0,0,0,,0
1556,15560,NONE,IDLE,0,0,0,0,0,0,0,,0
1557,15570,NONE,IDLE,0,0,0,0,0,0,0,,0
1558,15580,NONE,IDLE,0,0,0,0,0,0,0,,0
1559,15590,NONE,IDLE,0,0,0,0,0,0,0,,0
1560,15600,NONE,IDLE,0,0,0,0,0,0,0,,0
1561,15610,NONE,IDLE,0,0,0,0,0,0,0,,0
1562,15620,NONE,IDLE,0,0,0,0,0,0,0,,0
1563,15630,NONE,IDLE,0,0,0,0,0,0,0,,0
1564,15640,NONE,IDLE,0,0,0,0,0,0,0,,0
1565,15650,NONE,IDLE,0,0,0,0,0,0,0,,0
1566,15660,NONE,IDLE,0,0,0,0,0,0,0,,0
1567,15670,NONE,IDLE,0,0,0,0,0,0,0,,0
1568,15680,NONE,IDLE,0,0,0,0,0,0,0,,0
1569,15690,NONE,IDLE,0,0,0,0,0,0,0,,0
1570,15700,NONE,IDLE,0,0,0,0,0,0,0,,0
1571,15710,NONE,IDLE,0,0,0,0,0,0,0,,0
1572,15720,NONE,IDLE,0,0,0,0,0,0,0,,0
1573,15730,NONE,IDLE,0,0,0,0,0,0,0,,0
1574,15740,NONE,IDLE,0,0,0,0,0,0,0,,0
1575,15750,NONE,IDLE,0,0,0,0,0,0,0,,0
1576,15760,NONE,IDLE,0,0,0,0,0,0,0,,0
1577,15770,NONE,IDLE,0,0,0,0,0,0,0,,0
1578,15780,NONE,IDLE,0,0,0,0,0,0,0,,0
1579,15790,NONE,IDLE,0,0,0,0,0,0,0,,0
1580,15800,NONE,IDLE,0,0,0,0,0,0,0,,0
1581,15810,NONE,IDLE,0,0,0,0,0,0,0,,0
1582,15820,NONE,IDLE,0,0,0,0,0,0,0,,0
1583,15830,NONE,IDLE,0,0,0,0,0,0,0,,0
1584,15840,NONE,IDLE,0,0,0,0,0,0,0,,0
1585,15850,NONE,IDLE,0,0,0,0,0,0,0,,0
1586,15860,NONE,IDLE,0,0,0,0,0,0,0,,0
1587,15870,NONE,IDLE,0,0,0,0,0,0,0,,0
1588,15880,NONE,IDLE,0,0,0,0,0,0,0,,0
1589,15890,NONE,IDLE,0,0,0,0,0,0,0,,0
1590,15900,NONE,IDLE,0,0,0,0,0,0,0,,0
1591,15910,NONE,IDLE,0,0,0,0,0,0,0,,0
1592,15920,NONE,IDLE,0,0,0,0,0,0,0,,0
1593,15930,NONE,IDLE,0,0,0,0,0,0,0,,0
1594,15940,NONE,IDLE,0,0,0,0,0,0,0,,0
1595,15950,NONE,IDLE,0,0,0,0,0,0,0,,0
1596,15960,NONE,IDLE,0,0,0,0,0,0,0,,0
1597,15970,NONE,IDLE,0,0,0,0,0,0,0,,0
1598,15980,NONE,IDLE,0,0,0,0,0,0,0,,0
1599,15990,NONE,IDLE,0,0,0,0,0,0,0,,0
1600,16000,NONE,IDLE,0,0,0,0,0,0,0,,0
1601,16010,NONE,IDLE,0,0,0,0,0,0,0,,0
1602,16020,NONE,IDLE,0,0,0,0,0,0,0,,0
1603,16030,NONE,IDLE,0,0,0,0,0,0,0,,0
1604,16040,NONE,IDLE,0,0,0,0,0,0,0,,0
1605,16050,NONE,IDLE,0,0,0,0,0,0,0,,0
1606,16060,NONE,IDLE,0,0,0,0,0,0,0,,0
1607,16070,NONE,IDLE,0,0,0,0,0,0,0,,0
1608,16080,NONE,IDLE,0,0,0,0,0,0,0,,0
1609,16090,NONE,IDLE,0,0,0,0,0,0,0,,0
1610,16100,NONE,IDLE,0,0,0,0,0,0,0,,0
1611,16110,NONE,IDLE,0,0,0,0,0,0,0,,0
1612,16120,NONE,IDLE,0,0,0,0,0,0,0,,0
1613,16130,NONE,IDLE,0,0,0,0,0,0,0,,0
1614,16140,NONE,IDLE,0,0,0,0,0,0,0,,0
1615,16150,NONE,IDLE,0,0,0,0,0,0,0,,0
1616,16160,NONE,IDLE,0,0,0,0,0,0,0,,0
1617,16170,NONE,IDLE,0,0,0,0,0,0,0,,0
1618,16180,NONE,IDLE,0,0,0,0,0,0,0,,0
1619,16190,NONE,IDLE,0,0,0,0,0,0,0,,0
1620,16200,NONE,IDLE,0,0,0,0,0,0,0,,0
1621,16210,NONE,IDLE,0,0,0,0,0,0,0,,0
1622,16220,NONE,IDLE,0,0,0,0,0,0,0,,0
1623,16230,NONE,IDLE,0,0,0,0,0,0,0,,0
1624,16240,NONE,IDLE,0,0,0,0,0,0,0,,0
1625,16250,NONE,IDLE,0,0,0,0,0,0,0,,0
1626,16260,NONE,IDLE,0,0,0,0,0,0,0,,0
1627,16270,NONE,IDLE,0,0,0,0,0,0,0,,0
1628,16280,NONE,IDLE,0,0,0,0,0,0,0,,0
1629,16290,NONE,IDLE,0,0,0,0,0,0,0,,0
1630,16300,NONE,IDLE,0,0,0,0,0,0,0,,0
1631,16310,NONE,IDLE,0,0,0,0,0,0,0,,0
1632,16320,NONE,IDLE,0,0,0,0,0,0,0,,0
1633,16330,NONE,IDLE,0,0,0,0,0,0,0,,0
1634,16340,NONE,IDLE,0,0,0,0,0,0,0,,0
1635,16350,NONE,IDLE,0,0,0,0,0,0,0,,0
1636,16360,NONE,IDLE,0,0,0,0,0,0,0,,0
1637,16370,NONE,IDLE,0,0,0,0,0,0,0,,0
1638,16380,NONE,IDLE,0,0,0,0,0,0,0,,0
1639,16390,NONE,IDLE,0,0,0,0,0,0,0,,0
1640,16400,NONE,IDLE,0,0,0,0,0,0,0,,0
1641,16410,NONE,IDLE,0,0,0,0,0,0,0,,0
1642,16420,NONE,IDLE,0,0,0,0,0,0,0,,0
1643,16430,NONE,IDLE,0,0,0,0,0,0,0,,0
1644,16440,NONE,IDLE,0,0,0,0,0,0,0,,0
1645,16450,NONE,IDLE,0,0,0,0,0,0,0,,0
1646,16460,NONE,IDLE,0,0,0,0,0,0,0,,0
1647,16470,NONE,IDLE,0,0,0,0,0,0,0,,0
1648,16480,NONE,IDLE,0,0,0,0,0,0,0,,0
1649,16490,NONE,IDLE,0,0,0,0,0,0,0,,0
1650,16500,NONE,IDLE,0,0,0,0,0,0,0,,0
1651,16510,NONE,IDLE,0,0,0,0,0,0,0,,0
1652,16520,NONE,IDLE,0,0,0,0,0,0,0,,0
1653,16530,NONE,IDLE,0,0,0,0,0,0,0,,0
1654,16540,NONE,IDLE,0,0,0,0,0,0,0,,0
1655,16550,NONE,IDLE,0,0,0,0,0,0,0,,0
1656,16560,NONE,IDLE,0,0,0,0,0,0,0,,0
1657,16570,NONE,IDLE,0,0,0,0,0,0,0,,0
1658,16580,NONE,IDLE,0,0,0,0,0,0,0,,0
1659,16590,NONE,IDLE,0,0,0,0,0,0,0,,0
1660,16600,NONE,IDLE,0,0,0,0,0,0,0,,0
1661,16610,NONE,IDLE,0,0,0,0,0,0,0,,0
1662,16620,NONE,IDLE,0,0,0,0,0,0,0,,0
1663,16630,NONE,IDLE,0,0,0,0,0,0,0,,0
1664,16640,NONE,IDLE,0,0,0,0,0,0,0,,0
1665,16650,NONE,IDLE,0,0,0,0,0,0,0,,0
1666,16660,NONE,IDLE,0,0,0,0,0,0,0,,0
1667,16670,NONE,IDLE,0,0,0,0,0,0,0,,0
1668,16680,NONE,IDLE,0,0,0,0,0,0,0,,0
1669,16690,NONE,IDLE,0,0,0,0,0,0,0,,0
1670,16700,NONE,IDLE,0,0,0,0,0,0,0,,0
1671,16710,NONE,IDLE,0,0,0,0,0,0,0,,0
1672,16720,NONE,IDLE,0,0,0,0,0,0,0,,0
1673,16730,NONE,IDLE,0,0,0,0,0,0,0,,0
1674,16740,NONE,IDLE,0,0,0,0,0,0,0,,0
1675,16750,NONE,IDLE,0,0,0,0,0,0,0,,0
1676,16760,NONE,IDLE,0,0,0,0,0,0,0,,0
1677,16770,NONE,IDLE,0,0,0,0,0,0,0,,0
1678,16780,NONE,IDLE,0,0,0,0,0,0,0,,0
1679,16790,NONE,IDLE,0,0,0,0,0,0,0,,0
1680,16800,NONE,IDLE,0,0,0,0,0,0,0,,0
1681,16810,NONE,IDLE,0,0,0,0,0,0,0,,0
1682,16820,NONE,IDLE,0,0,0,0,0,0,0,,0
1683,16830,NONE,IDLE,0,0,0,0,0,0,0,,0
1684,16840,NONE,IDLE,0,0,0,0,0,0,0,,0
1685,16850,NONE,IDLE,0,0,0,0,0,0,0,,0
1686,16860,NONE,IDLE,0,0,0,0,0,0,0,,0
1687,16870,NONE,IDLE,0,0,0,0,0,0,0,,0
1688,16880,NONE,IDLE,0,0,0,0,0,0,0,,0
1689,16890,NONE,IDLE,0,0,0,0,0,0,0,,0
1690,16900,NONE,IDLE,0,0,0,0,0,0,0,,0
1691,16910,NONE,IDLE,0,0,0,0,0,0,0,,0
1692,16920,NONE,IDLE,0,0,0,0,0,0,0,,0
1693,16930,NONE,IDLE,0,0,0,0,0,0,0,,0
1694,16940,NONE,IDLE,0,0,0,0,0,0,0,,0
1695,16950,NONE,IDLE,0,0,0,0,0,0,0,,0
1696,16960,NONE,IDLE,0,0,0,0,0,0,0,,0
1697,16970,NONE,IDLE,0,0,0,0,0,0,0,,0
1698,16980,NONE,IDLE,0,0,0,0,0,0,0,,0
1699,16990,NONE,IDLE,0,0,0,0,0,0,0,,0
1700,17000,NONE,IDLE,0,0,0,0,0,0,0,,0
1701,17010,NONE,IDLE,0,0,0,0,0,0,0,,0
1702,17020,NONE,IDLE,0,0,0,0,0,0,0,,0
1703,17030,NONE,IDLE,0,0,0,0,0,0,0,,0
1704,17040,NONE,IDLE,0,0,0,0,0,0,0,,0
1705,17050,NONE,IDLE,0,0,0,0,0,0,0,,0
1706,17060,NONE,IDLE,0,0,0,0,0,0,0,,0
1707,17070,NONE,IDLE,0,0,0,0,0,0,0,,0
1708,17080,NONE,IDLE,0,0,0,0,0,0,0,,0
1709,17090,NONE,IDLE,0,0,0,0,0,0,0,,0
1710,17100,NONE,IDLE,0,0,0,0,0,0,0,,0
1711,17110,NONE,IDLE,0,0,0,0,0,0,0,,0
1712,17120,NONE,IDLE,0,0,0,0,0,0,0,,0
1713,17130,NONE,IDLE,0,0,0,0,0,0,0,,0
1714,17140,NONE,IDLE,0,0,0,0,0,0,0,,0
1715,17150,NONE,IDLE,0,0,0,0,0,0,0,,0
1716,17160,NONE,IDLE,0,0,0,0,0,0,0,,0
1717,17170,NONE,IDLE,0,0,0,0,0,0,0,,0
1718,17180,NONE,IDLE,0,0,0,0,0,0,0,,0
1719,17190,NONE,IDLE,0,0,0,0,0,0,0,,0
1720,17200,NONE,IDLE,0,0,0,0,0,0,0,,0
1721,17210,NONE,IDLE,0,0,0,0,0,0,0,,0
1722,17220,NONE,IDLE,0,0,0,0,0,0,0,,0
1723,17230,NONE,IDLE,0,0,0,0,0,0,0,,0
1724,17240,NONE,IDLE,0,0,0,0,0,0,0,,0
1725,17250,NONE,IDLE,0,0,0,0,0,0,0,,0
1726,17260,NONE,IDLE,0,0,0,0,0,0,0,,0
1727,17270,NONE,IDLE,0,0,0,0,0,0,0,,0
1728,17280,NONE,IDLE,0,0,0,0,0,0,0,,0
1729,17290,NONE,IDLE,0,0,0,0,0,0,0,,0
1730,17300,NONE,IDLE,0,0,0,0,0,0,0,,0
1731,17310,NONE,IDLE,0,0,0,0,0,0,0,,0
1732,17320,NONE,IDLE,0,0,0,0,0,0,0,,0
1733,17330,NONE,IDLE,0,0,0,0,0,0,0,,0
1734,17340,NONE,IDLE,0,0,0,0,0,0,0,,0
1735,17350,NONE,IDLE,0,0,0,0,0,0,0,,0
1736,17360,NONE,IDLE,0,0,0,0,0,0,0,,0
1737,17370,NONE,IDLE,0,0,0,0,0,0,0,,0
1738,17380,NONE,IDLE,0,0,0,0,0,0,0,,0
1739,17390,NONE,IDLE,0,0,0,0,0,0,0,,0
1740,17400,NONE,IDLE,0,0,0,0,0,0,0,,0
1741,17410,NONE,IDLE,0,0,0,0,0,0,0,,0
1742,17420,NONE,IDLE,0,0,0,0,0,0,0,,0
1743,17430,NONE,IDLE,0,0,0,0,0,0,0,,0
1744,17440,NONE,IDLE,0,0,0,0,0,0,0,,0
1745,17450,NONE,IDLE,0,0,0,0,0,0,0,,0
1746,17460,NONE,IDLE,0,0,0,0,0,0,0,,0
1747,17470,NONE,IDLE,0,0,0,0,0,0,0,,0
1748,17480,NONE,IDLE,0,0,0,0,0,0,0,,0
1749,17490,NONE,IDLE,0,0,0,0,0,0,0,,0
1750,17500,NONE,IDLE,0,0,0,0,0,0,0,,0
1751,17510,NONE,IDLE,0,0,0,0,0,0,0,,0
1752,17520,NONE,IDLE,0,0,0,0,0,0,0,,0
1753,17530,NONE,IDLE,0,0,0,0,0,0,0,,0
1754,17540,NONE,IDLE,0,0,0,0,0,0,0,,0
1755,17550,NONE,IDLE,0,0,0,0,0,0,0,,0
1756,17560,NONE,IDLE,0,0,0,0,0,0,0,,0
1757,17570,NONE,IDLE,0,0,0,0,0,0,0,,0
1758,17580,NONE,IDLE,0,0,0,0,0,0,0,,0
1759,17590,NONE,IDLE,0,0,0,0,0,0,0,,0
1760,17600,NONE,IDLE,0,0,0,0,0,0,0,,0
1761,17610,NONE,IDLE,0,0,0,0,0,0,0,,0
1762,17620,NONE,IDLE,0,0,0,0,0,0,0,,0
1763,17630,NONE,IDLE,0,0,0,0,0,0,0,,0
1764,17640,NONE,IDLE,0,0,0,0,0,0,0,,0
1765,17650,NONE,IDLE,0,0,0,0,0,0,0,,0
1766,17660,NONE,IDLE,0,0,0,0,0,0,0,,0
1767,17670,NONE,IDLE,0,0,0,0,0,0,0,,0
1768,17680,NONE,IDLE,0,0,0,0,0,0,0,,0
1769,17690,NONE,IDLE,0,0,0,0,0,0,0,,0
1770,17700,NONE,IDLE,0,0,0,0,0,0,0,,0
1771,17710,NONE,IDLE,0,0,0,0,0,0,0,,0
1772,17720,NONE,IDLE,0,0,0,0,0,0,0,,0
1773,17730,NONE,IDLE,0,0,0,0,0,0,0,,0
1774,17740,NONE,IDLE,0,0,0,0,0,0,0,,0
1775,17750,NONE,IDLE,0,0,0,0,0,0,0,,0
1776,17760,NONE,IDLE,0,0,0,0,0,0,0,,0
1777,17770,NONE,IDLE,0,0,0,0,0,0,0,,0
1778,17780,NONE,IDLE,0,0,0,0,0,0,0,,0
1779,17790,NONE,IDLE,0,0,0,0,0,0,0,,0
1780,17800,NONE,IDLE,0,0,0,0,0,0,0,,0
1781,17810,NONE,IDLE,0,0,0,0,0,0,0,,0
1782,17820,NONE,IDLE,0,0,0,0,0,0,0,,0
1783,17830,NONE,IDLE,0,0,0,0,0,0,0,,0
1784,17840,NONE,IDLE,0,0,0,0,0,0,0,,0
1785,17850,NONE,IDLE,0,0,0,0,0,0,0,,0
1786,17860,NONE,IDLE,0,0,0,0,0,0,0,,0
1787,17870,NONE,IDLE,0,0,0,0,0,0,0,,0
1788,17880,NONE,IDLE,0,0,0,0,0,0,0,,0
1789,17890,NONE,IDLE,0,0,0,0,0,0,0,,0
1790,17900,NONE,IDLE,0,0,0,0,0,0,0,,0
1791,17910,NONE,IDLE,0,0,0,0,0,0,0,,0
1792,17920,NONE,IDLE,0,0,0,0,0,0,0,,0
1793,17930,NONE,IDLE,0,0,0,0,0,0,0,,0
1794,17940,NONE,IDLE,0,0,0,0,0,0,0,,0
1795,17950,NONE,IDLE,0,0,0,0,0,0,0,,0
1796,17960,NONE,IDLE,0,0,0,0,0,0,0,,0
1797,17970,NONE,IDLE,0,0,0,0,0,0,0,,0
1798,17980,NONE,IDLE,0,0,0,0,0,0,0,,0
1799,17990,NONE,IDLE,0,0,0,0,0,0,0,,0
1800,18000,NONE,IDLE,0,0,0,0,0,0,0,,0
1801,18010,NONE,IDLE,0,0,0,0,0,0,0,,0
1802,18020,NONE,IDLE,0,0,0,0,0,0,0,,0
1803,18030,NONE,IDLE,0,0,0,0,0,0,0,,0
1804,18040,NONE,IDLE,0,0,0,0,0,0,0,,0
1805,18050,NONE,IDLE,0,0,0,0,0,0,0,,0
1806,18060,NONE,IDLE,0,0,0,0,0,0,0,,0
1807,18070,NONE,IDLE,0,0,0,0,0,0,0,,0
1808,18080,NONE,IDLE,0,0,0,0,0,0,0,,0
1809,18090,NONE,IDLE,0,0,0,0,0,0,0,,0
1810,18100,NONE,IDLE,0,0,0,0,0,0,0,,0
1811,18110,NONE,IDLE,0,0,0,0,0,0,0,,0
1812,18120,NONE,IDLE,0,0,0,0,0,0,0,,0
1813,18130,NONE,IDLE,0,0,0,0,0,0,0,,0
1814,18140,NONE,IDLE,0,0,0,0,0,0,0,,0
1815,18150,NONE,IDLE,0,0,0,0,0,0,0,,0
1816,18160,NONE,IDLE,0,0,0,0,0,0,0,,0
1817,18170,NONE,IDLE,0,0,0,0,0,0,0,,0
1818,18180,NONE,IDLE,0,0,0,0,0,0,0,,0
1819,18190,NONE,IDLE,0,0,0,0,0,0,0,,0
1820,18200,NONE,IDLE,0,0,0,0,0,0,0,,0
1821,18210,NONE,IDLE,0,0,0,0,0,0,0,,0
1822,18220,NONE,IDLE,0,0,0,0,0,0,0,,0
1823,18230,NONE,IDLE,0,0,0,0,0,0,0,,0
1824,18240,NONE,IDLE,0,0,0,0,0,0,0,,0
1825,18250,NONE,IDLE,0,0,0,0,0,0,0,,0
1826,18260,NONE,IDLE,0,0,0,0,0,0,0,,0
1827,18270,NONE,IDLE,0,0,0,0,0,0,0,,0
1828,18280,NONE,IDLE,0,0,0,0,0,0,0,,0
1829,18290,NONE,IDLE,0,0,0,0,0,0,0,,0
1830,18300,NONE,IDLE,0,0,0,0,0,0,0,,0
1831,18310,NONE,IDLE,0,0,0,0,0,0,0,,0
1832,18320,NONE,IDLE,0,0,0,0,0,0,0,,0
1833,18330,NONE,IDLE,0,0,0,0,0,0,0,,0
1834,18340,NONE,IDLE,0,0,0,0,0,0,0,,0
1835,18350,NONE,IDLE,0,0,0,0,0,0,0,,0
1836,18360,NONE,IDLE,0,0,0,0,0,0,0,,0
1837,18370,NONE,IDLE,0,0,0,0,0,0,0,,0
1838,18380,NONE,IDLE,0,0,0,0,0,0,0,,0
1839,18390,NONE,IDLE,0,0,0,0,0,0,0,,0
1840,18400,NONE,IDLE,0,0,0,0,0,0,0,,0
1841,18410,NONE,IDLE,0,0,0,0,0,0,0,,0
1842,18420,NONE,IDLE,0,0,0,0,0,0,0,,0
1843,18430,NONE,IDLE,0,0,0,0,0,0,0,,0
1844,18440,NONE,IDLE,0,0,0,0,0,0,0,,0
1845,18450,NONE,IDLE,0,0,0,0,0,0,0,,0
1846,18460,NONE,IDLE,0,0,0,0,0,0,0,,0
1847,18470,NONE,IDLE,0,0,0,0,0,0,0,,0
1848,18480,NONE,IDLE,0,0,0,0,0,0,0,,0
1849,18490,NONE,IDLE,0,0,0,0,0,0,0,,0
1850,18500,NONE,IDLE,0,0,0,0,0,0,0,,0
1851,18510,NONE,IDLE,0,0,0,0,0,0,0,,0
1852,18520,NONE,IDLE,0,0,0,0,0,0,0,,0
1853,18530,NONE,IDLE,0,0,0,0,0,0,0,,0
1854,18540,NONE,IDLE,0,0,0,0,0,0,0,,0
1855,18550,NONE,IDLE,0,0,0,0,0,0,0,,0
1856,18560,NONE,IDLE,0,0,0,0,0,0,0,,0
1857,18570,NONE,IDLE,0,0,0,0,0,0,0,,0
1858,18580,NONE,IDLE,0,0,0,0,0,0,0,,0
1859,18590,NONE,IDLE,0,0,0,0,0,0,0,,0
1860,18600,NONE,IDLE,0,0,0,0,0,0,0,,0
1861,18610,NONE,IDLE,0,0,0,0,0,0,0,,0
1862,18620,NONE,IDLE,0,0,0,0,0,0,0,,0
1863,18630,NONE,IDLE,0,0,0,0,0,0,0,,0
1864,18640,NONE,IDLE,0,0,0,0,0,0,0,,0
1865,18650,NONE,IDLE,0,0,0,0,0,0,0,,0
1866,18660,NONE,IDLE,0,0,0,0,0,0,0,,0
1867,18670,NONE,IDLE,0,0,0,0,0,0,0,,0
1868,18680,NONE,IDLE,0,0,0,0,0,0,0,,0
1869,18690,NONE,IDLE,0,0,0,0,0,0,0,,0
1870,18700,NONE,IDLE,0,0,0,0,0,0,0,,0
1871,18710,NONE,IDLE,0,0,0,0,0,0,0,,0
1872,18720,NONE,IDLE,0,0,0,0,0,0,0,,0
1873,18730,NONE,IDLE,0,0,0,0,0,0,0,,0
1874,18740,NONE,IDLE,0,0,0,0,0,0,0,,0
1875,18750,NONE,IDLE,0,0,0,0,0,0,0,,0
1876,18760,NONE,IDLE,0,0,0,0,0,0,0,,0
1877,18770,NONE,IDLE,0,0,0,0,0,0,0,,0
1878,18780,NONE,IDLE,0,0,0,0,0,0,0,,0
1879,18790,NONE,IDLE,0,0,0,0,0,0,0,,0
1880,18800,NONE,IDLE,0,0,0,0,0,0,0,,0
1881,18810,NONE,IDLE,0,0,0,0,0,0,0,,0
1882,18820,NONE,IDLE,0,0,0,0,0,0,0,,0
1883,18830,NONE,IDLE,0,0,0,0,0,0,0,,0
1884,18840,NONE,IDLE,0,0,0,0,0,0,0,,0
1885,18850,NONE,IDLE,0,0,0,0,0,0,0,,0
1886,18860,NONE,IDLE,0,0,0,0,0,0,0,,0
1887,18870,NONE,IDLE,0,0,0,0,0,0,0,,0
1888,18880,NONE,IDLE,0,0,0,0,0,0,0,,0
1889,18890,NONE,IDLE,0,0,0,0,0,0,0,,0
1890,18900,NONE,IDLE,0,0,0,0,0,0,0,,0
1891,18910,NONE,IDLE,0,0,0,0,0,0,0,,0
1892,18920,NONE,IDLE,0,0,0,0,0,0,0,,0
1893,18930,NONE,IDLE,0,0,0,0,0,0,0,,0
1894,18940,NONE,IDLE,0,0,0,0,0,0,0,,0
1895,18950,NONE,IDLE,0,0,0,0,0,0,0,,0
1896,18960,NONE,IDLE,0,0,0,0,0,0,0,,0
1897,18970,NONE,IDLE,0,0,0,0,0,0,0,,0
1898,18980,NONE,IDLE,0,0,0,0,0,0,0,,0
1899,18990,NONE,IDLE,0,0,0,0,0,0,0,,0
1900,19000,NONE,IDLE,0,0,0,0,0,0,0,,0
1901,19010,NONE,IDLE,0,0,0,0,0,0,0,,0
1902,19020,NONE,IDLE,0,0,0,0,0,0,0,,0
1903,19030,NONE,IDLE,0,0,0,0,0,0,0,,0
1904,19040,NONE,IDLE,0,0,0,0,0,0,0,,0
1905,19050,NONE,IDLE,0,0,0,0,0,0,0,,0
1906,19060,NONE,IDLE,0,0,0,0,0,0,0,,0
1907,19070,NONE,IDLE,0,0,0,0,0,0,0,,0
1908,19080,NONE,IDLE,0,0,0,0,0,0,0,,0
1909,19090,NONE,IDLE,0,0,0,0,0,0,0,,0
1910,19100,NONE,IDLE,0,0,0,0,0,0,0,,0
1911,19110,NONE,IDLE,0,0,0,0,0,0,0,,0
1912,19120,NONE,IDLE,0,0,0,0,0,0,0,,0
1913,19130,NONE,IDLE,0,0,0,0,0,0,0,,0
1914,19140,NONE,IDLE,0,0,0,0,0,0,0,,0
1915,19150,NONE,IDLE,0,0,0,0,0,0,0,,0
1916,19160,NONE,IDLE,0,0,0,0,0,0,0,,0
1917,19170,NONE,IDLE,0,0,0,0,0,0,0,,0
1918,19180,NONE,IDLE,0,0,0,0,0,0,0,,0
1919,19190,NONE,IDLE,0,0,0,0,0,0,0,,0
1920,19200,NONE,IDLE,0,0,0,0,0,0,0,,0
1921,19210,NONE,IDLE,0,0,0,0,0,0,0,,0
1922,19220,NONE,IDLE,0,0,0,0,0,0,0,,0
1923,19230,NONE,IDLE,0,0,0,0,0,0,0,,0
1924,19240,NONE,IDLE,0,0,0,0,0,0,0,,0
1925,19250,NONE,IDLE,0,0,0,0,0,0,0,,0
1926,19260,NONE,IDLE,0,0,0,0,0,0,0,,0
1927,19270,NONE,IDLE,0,0,0,0,0,0,0,,0
1928,19280,NONE,IDLE,0,0,0,0,0,0,0,,0
1929,19290,NONE,IDLE,0,0,0,0,0,0,0,,0
1930,19300,NONE,IDLE,0,0,0,0,0,0,0,,0
1931,19310,NONE,IDLE,0,0,0,0,0,0,0,,0
1932,19320,NONE,IDLE,0,0,0,0,0,0,0,,0
1933,19330,NONE,IDLE,0,0,0,0,0,0,0,,0
1934,19340,NONE,IDLE,0,0,0,0,0,0,0,,0
1935,19350,NONE,IDLE,0,0,0,0,0,0,0,,0
1936,19360,NONE,IDLE,0,0,0,0,0,0,0,,0
1937,19370,NONE,IDLE,0,0,0,0,0,0,0,,0
1938,19380,NONE,IDLE,0,0,0,0,0,0,0,,0
1939,19390,NONE,IDLE,0,0,0,0,0,0,0,,0
1940,19400,NONE,IDLE,0,0,0,0,0,0,0,,0
1941,19410,NONE,IDLE,0,0,0,0,0,0,0,,0
1942,19420,NONE,IDLE,0,0,0,0,0,0,0,,0
1943,19430,NONE,IDLE,0,0,0,0,0,0,0,,0
1944,19440,NONE,IDLE,0,0,0,0,0,0,0,,0
1945,19450,NONE,IDLE,0,0,0,0,0,0,0,,0
1946,19460,NONE,IDLE,0,0,0,0,0,0,0,,0
1947,19470,NONE,IDLE,0,0,0,0,0,0,0,,0
1948,19480,NONE,IDLE,0,0,0,0,0,0,0,,0
1949,19490,NONE,IDLE,0,0,0,0,0,0,0,,0
1950,19500,NONE,IDLE,0,0,0,0,0,0,0,,0
1951,19510,NONE,IDLE,0,0,0,0,0,0,0,,0
1952,19520,NONE,IDLE,0,0,0,0,0,0,0,,0
1953,19530,NONE,IDLE,0,0,0,0,0,0,0,,0
1954,19540,NONE,IDLE,0,0,0,0,0,0,0,,0
1955,19550,NONE,IDLE,0,0,0,0,0,0,0,,0
1956,19560,NONE,IDLE,0,0,0,0,0,0,0,,0
1957,19570,NONE,IDLE,0,0,0,0,0,0,0,,0
1958,19580,NONE,IDLE,0,0,0,0,0,0,0,,0
1959,19590,NONE,IDLE,0,0,0,0,0,0,0,,0
1960,19600,NONE,IDLE,0,0,0,0,0,0,0,,0
1961,19610,NONE,IDLE,0,0,0,0,0,0,0,,0
1962,19620,NONE,IDLE,0,0,0,0,0,0,0,,0
1963,19630,NONE,IDLE,0,0,0,0,0,0,0,,0
1964,19640,NONE,IDLE,0,0,0,0,0,0,0,,0
1965,19650,NONE,IDLE,0,0,0,0,0,0,0,,0
1966,19660,NONE,IDLE,0,0,0,0,0,0,0,,0
1967,19670,NONE,IDLE,0,0,0,0,0,0,0,,0
1968,19680,NONE,IDLE,0,0,0,0,0,0,0,,0
1969,19690,NONE,IDLE,0,0,0,0,0,0,0,,0
1970,19700,NONE,IDLE,0,0,0,0,0,0,0,,0
1971,19710,NONE,IDLE,0,0,0,0,0,0,0,,0
1972,19720,NONE,IDLE,0,0,0,0,0,0,0,,0
1973,19730,NONE,IDLE,0,0,0,0,0,0,0,,0
1974,19740,NONE,IDLE,0,0,0,0,0,0,0,,0
1975,19750,NONE,IDLE,0,0,0,0,0,0,0,,0
1976,19760,NONE,IDLE,0,0,0,0,0,0,0,,0
1977,19770,NONE,IDLE,0,0,0,0,0,0,0,,0
1978,19780,NONE,IDLE,0,0,0,0,0,0,0,,0
1979,19790,NONE,IDLE,0,0,0,0,0,0,0,,0
1980,19800,NONE,IDLE,0,0,0,0,0,0,0,,0
1981,19810,NONE,IDLE,0,0,0,0,0,0,0,,0
1982,19820,NONE,IDLE,0,0,0,0,0,0,0,,0
1983,19830,NONE,IDLE,0,0,0,0,0,0,0,,0
1984,19840,NONE,IDLE,0,0,0,0,0,0,0,,0
1985,19850,NONE,IDLE,0,0,0,0,0,0,0,,0
1986,19860,NONE,IDLE,0,0,0,0,0,0,0,,0
1987,19870,NONE,IDLE,0,0,0,0,0,0,0,,0
1988,19880,NONE,IDLE,0,0,0,0,0,0,0,,0
1989,19890,NONE,IDLE,0,0,0,0,0,0,0,,0
1990,19900,NONE,IDLE,0,0,0,0,0,0,0,,0
1991,19910,NONE,IDLE,0,0,0,0,0,0,0,,0
1992,19920,NONE,IDLE,0,0,0,0,0,0,0,,0
1993,19930,NONE,IDLE,0,0,0,0,0,0,0,,0
1994,19940,NONE,IDLE,0,0,0,0,0,0,0,,0
1995,19950,NONE,IDLE,0,0,0,0,0,0,0,,0
1996,19960,NONE,IDLE,0,0,0,0,0,0,0,,0
1997,19970,NONE,IDLE,0,0,0,0,0,0,0,,0
1998,19980,NONE,IDLE,0,0,0,0,0,0,0,,0
1999,19990,NONE,IDLE,0,0,0,0,0,0,0,,0
2000,20000,NONE,IDLE,0,0,0,0,0,0,0,,0
2001,20010,NONE,IDLE,0,0,0,0,0,0,0,,0
2002,20020,NONE,IDLE,0,0,0,0,0,0,0,,0
2003,20030,NONE,IDLE,0,0,0,0,0,0,0,,0
2004,20040,NONE,IDLE,0,0,0,0,0,0,0,,0
2005,20050,NONE,IDLE,0,0,0,0,0,0,0,,0
2006,20060,NONE,IDLE,0,0,0,0,0,0,0,,0
2007,20070,NONE,IDLE,0,0,0,0,0,0,0,,0
2008,20080,NONE,IDLE,0,0,0,0,0,0,0,,0
2009,20090,NONE,IDLE,0,0,0,0,0,0,0,,0
2010,20100,NONE,IDLE,0,0,0,0,0,0,0,,0
2011,20110,NONE,IDLE,0,0,0,0,0,0,0,,0
2012,20120,NONE,IDLE,0,0,0,0,0,0,0,,0
2013,20130,NONE,IDLE,0,0,0,0,0,0,0,,0
2014,20140,NONE,IDLE,0,0,0,0,0,0,0,,0
2015,20150,NONE,IDLE,0,0,0,0,0,0,0,,0
2016,20160,NONE,IDLE,0,0,0,0,0,0,0,,0
2017,20170,NONE,IDLE,0,0,0,0,0,0,0,,0
2018,20180,NONE,IDLE,0,0,0,0,0,0,0,,0
2019,20190,NONE,IDLE,0,0,0,0,0,0,0,,0
2020,20200,NONE,IDLE,0,0,0,0,0,0,0,,0
2021,20210,NONE,IDLE,0,0,0,0,0,0,0,,0
2022,20220,NONE,IDLE,0,0,0,0,0,0,0,,0
2023,20230,NONE,IDLE,0,0,0,0,0,0,0,,0
2024,20240,NONE,IDLE,0,0,0,0,0,0,0,,0
2025,20250,NONE,IDLE,0,0,0,0,0,0,0,,0
2026,20260,NONE,IDLE,0,0,0,0,0,0,0,,0
2027,20270,NONE,IDLE,0,0,0,0,0,0,0,,0
2028,20280,NONE,IDLE,0,0,0,0,0,0,0,,0
2029,20290,NONE,IDLE,0,0,0,0,0,0,0,,0
2030,20300,NONE,IDLE,0,0,0,0,0,0,0,,0
2031,20310,NONE,IDLE,0,0,0,0,0,0,0,,0
2032,20320,NONE,IDLE,0,0,0,0,0,0,0,,0
2033,20330,NONE,IDLE,0,0,0,0,0,0,0,,0
2034,20340,NONE,IDLE,0,0,0,0,0,0,0,,0
2035,20350,NONE,IDLE,0,0,0,0,0,0,0,,0
2036,20360,NONE,IDLE,0,0,0,0,0,0,0,,0
2037,20370,NONE,IDLE,0,0,0,0,0,0,0,,0
2038,20380,NONE,IDLE,0,0,0,0,0,0,0,,0
2039,20390,NONE,IDLE,0,0,0,0,0,0,0,,0
2040,20400,NONE,IDLE,0,0,0,0,0,0,0,,0
2041,20410,NONE,IDLE,0,0,0,0,0,0,0,,0
2042,20420,NONE,IDLE,0,0,0,0,0,0,0,,0
2043,20430,NONE,IDLE,0,0,0,0,0,0,0,,0
2044,20440,NONE,IDLE,0,0,0,0,0,0,0,,0
2045,20450,NONE,IDLE,0,0,0,0,0,0,0,,0
2046,20460,NONE,IDLE,0,0,0,0,0,0,0,,0
2047,20470,NONE,IDLE,0,0,0,0,0,0,0,,0
2048,20480,NONE,IDLE,0,0,0,0,0,0,0,,0
2049,20490,NONE,IDLE,0,0,0,0,0,0,0,,0
2050,20500,NONE,IDLE,0,0,0,0,0,0,0,,0
2051,20510,NONE,IDLE,0,0,0,0,0,0,0,,0
2052,20520,NONE,IDLE,0,0,0,0,0,0,0,,0
2053,20530,NONE,IDLE,0,0,0,0,0,0,0,,0
2054,20540,NONE,IDLE,0,0,0,0,0,0,0,,0
2055,20550,NONE,IDLE,0,0,0,0,0,0,0,,0
2056,20560,NONE,IDLE,0,0,0,0,0,0,0,,0
2057,20570,NONE,IDLE,0,0,0,0,0,0,0,,0
2058,20580,NONE,IDLE,0,0,0,0,0,0,0,,0
2059,20590,NONE,IDLE,0,0,0,0,0,0,0,,0
2060,20600,NONE,IDLE,0,0,0,0,0,0,0,,0
2061,20610,NONE,IDLE,0,0,0,0,0,0,0,,0
2062,20620,NONE,IDLE,0,0,0,0,0,0,0,,0
2063,20630,NONE,IDLE,0,0,0,0,0,0,0,,0
2064,20640,NONE,IDLE,0,0,0,0,0,0,0,,0
2065,20650,NONE,IDLE,0,0,0,0,0,0,0,,0
2066,20660,NONE,IDLE,0,0,0,0,0,0,0,,0
2067,20670,NONE,IDLE,0,0,0,0,0,0,0,,0
2068,20680,NONE,IDLE,0,0,0,0,0,0,0,,0
2069,20690,NONE,IDLE,0,0,0,0,0,0,0,,0
2070,20700,NONE,IDLE,0,0,0,0,0,0,0,,0
2071,20710,NONE,IDLE,0,0,0,0,0,0,0,,0
2072,20720,NONE,IDLE,0,0,0,0,0,0,0,,0
2073,20730,NONE,IDLE,0,0,0,0,0,0,0,,0
2074,20740,NONE,IDLE,0,0,0,0,0,0,0,,0
2075,20750,NONE,IDLE,0,0,0,0,0,0,0,,0
2076,20760,NONE,IDLE,0,0,0,0,0,0,0,,0
2077,20770,NONE,IDLE,0,0,0,0,0,0,0,,0
2078,20780,NONE,IDLE,0,0,0,0,0,0,0,,0
2079,20790,NONE,IDLE,0,0,0,0,0,0,0,,0
2080,20800,NONE,IDLE,0,0,0,0,0,0,0,,0
2081,20810,NONE,IDLE,0,0,0,0,0,0,0,,0
2082,20820,NONE,IDLE,0,0,0,0,0,0,0,,0
2083,20830,NONE,IDLE,0,0,0,0,0,0,0,,0
2084,20840,NONE,IDLE,0,0,0,0,0,0,0,,0
2085,20850,NONE,IDLE,0,0,0,0,0,0,0,,0
2086,20860,NONE,IDLE,0,0,0,0,0,0,0,,0
2087,20870,NONE,IDLE,0,0,0,0,0,0,0,,0
2088,20880,NONE,IDLE,0,0,0,0,0,0,0,,0
2089,20890,NONE,IDLE,0,0,0,0,0,0,0,,0
2090,20900,NONE,IDLE,0,0,0,0,0,0,0,,0
2091,20910,NONE,IDLE,0,0,0,0,0,0,0,,0
2092,20920,NONE,IDLE,0,0,0,0,0,0,0,,0
2093,20930,NONE,IDLE,0,0,0,0,0,0,0,,0
2094,20940,NONE,IDLE,0,0,0,0,0,0,0,,0
2095,20950,NONE,IDLE,0,0,0,0,0,0,0,,0
2096,20960,NONE,IDLE,0,0,0,0,0,0,0,,0
2097,20970,NONE,IDLE,0,0,0,0,0,0,0,,0
2098,20980,NONE,IDLE,0,0,0,0,0,0,0,,0
2099,20990,NONE,IDLE,0,0,0,0,0,0,0,,0
2100,21000,NONE,IDLE,0,0,0,0,0,0,0,,0
2101,21010,NONE,IDLE,0,0,0,0,0,0,0,,0
2102,21020,NONE,IDLE,0,0,0,0,0,0,0,,0
2103,21030,NONE,IDLE,0,0,0,0,0,0,0,,0
2104,21040,NONE,IDLE,0,0,0,0,0,0,0,,0
2105,21050,NONE,IDLE,0,0,0,0,0,0,0,,0
2106,21060,NONE,IDLE,0,0,0,0,0,0,0,,0
2107,21070,NONE,IDLE,0,0,0,0,0,0,0,,0
2108,21080,NONE,IDLE,0,0,0,0,0,0,0,,0
2109,21090,NONE,IDLE,0,0,0,0,0,0,0,,0
2110,21100,NONE,IDLE,0,0,0,0,0,0,0,,0
2111,21110,NONE,IDLE,0,0,0,0,0,0,0,,0
2112,21120,NONE,IDLE,0,0,0,0,0,0,0,,0
2113,21130,NONE,IDLE,0,0,0,0,0,0,0,,0
2114,21140,NONE,IDLE,0,0,0,0,0,0,0,,0
2115,21150,NONE,IDLE,0,0,0,0,0,0,0,,0
2116,21160,NONE,IDLE,0,0,0,0,0,0,0,,0
2117,21170,NONE,IDLE,0,0,0,0,0,0,0,,0
2118,21180,NONE,IDLE,0,0,0,0,0,0,0,,0
2119,21190,NONE,IDLE,0,0,0,0,0,0,0,,0
2120,21200,NONE,IDLE,0,0,0,0,0,0,0,,0
2121,21210,NONE,IDLE,0,0,0,0,0,0,0,,0
2122,21220,NONE,IDLE,0,0,0,0,0,0,0,,0
2123,21230,NONE,IDLE,0,0,0,0,0,0,0,,0
2124,21240,NONE,IDLE,0,0,0,0,0,0,0,,0
2125,21250,NONE,IDLE,0,0,0,0,0,0,0,,0
2126,21260,NONE,IDLE,0,0,0,0,0,0,0,,0
2127,21270,NONE,IDLE,0,0,0,0,0,0,0,,0
2128,21280,NONE,IDLE,0,0,0,0,0,0,0,,0
2129,21290,NONE,IDLE,0,0,0,0,0,0,0,,0
2130,21300,NONE,IDLE,0,0,0,0,0,0,0,,0
2131,21310,NONE,IDLE,0,0,0,0,0,0,0,,0
2132,21320,NONE,IDLE,0,0,0,0,0,0,0,,0
2133,21330,NONE,IDLE,0,0,0,0,0,0,0,,0
2134,21340,NONE,IDLE,0,0,0,0,0,0,0,,0
2135,21350,NONE,IDLE,0,0,0,0,0,0,0,,0
2136,21360,NONE,IDLE,0,0,0,0,0,0,0,,0
2137,21370,NONE,IDLE,0,0,0,0,0,0,0,,0
2138,21380,NONE,IDLE,0,0,0,0,0,0,0,,0
2139,21390,NONE,IDLE,0,0,0,0,0,0,0,,0
2140,21400,NONE,IDLE,0,0,0,0,0,0,0,,0
2141,21410,NONE,IDLE,0,0,0,0,0,0,0,,0
2142,21420,NONE,IDLE,0,0,0,0,0,0,0,,0
2143,21430,NONE,IDLE,0,0,0,0,0,0,0,,0
2144,21440,NONE,IDLE,0,0,0,0,0,0,0,,0
2145,21450,NONE,IDLE,0,0,0,0,0,0,0,,0
2146,21460,NONE,IDLE,0,0,0,0,0,0,0,,0
2147,21470,NONE,IDLE,0,0,0,0,0,0,0,,0
2148,21480,NONE,IDLE,0,0,0,0,0,0,0,,0
2149,21490,NONE,IDLE,0,0,0,0,0,0,0,,0
2150,21500,NONE,IDLE,0,0,0,0,0,0,0,,0
2151,21510,NONE,IDLE,0,0,0,0,0,0,0,,0
2152,21520,NONE,IDLE,0,0,0,0,0,0,0,,0
2153,21530,NONE,IDLE,0,0,0,0,0,0,0,,0
2154,21540,NONE,IDLE,0,0,0,0,0,0,0,,0
2155,21550,NONE,IDLE,0,0,0,0,0,0,0,,0
2156,21560,NONE,IDLE,0,0,0,0,0,0,0,,0
2157,21570,NONE,IDLE,0,0,0,0,0,0,0,,0
2158,21580,NONE,IDLE,0,0,0,0,0,0,0,,0
2159,21590,NONE,IDLE,0,0,0,0,0,0,0,,0
2160,21600,NONE,IDLE,0,0,0,0,0,0,0,,0
2161,21610,NONE,IDLE,0,0,0,0,0,0,0,,0
2162,21620,NONE,IDLE,0,0,0,0,0,0,0,,0
2163,21630,NONE,IDLE,0,0,0,0,0,0,0,,0
2164,21640,NONE,IDLE,0,0,0,0,0,0,0,,0
2165,21650,NONE,IDLE,0,0,0,0,0,0,0,,0
2166,21660,NONE,IDLE,0,0,0,0,0,0,0,,0
2167,21670,NONE,IDLE,0,0,0,0,0,0,0,,0
2168,21680,NONE,IDLE,0,0,0,0,0,0,0,,0
2169,21690,NONE,IDLE,0,0,0,0,0,0,0,,0
2170,21700,NONE,IDLE,0,0,0,0,0,0,0,,0
2171,21710,NONE,IDLE,0,0,0,0,0,0,0,,0
2172,21720,NONE,IDLE,0,0,0,0,0,0,0,,0
2173,21730,NONE,IDLE,0,0,0,0,0,0,0,,0
2174,21740,NONE,IDLE,0,0,0,0,0,0,0,,0
2175,21750,NONE,IDLE,0,0,0,0,0,0,0,,0
2176,21760,NONE,IDLE,0,0,0,0,0,0,0,,0
2177,21770,NONE,IDLE,0,0,0,0,0,0,0,,0
2178,21780,NONE,IDLE,0,0,0,0,0,0,0,,0
2179,21790,NONE,IDLE,0,0,0,0,0,0,0,,0
2180,21800,NONE,IDLE,0,0,0,0,0,0,0,,0
2181,21810,NONE,IDLE,0,0,0,0,0,0,0,,0
2182,21820,NONE,IDLE,0,0,0,0,0,0,0,,0
2183,21830,NONE,IDLE,0,0,0,0,0,0,0,,0
2184,21840,NONE,IDLE,0,0,0,0,0,0,0,,0
2185,21850,NONE,IDLE,0,0,0,0,0,0,0,,0
2186,21860,NONE,IDLE,0,0,0,0,0,0,0,,0
2187,21870,NONE,IDLE,0,0,0,0,0,0,0,,0
2188,21880,NONE,IDLE,0,0,0,0,0,0,0,,0
2189,21890,NONE,IDLE,0,0,0,0,0,0,0,,0
2190,21900,NONE,IDLE,0,0,0,0,0,0,0,,0
2191,21910,NONE,IDLE,0,0,0,0,0,0,0,,0
2192,21920,NONE,IDLE,0,0,0,0,0,0,0,,0
2193,21930,NONE,IDLE,0,0,0,0,0,0,0,,0
2194,21940,NONE,IDLE,0,0,0,0,0,0,0,,0
2195,21950,NONE,IDLE,0,0,0,0,0,0,0,,0
2196,21960,NONE,IDLE,0,0,0,0,0,0,0,,0
2197,21970,NONE,IDLE,0,0,0,0,0,0,0,,0
2198,21980,NONE,IDLE,0,0,0,0,0,0,0,,0
2199,21990,NONE,IDLE,0,0,0,0,0,0,0,,0
2200,22000,NONE,IDLE,0,0,0,0,0,0,0,,0
2201,22010,NONE,IDLE,0,0,0,0,0,0,0,,0
2202,22020,NONE,IDLE,0,0,0,0,0,0,0,,0
2203,22030,NONE,IDLE,0,0,0,0,0,0,0,,0
2204,22040,NONE,IDLE,0,0,0,0,0,0,0,,0
2205,22050,NONE,IDLE,0,0,0,0,0,0,0,,0
2206,22060,NONE,IDLE,0,0,0,0,0,0,0,,0
2207,22070,NONE,IDLE,0,0,0,0,0,0,0,,0
2208,22080,NONE,IDLE,0,0,0,0,0,0,0,,0
2209,22090,NONE,IDLE,0,0,0,0,0,0,0,,0
2210,22100,NONE,IDLE,0,0,0,0,0,0,0,,0
2211,22110,NONE,IDLE,0,0,0,0,0,0,0,,0
2212,22120,NONE,IDLE,0,0,0,0,0,0,0,,0
2213,22130,NONE,IDLE,0,0,0,0,0,0,0,,0
2214,22140,NONE,IDLE,0,0,0,0,0,0,0,,0
2215,22150,NONE,IDLE,0,0,0,0,0,0,0,,0
2216,22160,NONE,IDLE,0,0,0,0,0,0,0,,0
2217,22170,NONE,IDLE,0,0,0,0,0,0,0,,0
2218,22180,NONE,IDLE,0,0,0,0,0,0,0,,0
2219,22190,NONE,IDLE,0,0,0,0,0,0,0,,0
2220,22200,NONE,IDLE,0,0,0,0,0,0,0,,0
2221,22210,NONE,IDLE,0,0,0,0,0,0,0,,0
2222,22220,NONE,IDLE,0,0,0,0,0,0,0,,0
2223,22230,NONE,IDLE,0,0,0,0,0,0,0,,0
2224,22240,NONE,IDLE,0,0,0,0,0,0,0,,0
2225,22250,NONE,IDLE,0,0,0,0,0,0,0,,0
2226,22260,NONE,IDLE,0,0,0,0,0,0,0,,0
2227,22270,NONE,IDLE,0,0,0,0,0,0,0,,0
2228,22280,NONE,IDLE,0,0,0,0,0,0,0,,0
2229,22290,NONE,IDLE,0,0,0,0,0,0,0,,0
2230,22300,NONE,IDLE,0,0,0,0,0,0,0,,0
2231,22310,NONE,IDLE,0,0,0,0,0,0,0,,0
2232,22320,NONE,IDLE,0,0,0,0,0,0,0,,0
2233,22330,NONE,IDLE,0,0,0,0,0,0,0,,0
2234,22340,NONE,IDLE,0,0,0,0,0,0,0,,0
2235,22350,NONE,IDLE,0,0,0,0,0,0,0,,0
2236,22360,NONE,IDLE,0,0,0,0,0,0,0,,0
2237,22370,NONE,IDLE,0,0,0,0,0,0,0,,0
2238,22380,NONE,IDLE,0,0,0,0,0,0,0,,0
2239,22390,NONE,IDLE,0,0,0,0,0,0,0,,0
2240,22400,NONE,IDLE,0,0,0,0,0,0,0,,0
2241,22410,NONE,IDLE,0,0,0,0,0,0,0,,0
2242,22420,NONE,IDLE,0,0,0,0,0,0,0,,0
2243,22430,NONE,IDLE,0,0,0,0,0,0,0,,0
2244,22440,NONE,IDLE,0,0,0,0,0,0,0,,0
2245,22450,NONE,IDLE,0,0,0,0,0,0,0,,0
2246,22460,NONE,IDLE,0,0,0,0,0,0,0,,0
2247,22470,NONE,IDLE,0,0,0,0,0,0,0,,0
2248,22480,NONE,IDLE,0,0,0,0,0,0,0,,0
2249,22490,NONE,IDLE,0,0,0,0,0,0,0,,0
2250,22500,NONE,IDLE,0,0,0,0,0,0,0,,0
2251,22510,NONE,IDLE,0,0,0,0,0,0,0,,0
2252,22520,NONE,IDLE,0,0,0,0,0,0,0,,0
2253,22530,NONE,IDLE,0,0,0,0,0,0,0,,0
2254,22540,NONE,IDLE,0,0,0,0,0,0,0,,0
2255,22550,NONE,IDLE,0,0,0,0,0,0,0,,0
2256,22560,NONE,IDLE,0,0,0,0,0,0,0,,0
2257,22570,NONE,IDLE,0,0,0,0,0,0,0,,0
2258,22580,NONE,IDLE,0,0,0,0,0,0,0,,0
2259,22590,NONE,IDLE,0,0,0,0,0,0,0,,0
2260,22600,NONE,IDLE,0,0,0,0,0,0,0,,0
2261,22610,NONE,IDLE,0,0,0,0,0,0,0,,0
2262,22620,NONE,IDLE,0,0,0,0,0,0,0,,0
2263,22630,NONE,IDLE,0,0,0,0,0,0,0,,0
2264,22640,NONE,IDLE,0,0,0,0,0,0,0,,0
2265,22650,NONE,IDLE,0,0,0,0,0,0,0,,0
2266,22660,NONE,IDLE,0,0,0,0,0,0,0,,0
2267,22670,NONE,IDLE,0,0,0,0,0,0,0,,0
2268,22680,NONE,IDLE,0,0,0,0,0,0,0,,0
2269,22690,NONE,IDLE,0,0,0,0,0,0,0,,0
2270,22700,NONE,IDLE,0,0,0,0,0,0,0,,0
2271,22710,NONE,IDLE,0,0,0,0,0,0,0,,0
2272,22720,NONE,IDLE,0,0,0,0,0,0,0,,0
2273,22730,NONE,IDLE,0,0,0,0,0,0,0,,0
2274,22740,NONE,IDLE,0,0,0,0,0,0,0,,0
2275,22750,NONE,IDLE,0,0,0,0,0,0,0,,0
2276,22760,NONE,IDLE,0,0,0,0,0,0,0,,0
2277,22770,NONE,IDLE,0,0,0,0,0,0,0,,0
2278,22780,NONE,IDLE,0,0,0,0,0,0,0,,0
2279,22790,NONE,IDLE,0,0,0,0,0,0,0,,0
2280,22800,NONE,IDLE,0,0,0,0,0,0,0,,0
2281,22810,NONE,IDLE,0,0,0,0,0,0,0,,0
2282,22820,NONE,IDLE,0,0,0,0,0,0,0,,0
2283,22830,NONE,IDLE,0,0,0,0,0,0,0,,0
2284,22840,NONE,IDLE,0,0,0,0,0,0,0,,0
2285,22850,NONE,IDLE,0,0,0,0,0,0,0,,0
2286,22860,NONE,IDLE,0,0,0,0,0,0,0,,0
2287,22870,NONE,IDLE,0,0,0,0,0,0,0,,0
2288,22880,NONE,IDLE,0,0,0,0,0,0,0,,0
2289,22890,NONE,IDLE,0,0,0,0,0,0,0,,0
2290,22900,NONE,IDLE,0,0,0,0,0,0,0,,0
2291,22910,NONE,IDLE,0,0,0,0,0,0,0,,0
2292,22920,NONE,IDLE,0,0,0,0,0,0,0,,0
2293,22930,NONE,IDLE,0,0,0,0,0,0,0,,0
2294,22940,NONE,IDLE,0,0,0,0,0,0,0,,0
2295,22950,NONE,IDLE,0,0,0,0,0,0,0,,0
2296,22960,NONE,IDLE,0,0,0,0,0,0,0,,0
2297,22970,NONE,IDLE,0,0,0,0,0,0,0,,0
2298,22980,NONE,IDLE,0,0,0,0,0,0,0,,0
2299,22990,NONE,IDLE,0,0,0,0,0,0,0,,0
2300,23000,NONE,IDLE,0,0,0,0,0,0,0,,0
2301,23010,NONE,IDLE,0,0,0,0,0,0,0,,0
2302,23020,NONE,IDLE,0,0,0,0,0,0,0,,0
2303,23030,NONE,IDLE,0,0,0,0,0,0,0,,0
2304,23040,NONE,IDLE,0,0,0,0,0,0,0,,0
2305,23050,NONE,IDLE,0,0,0,0,0,0,0,,0
2306,23060,NONE,IDLE,0,0,0,0,0,0,0,,0
2307,23070,NONE,IDLE,0,0,0,0,0,0,0,,0
2308,23080,NONE,IDLE,0,0,0,0,0,0,0,,0
2309,23090,NONE,IDLE,0,0,0,0,0,0,0,,0
2310,23100,NONE,IDLE,0,0,0,0,0,0,0,,0
2311,23110,NONE,IDLE,0,0,0,0,0,0,0,,0
2312,23120,NONE,IDLE,0,0,0,0,0,0,0,,0
2313,23130,NONE,IDLE,0,0,0,0,0,0,0,,0
2314,23140,NONE,IDLE,0,0,0,0,0,0,0,,0
2315,23150,NONE,IDLE,0,0,0,0,0,0,0,,0
2316,23160,NONE,IDLE,0,0,0,0,0,0,0,,0
2317,23170,NONE,IDLE,0,0,0,0,0,0,0,,0
2318,23180,NONE,IDLE,0,0,0,0,0,0,0,,0
2319,23190,NONE,IDLE,0,0,0,0,0,0,0,,0
2320,23200,NONE,IDLE,0,0,0,0,0,0,0,,0
2321,23210,NONE,IDLE,0,0,0,0,0,0,0,,0
2322,23220,NONE,IDLE,0,0,0,0,0,0,0,,0
2323,23230,NONE,IDLE,0,0,0,0,0,0,0,,0
2324,23240,NONE,IDLE,0,0,0,0,0,0,0,,0
2325,23250,NONE,IDLE,0,0,0,0,0,0,0,,0
2326,23260,NONE,IDLE,0,0,0,0,0,0,0,,0
2327,23270,NONE,IDLE,0,0,0,0,0,0,0,,0
2328,23280,NONE,IDLE,0,0,0,0,0,0,0,,0
2329,23290,NONE,IDLE,0,0,0,0,0,0,0,,0
2330,23300,NONE,IDLE,0,0,0,0,0,0,0,,0
2331,23310,NONE,IDLE,0,0,0,0,0,0,0,,0
2332,23320,NONE,IDLE,0,0,0,0,0,0,0,,0
2333,23330,NONE,IDLE,0,0,0,0,0,0,0,,0
2334,23340,NONE,IDLE,0,0,0,0,0,0,0,,0
2335,23350,NONE,IDLE,0,0,0,0,0,0,0,,0
2336,23360,NONE,IDLE,0,0,0,0,0,0,0,,0
2337,23370,NONE,IDLE,0,0,0,0,0,0,0,,0
2338,23380,NONE,IDLE,0,0,0,0,0,0,0,,0
2339,23390,NONE,IDLE,0,0,0,0,0,0,0,,0
2340,23400,NONE,IDLE,0,0,0,0,0,0,0,,0
2341,23410,NONE,IDLE,0,0,0,0,0,0,0,,0
2342,23420,NONE,IDLE,0,0,0,0,0,0,0,,0
2343,23430,NONE,IDLE,0,0,0,0,0,0,0,,0
2344,23440,NONE,IDLE,0,0,0,0,0,0,0,,0
2345,23450,NONE,IDLE,0,0,0,0,0,0,0,,0
2346,23460,NONE,IDLE,0,0,0,0,0,0,0,,0
2347,23470,NONE,IDLE,0,0,0,0,0,0,0,,0
2348,23480,NONE,IDLE,0,0,0,0,0,0,0,,0
2349,23490,NONE,IDLE,0,0,0,0,0,0,0,,0
2350,23500,NONE,IDLE,0,0,0,0,0,0,0,,0
2351,23510,NONE,IDLE,0,0,0,0,0,0,0,,0
2352,23520,NONE,IDLE,0,0,0,0,0,0,0,,0
2353,23530,NONE,IDLE,0,0,0,0,0,0,0,,0
2354,23540,NONE,IDLE,0,0,0,0,0,0,0,,0
2355,23550,NONE,IDLE,0,0,0,0,0,0,0,,0
2356,23560,NONE,IDLE,0,0,0,0,0,0,0,,0
2357,23570,NONE,IDLE,0,0,0,0,0,0,0,,0
2358,23580,NONE,IDLE,0,0,0,0,0,0,0,,0
2359,23590,NONE,IDLE,0,0,0,0,0,0,0,,0
2360,23600,NONE,IDLE,0,0,0,0,0,0,0,,0
2361,23610,NONE,IDLE,0,0,0,0,0,0,0,,0
2362,23620,NONE,IDLE,0,0,0,0,0,0,0,,0
2363,23630,NONE,IDLE,0,0,0,0,0,0,0,,0
2364,23640,NONE,IDLE,0,0,0,0,0,0,0,,0
2365,23650,NONE,IDLE,0,0,0,0,0,0,0,,0
2366,23660,NONE,IDLE,0,0,0,0,0,0,0,,0
2367,23670,NONE,IDLE,0,0,0,0,0,0,0,,0
2368,23680,NONE,IDLE,0,0,0,0,0,0,0,,0
2369,23690,NONE,IDLE,0,0,0,0,0,0,0,,0
2370,23700,NONE,IDLE,0,0,0,0,0,0,0,,0
2371,23710,NONE,IDLE,0,0,0,0,0,0,0,,0
2372,23720,NONE,IDLE,0,0,0,0,0,0,0,,0
2373,23730,NONE,IDLE,0,0,0,0,0,0,0,,0
2374,23740,NONE,IDLE,0,0,0,0,0,0,0,,0
2375,23750,NONE,IDLE,0,0,0,0,0,0,0,,0
2376,23760,NONE,IDLE,0,0,0,0,0,0,0,,0
2377,23770,NONE,IDLE,0,0,0,0,0,0,0,,0
2378,23780,NONE,IDLE,0,0,0,0,0,0,0,,0
2379,23790,NONE,IDLE,0,0,0,0,0,0,0,,0
2380,23800,NONE,IDLE,0,0,0,0,0,0,0,,0
2381,23810,NONE,IDLE,0,0,0,0,0,0,0,,0
2382,23820,NONE,IDLE,0,0,0,0,0,0,0,,0
2383,23830,NONE,IDLE,0,0,0,0,0,0,0,,0
2384,23840,NONE,IDLE,0,0,0,0,0,0,0,,0
2385,23850,NONE,IDLE,0,0,0,0,0,0,0,,0
2386,23860,NONE,IDLE,0,0,0,0,0,0,0,,0
2387,23870,NONE,IDLE,0,0,0,0,0,0,0,,0
2388,23880,NONE,IDLE,0,0,0,0,0,0,0,,0
2389,23890,NONE,IDLE,0,0,0,0,0,0,0,,0
2390,23900,NONE,IDLE,0,0,0,0,0,0,0,,0
2391,23910,NONE,IDLE,0,0,0,0,0,0,0,,0
2392,23920,NONE,IDLE,0,0,0,0,0,0,0,,0
2393,23930,NONE,IDLE,0,0,0,0,0,0,0,,0
2394,23940,NONE,IDLE,0,0,0,0,0,0,0,,0
2395,23950,NONE,IDLE,0,0,0,0,0,0,0,,0
2396,23960,NONE,IDLE,0,0,0,0,0,0,0,,0
2397,23970,NONE,IDLE,0,0,0,0,0,0,0,,0
2398,23980,NONE,IDLE,0,0,0,0,0,0,0,,0
2399,23990,NONE,IDLE,0,0,0,0,0,0,0,,0
2400,24000,NONE,IDLE,0,0,0,0,0,0,0,,0
2401,24010,NONE,IDLE,0,0,0,0,0,0,0,,0
2402,24020,NONE,IDLE,0,0,0,0,0,0,0,,0
2403,24030,NONE,IDLE,0,0,0,0,0,0,0,,0
2404,24040,NONE,IDLE,0,0,0,0,0,0,0,,0
2405,24050,NONE,IDLE,0,0,0,0,0,0,0,,0
2406,24060,NONE,IDLE,0,0,0,0,0,0,0,,0
2407,24070,NONE,IDLE,0,0,0,0,0,0,0,,0
2408,24080,NONE,IDLE,0,0,0,0,0,0,0,,0
2409,24090,NONE,IDLE,0,0,0,0,0,0,0,,0
2410,24100,NONE,IDLE,0,0,0,0,0,0,0,,0
2411,24110,NONE,IDLE,0,0,0,0,0,0,0,,0
2412,24120,NONE,IDLE,0,0,0,0,0,0,0,,0
2413,24130,NONE,IDLE,0,0,0,0,0,0,0,,0
2414,24140,NONE,IDLE,0,0,0,0,0,0,0,,0
2415,24150,NONE,IDLE,0,0,0,0,0,0,0,,0
2416,24160,NONE,IDLE,0,0,0,0,0,0,0,,0
2417,24170,NONE,IDLE,0,0,0,0,0,0,0,,0
2418,24180,NONE,IDLE,0,0,0,0,0,0,0,,0
2419,24190,NONE,IDLE,0,0,0,0,0,0,0,,0
2420,24200,NONE,IDLE,0,0,0,0,0,0,0,,0
2421,24210,NONE,IDLE,0,0,0,0,0,0,0,,0
2422,24220,NONE,IDLE,0,0,0,0,0,0,0,,0
2423,24230,NONE,IDLE,0,0,0,0,0,0,0,,0
2424,24240,NONE,IDLE,0,0,0,0,0,0,0,,0
2425,24250,NONE,IDLE,0,0,0,0,0,0,0,,0
2426,24260,NONE,IDLE,0,0,0,0,0,0,0,,0
2427,24270,NONE,IDLE,0,0,0,0,0,0,0,,0
2428,24280,NONE,IDLE,0,0,0,0,0,0,0,,0
2429,24290,NONE,IDLE,0,0,0,0,0,0,0,,0
2430,24300,NONE,IDLE,0,0,0,0,0,0,0,,0
2431,24310,NONE,IDLE,0,0,0,0,0,0,0,,0
2432,24320,NONE,IDLE,0,0,0,0,0,0,0,,0
2433,24330,NONE,IDLE,0,0,0,0,0,0,0,,0
2434,24340,NONE,IDLE,0,0,0,0,0,0,0,,0
2435,24350,NONE,IDLE,0,0,0,0,0,0,0,,0
2436,24360,NONE,IDLE,0,0,0,0,0,0,0,,0
2437,24370,NONE,IDLE,0,0,0,0,0,0,0,,0
2438,24380,NONE,IDLE,0,0,0,0,0,0,0,,0
2439,24390,NONE,IDLE,0,0,0,0,0,0,0,,0
2440,24400,NONE,IDLE,0,0,0,0,0,0,0,,0
2441,24410,NONE,IDLE,0,0,0,0,0,0,0,,0
2442,24420,NONE,IDLE,0,0,0,0,0,0,0,,0
2443,24430,NONE,IDLE,0,0,0,0,0,0,0,,0
2444,24440,NONE,IDLE,0,0,0,0,0,0,0,,0
2445,24450,NONE,IDLE,0,0,0,0,0,0,0,,0
2446,24460,NONE,IDLE,0,0,0,0,0,0,0,,0
2447,24470,NONE,IDLE,0,0,0,0,0,0,0,,0
2448,24480,NONE,IDLE,0,0,0,0,0,0,0,,0
2449,24490,NONE,IDLE,0,0,0,0,0,0,0,,0
2450,24500,NONE,IDLE,0,0,0,0,0,0,0,,0
2451,24510,NONE,IDLE,0,0,0,0,0,0,0,,0
2452,24520,NONE,IDLE,0,0,0,0,0,0,0,,0
2453,24530,NONE,IDLE,0,0,0,0,0,0,0,,0
2454,24540,NONE,IDLE,0,0,0,0,0,0,0,,0
2455,24550,NONE,IDLE,0,0,0,0,0,0,0,,0
2456,24560,NONE,IDLE,0,0,0,0,0,0,0,,0
2457,24570,NONE,IDLE,0,0,0,0,0,0,0,,0
2458,24580,NONE,IDLE,0,0,0,0,0,0,0,,0
2459,24590,NONE,IDLE,0,0,0,0,0,0,0,,0
2460,24600,NONE,IDLE,0,0,0,0,0,0,0,,0
2461,24610,NONE,IDLE,0,0,0,0,0,0,0,,0
2462,24620,NONE,IDLE,0,0,0,0,0,0,0,,0
2463,24630,NONE,IDLE,0,0,0,0,0,0,0,,0
2464,24640,NONE,IDLE,0,0,0,0,0,0,0,,0
2465,24650,NONE,IDLE,0,0,0,0,0,0,0,,0
2466,24660,NONE,IDLE,0,0,0,0,0,0,0,,0
2467,24670,NONE,IDLE,0,0,0,0,0,0,0,,0
2468,24680,NONE,IDLE,0,0,0,0,0,0,0,,0
2469,24690,NONE,IDLE,0,0,0,0,0,0,0,,0
2470,24700,NONE,IDLE,0,0,0,0,0,0,0,,0
2471,24710,NONE,IDLE,0,0,0,0,0,0,0,,0
2472,24720,NONE,IDLE,0,0,0,0,0,0,0,,0
2473,24730,NONE,IDLE,0,0,0,0,0,0,0,,0
2474,24740,NONE,IDLE,0,0,0,0,0,0,0,,0
2475,24750,NONE,IDLE,0,0,0,0,0,0,0,,0
2476,24760,NONE,IDLE,0,0,0,0,0,0,0,,0
2477,24770,NONE,IDLE,0,0,0,0,0,0,0,,0
2478,24780,NONE,IDLE,0,0,0,0,0,0,0,,0
2479,24790,NONE,IDLE,0,0,0,0,0,0,0,,0
2480,24800,NONE,IDLE,0,0,0,0,0,0,0,,0
2481,24810,NONE,IDLE,0,0,0,0,0,0,0,,0
2482,24820,NONE,IDLE,0,0,0,0,0,0,0,,0
2483,24830,NONE,IDLE,0,0,0,0,0,0,0,,0
2484,24840,NONE,IDLE,0,0,0,0,0,0,0,,0
2485,24850,NONE,IDLE,0,0,0,0,0,0,0,,0
2486,24860,NONE,IDLE,0,0,0,0,0,0,0,,0
2487,24870,NONE,IDLE,0,0,0,0,0,0,0,,0
2488,24880,NONE,IDLE,0,0,0,0,0,0,0,,0
2489,24890,NONE,IDLE,0,0,0,0,0,0,0,,0
2490,24900,NONE,IDLE,0,0,0,0,0,0,0,,0
2491,24910,NONE,IDLE,0,0,0,0,0,0,0,,0
2492,24920,NONE,IDLE,0,0,0,0,0,0,0,,0
2493,24930,NONE,IDLE,0,0,0,0,0,0,0,,0
2494,24940,NONE,IDLE,0,0,0,0,0,0,0,,0
2495,24950,NONE,IDLE,0,0,0,0,0,0,0,,0
2496,24960,NONE,IDLE,0,0,0,0,0,0,0,,0
2497,24970,NONE,IDLE,0,0,0,0,0,0,0,,0
2498,24980,NONE,IDLE,0,0,0,0,0,0,0,,0
2499,24990,NONE,IDLE,0,0,0,0,0,0,0,,0
2500,25000,NONE,IDLE,0,0,0,0,0,0,0,,0
2501,25010,NONE,IDLE,0,0,0,0,0,0,0,,0
2502,25020,NONE,IDLE,0,0,0,0,0,0,0,,0
2503,25030,NONE,IDLE,0,0,0,0,0,0,0,,0
2504,25040,NONE,IDLE,0,0,0,0,0,0,0,,0
2505,25050,NONE,IDLE,0,0,0,0,0,0,0,,0
2506,25060,NONE,IDLE,0,0,0,0,0,0,0,,0
2507,25070,NONE,IDLE,0,0,0,0,0,0,0,,0
2508,25080,NONE,IDLE,0,0,0,0,0,0,0,,0
2509,25090,NONE,IDLE,0,0,0,0,0,0,0,,0
2510,25100,NONE,IDLE,0,0,0,0,0,0,0,,0
2511,25110,NONE,IDLE,0,0,0,0,0,0,0,,0
2512,25120,NONE,IDLE,0,0,0,0,0,0,0,,0
2513,25130,NONE,IDLE,0,0,0,0,0,0,0,,0
2514,25140,NONE,IDLE,0,0,0,0,0,0,0,,0
2515,25150,NONE,IDLE,0,0,0,0,0,0,0,,0
2516,25160,NONE,IDLE,0,0,0,0,0,0,0,,0
2517,25170,NONE,IDLE,0,0,0,0,0,0,0,,0
2518,25180,NONE,IDLE,0,0,0,0,0,0,0,,0
2519,25190,NONE,IDLE,0,0,0,0,0,0,0,,0
2520,25200,NONE,IDLE,0,0,0,0,0,0,0,,0
2521,25210,NONE,IDLE,0,0,0,0,0,0,0,,0
2522,25220,NONE,IDLE,0,0,0,0,0,0,0,,0
2523,25230,NONE,IDLE,0,0,0,0,0,0,0,,0
2524,25240,NONE,IDLE,0,0,0,0,0,0,0,,0
2525,25250,NONE,IDLE,0,0,0,0,0,0,0,,0
2526,25260,NONE,IDLE,0,0,0,0,0,0,0,,0
2527,25270,NONE,IDLE,0,0,0,0,0,0,0,,0
2528,25280,NONE,IDLE,0,0,0,0,0,0,0,,0
2529,25290,NONE,IDLE,0,0,0,0,0,0,0,,0
2530,25300,NONE,IDLE,0,0,0,0,0,0,0,,0
2531,25310,NONE,IDLE,0,0,0,0,0,0,0,,0
2532,25320,NONE,IDLE,0,0,0,0,0,0,0,,0
2533,25330,NONE,IDLE,0,0,0,0,0,0,0,,0
2534,25340,NONE,IDLE,0,0,0,0,0,0,0,,0
2535,25350,NONE,IDLE,0,0,0,0,0,0,0,,0
2536,25360,NONE,IDLE,0,0,0,0,0,0,0,,0
2537,25370,NONE,IDLE,0,0,0,0,0,0,0,,0
2538,25380,NONE,IDLE,0,0,0,0,0,0,0,,0
2539,25390,NONE,IDLE,0,0,0,0,0,0,0,,0
2540,25400,NONE,IDLE,0,0,0,0,0,0,0,,0
2541,25410,NONE,IDLE,0,0,0,0,0,0,0,,0
2542,25420,NONE,IDLE,0,0,0,0,0,0,0,,0
2543,25430,NONE,IDLE,0,0,0,0,0,0,0,,0
2544,25440,NONE,IDLE,0,0,0,0,0,0,0,,0
2545,25450,NONE,IDLE,0,0,0,0,0,0,0,,0
2546,25460,NONE,IDLE,0,0,0,0,0,0,0,,0
2547,25470,NONE,IDLE,0,0,0,0,0,0,0,,0
2548,25480,NONE,IDLE,0,0,0,0,0,0,0,,0
2549,25490,NONE,IDLE,0,0,0,0,0,0,0,,0
2550,25500,NONE,IDLE,0,0,0,0,0,0,0,,0
2551,25510,NONE,IDLE,0,0,0,0,0,0,0,,0
2552,25520,NONE,IDLE,0,0,0,0,0,0,0,,0
2553,25530,NONE,IDLE,0,0,0,0,0,0,0,,0
2554,25540,NONE,IDLE,0,0,0,0,0,0,0,,0
2555,25550,NONE,IDLE,0,0,0,0,0,0,0,,0
2556,25560,NONE,IDLE,0,0,0,0,0,0,0,,0
2557,25570,NONE,IDLE,0,0,0,0,0,0,0,,0
2558,25580,NONE,IDLE,0,0,0,0,0,0,0,,0
2559,25590,NONE,IDLE,0,0,0,0,0,0,0,,0
2560,25600,NONE,IDLE,0,0,0,0,0,0,0,,0
2561,25610,NONE,IDLE,0,0,0,0,0,0,0,,0
2562,25620,NONE,IDLE,0,0,0,0,0,0,0,,0
2563,25630,NONE,IDLE,0,0,0,0,0,0,0,,0
2564,25640,NONE,IDLE,0,0,0,0,0,0,0,,0
2565,25650,NONE,IDLE,0,0,0,0,0,0,0,,0
2566,25660,NONE,IDLE,0,0,0,0,0,0,0,,0
2567,25670,NONE,IDLE,0,0,0,0,0,0,0,,0
2568,25680,NONE,IDLE,0,0,0,0,0,0,0,,0
2569,25690,NONE,IDLE,0,0,0,0,0,0,0,,0
2570,25700,NONE,IDLE,0,0,0,0,0,0,0,,0
2571,25710,NONE,IDLE,0,0,0,0,0,0,0,,0
2572,25720,NONE,IDLE,0,0,0,0,0,0,0,,0
2573,25730,NONE,IDLE,0,0,0,0,0,0,0,,0
2574,25740,NONE,IDLE,0,0,0,0,0,0,0,,0
2575,25750,NONE,IDLE,0,0,0,0,0,0,0,,0
2576,25760,NONE,IDLE,0,0,0,0,0,0,0,,0
2577,25770,NONE,IDLE,0,0,0,0,0,0,0,,0
2578,25780,NONE,IDLE,0,0,0,0,0,0,0,,0
2579,25790,NONE,IDLE,0,0,0,0,0,0,0,,0
2580,25800,NONE,IDLE,0,0,0,0,0,0,0,,0
2581,25810,NONE,IDLE,0,0,0,0,0,0,0,,0
2582,25820,NONE,IDLE,0,0,0,0,0,0,0,,0
2583,25830,NONE,IDLE,0,0,0,0,0,0,0,,0
2584,25840,NONE,IDLE,0,0,0,0,0,0,0,,0
2585,25850,NONE,IDLE,0,0,0,0,0,0,0,,0
2586,25860,NONE,IDLE,0,0,0,0,0,0,0,,0
2587,25870,NONE,IDLE,0,0,0,0,0,0,0,,0
2588,25880,NONE,IDLE,0,0,0,0,0,0,0,,0
2589,25890,NONE,IDLE,0,0,0,0,0,0,0,,0
2590,25900,NONE,IDLE,0,0,0,0,0,0,0,,0
2591,25910,NONE,IDLE,0,0,0,0,0,0,0,,0
2592,25920,NONE,IDLE,0,0,0,0,0,0,0,,0
2593,25930,NONE,IDLE,0,0,0,0,0,0,0,,0
2594,25940,NONE,IDLE,0,0,0,0,0,0,0,,0
2595,25950,NONE,IDLE,0,0,0,0,0,0,0,,0
2596,25960,NONE,IDLE,0,0,0,0,0,0,0,,0
2597,25970,NONE,IDLE,0,0,0,0,0,0,0,,0
2598,25980,NONE,IDLE,0,0,0,0,0,0,0,,0
2599,25990,NONE,IDLE,0,0,0,0,0,0,0,,0
2600,26000,NONE,IDLE,0,0,0,0,0,0,0,,0
2601,26010,NONE,IDLE,0,0,0,0,0,0,0,,0
2602,26020,NONE,IDLE,0,0,0,0,0,0,0,,0
2603,26030,NONE,IDLE,0,0,0,0,0,0,0,,0
2604,26040,NONE,IDLE,0,0,0,0,0,0,0,,0
2605,26050,NONE,IDLE,0,0,0,0,0,0,0,,0
2606,26060,NONE,IDLE,0,0,0,0,0,0,0,,0
2607,26070,NONE,IDLE,0,0,0,0,0,0,0,,0
2608,26080,NONE,IDLE,0,0,0,0,0,0,0,,0
2609,26090,NONE,IDLE,0,0,0,0,0,0,0,,0
2610,26100,NONE,IDLE,0,0,0,0,0,0,0,,0
2611,26110,NONE,IDLE,0,0,0,0,0,0,0,,0
2612,26120,NONE,IDLE,0,0,0,0,0,0,0,,0
2613,26130,NONE,IDLE,0,0,0,0,0,0,0,,0
2614,26140,NONE,IDLE,0,0,0,0,0,0,0,,0
2615,26150,NONE,IDLE,0,0,0,0,0,0,0,,0
2616,26160,NONE,IDLE,0,0,0,0,0,0,0,,0
2617,26170,NONE,IDLE,0,0,0,0,0,0,0,,0
2618,26180,NONE,IDLE,0,0,0,0,0,0,0,,0
2619,26190,NONE,IDLE,0,0,0,0,0,0,0,,0
2620,26200,NONE,IDLE,0,0,0,0,0,0,0,,0
2621,26210,NONE,IDLE,0,0,0,0,0,0,0,,0
2622,26220,NONE,IDLE,0,0,0,0,0,0,0,,0
2623,26230,NONE,IDLE,0,0,0,0,0,0,0,,0
2624,26240,NONE,IDLE,0,0,0,0,0,0,0,,0
2625,26250,NONE,IDLE,0,0,0,0,0,0,0,,0
2626,26260,NONE,IDLE,0,0,0,0,0,0,0,,0
2627,26270,NONE,IDLE,0,0,0,0,0,0,0,,0
2628,26280,NONE,IDLE,0,0,0,0,0,0,0,,0
2629,26290,NONE,IDLE,0,0,0,0,0,0,0,,0
2630,26300,NONE,IDLE,0,0,0,0,0,0,0,,0
2631,26310,NONE,IDLE,0,0,0,0,0,0,0,,0
2632,26320,NONE,IDLE,0,0,0,0,0,0,0,,0
2633,26330,NONE,IDLE,0,0,0,0,0,0,0,,0
2634,26340,NONE,IDLE,0,0,0,0,0,0,0,,0
2635,26350,NONE,IDLE,0,0,0,0,0,0,0,,0
2636,26360,NONE,IDLE,0,0,0,0,0,0,0,,0
2637,26370,NONE,IDLE,0,0,0,0,0,0,0,,0
2638,26380,NONE,IDLE,0,0,0,0,0,0,0,,0
2639,26390,NONE,IDLE,0,0,0,0,0,0,0,,0
2640,26400,NONE,IDLE,0,0,0,0,0,0,0,,0
2641,26410,NONE,IDLE,0,0,0,0,0,0,0,,0
2642,26420,NONE,IDLE,0,0,0,0,0,0,0,,0
2643,26430,NONE,IDLE,0,0,0,0,0,0,0,,0
2644,26440,NONE,IDLE,0,0,0,0,0,0,0,,0
2645,26450,NONE,IDLE,0,0,0,0,0,0,0,,0
2646,26460,NONE,IDLE,0,0,0,0,0,0,0,,0
2647,26470,NONE,IDLE,0,0,0,0,0,0,0,,0
2648,26480,NONE,IDLE,0,0,0,0,0,0,0,,0
2649,26490,NONE,IDLE,0,0,0,0,0,0,0,,0
2650,26500,NONE,IDLE,0,0,0,0,0,0,0,,0
2651,26510,NONE,IDLE,0,0,0,0,0,0,0,,0
2652,26520,NONE,IDLE,0,0,0,0,0,0,0,,0
2653,26530,NONE,IDLE,0,0,0,0,0,0,0,,0
2654,26540,NONE,IDLE,0,0,0,0,0,0,0,,0
2655,26550,NONE,IDLE,0,0,0,0,0,0,0,,0
2656,26560,NONE,IDLE,0,0,0,0,0,0,0,,0
2657,26570,NONE,IDLE,0,0,0,0,0,0,0,,0
2658,26580,NONE,IDLE,0,0,0,0,0,0,0,,0
2659,26590,NONE,IDLE,0,0,0,0,0,0,0,,0
2660,26600,NONE,IDLE,0,0,0,0,0,0,0,,0
2661,26610,NONE,IDLE,0,0,0,0,0,0,0,,0
2662,26620,NONE,IDLE,0,0,0,0,0,0,0,,0
2663,26630,NONE,IDLE,0,0,0,0,0,0,0,,0
2664,26640,NONE,IDLE,0,0,0,0,0,0,0,,0
2665,26650,NONE,IDLE,0,0,0,0,0,0,0,,0
2666,26660,NONE,IDLE,0,0,0,0,0,0,0,,0
2667,26670,NONE,IDLE,0,0,0,0,0,0,0,,0
2668,26680,NONE,IDLE,0,0,0,0,0,0,0,,0
2669,26690,NONE,IDLE,0,0,0,0,0,0,0,,0
2670,26700,NONE,IDLE,0,0,0,0,0,0,0,,0
2671,26710,NONE,IDLE,0,0,0,0,0,0,0,,0
2672,26720,NONE,IDLE,0,0,0,0,0,0,0,,0
2673,26730,NONE,IDLE,0,0,0,0,0,0,0,,0
2674,26740,NONE,IDLE,0,0,0,0,0,0,0,,0
2675,26750,NONE,IDLE,0,0,0,0,0,0,0,,0
2676,26760,NONE,IDLE,0,0,0,0,0,0,0,,0
2677,26770,NONE,IDLE,0,0,0,0,0,0,0,,0
2678,26780,NONE,IDLE,0,0,0,0,0,0,0,,0
2679,26790,NONE,IDLE,0,0,0,0,0,0,0,,0
2680,26800,NONE,IDLE,0,0,0,0,0,0,0,,0
2681,26810,NONE,IDLE,0,0,0,0,0,0,0,,0
2682,26820,NONE,IDLE,0,0,0,0,0,0,0,,0
2683,26830,NONE,IDLE,0,0,0,0,0,0,0,,0
2684,26840,NONE,IDLE,0,0,0,0,0,0,0,,0
2685,26850,NONE,IDLE,0,0,0,0,0,0,0,,0
2686,26860,NONE,IDLE,0,0,0,0,0,0,0,,0
2687,26870,NONE,IDLE,0,0,0,0,0,0,0,,0
2688,26880,NONE,IDLE,0,0,0,0,0,0,0,,0
2689,26890,NONE,IDLE,0,0,0,0,0,0,0,,0
2690,26900,NONE,IDLE,0,0,0,0,0,0,0,,0
2691,26910,NONE,IDLE,0,0,0,0,0,0,0,,0
2692,26920,NONE,IDLE,0,0,0,0,0,0,0,,0
2693,26930,NONE,IDLE,0,0,0,0,0,0,0,,0
2694,26940,NONE,IDLE,0,0,0,0,0,0,0,,0
2695,26950,NONE,IDLE,0,0,0,0,0,0,0,,0
2696,26960,NONE,IDLE,0,0,0,0,0,0,0,,0
2697,26970,NONE,IDLE,0,0,0,0,0,0,0,,0
2698,26980,NONE,IDLE,0,0,0,0,0,0,0,,0
2699,26990,NONE,IDLE,0,0,0,0,0,0,0,,0
2700,27000,NONE,IDLE,0,0,0,0,0,0,0,,0
2701,27010,NONE,IDLE,0,0,0,0,0,0,0,,0
2702,27020,NONE,IDLE,0,0,0,0,0,0,0,,0
2703,27030,NONE,IDLE,0,0,0,0,0,0,0,,0
2704,27040,NONE,IDLE,0,0,0,0,0,0,0,,0
2705,27050,NONE,IDLE,0,0,0,0,0,0,0,,0
2706,27060,NONE,IDLE,0,0,0,0,0,0,0,,0
2707,27070,NONE,IDLE,0,0,0,0,0,0,0,,0
2708,27080,NONE,IDLE,0,0,0,0,0,0,0,,0
2709,27090,NONE,IDLE,0,0,0,0,0,0,0,,0
2710,27100,NONE,IDLE,0,0,0,0,0,0,0,,0
2711,27110,NONE,IDLE,0,0,0,0,0,0,0,,0
2712,27120,NONE,IDLE,0,0,0,0,0,0,0,,0
2713,27130,NONE,IDLE,0,0,0,0,0,0,0,,0
2714,27140,NONE,IDLE,0,0,0,0,0,0,0,,0
2715,27150,NONE,IDLE,0,0,0,0,0,0,0,,0
2716,27160,NONE,IDLE,0,0,0,0,0,0,0,,0
2717,27170,NONE,IDLE,0,0,0,0,0,0,0,,0
2718,27180,NONE,IDLE,0,0,0,0,0,0,0,,0
2719,27190,NONE,IDLE,0,0,0,0,0,0,0,,0
2720,27200,NONE,IDLE,0,0,0,0,0,0,0,,0
2721,27210,NONE,IDLE,0,0,0,0,0,0,0,,0
2722,27220,NONE,IDLE,0,0,0,0,0,0,0,,0
2723,27230,NONE,IDLE,0,0,0,0,0,0,0,,0
2724,27240,NONE,IDLE,0,0,0,0,0,0,0,,0
2725,27250,NONE,IDLE,0,0,0,0,0,0,0,,0
2726,27260,NONE,IDLE,0,0,0,0,0,0,0,,0
2727,27270,NONE,IDLE,0,0,0,0,0,0,0,,0
2728,27280,NONE,IDLE,0,0,0,0,0,0,0,,0
2729,27290,NONE,IDLE,0,0,0,0,0,0,0,,0
2730,27300,NONE,IDLE,0,0,0,0,0,0,0,,0
2731,27310,NONE,IDLE,0,0,0,0,0,0,0,,0
2732,27320,NONE,IDLE,0,0,0,0,0,0,0,,0
2733,27330,NONE,IDLE,0,0,0,0,0,0,0,,0
2734,27340,NONE,IDLE,0,0,0,0,0,0,0,,0
2735,27350,NONE,IDLE,0,0,0,0,0,0,0,,0
2736,27360,NONE,IDLE,0,0,0,0,0,0,0,,0
2737,27370,NONE,IDLE,0,0,0,0,0,0,0,,0
2738,27380,NONE,IDLE,0,0,0,0,0,0,0,,0
2739,27390,NONE,IDLE,0,0,0,0,0,0,0,,0
2740,27400,NONE,IDLE,0,0,0,0,0,0,0,,0
2741,27410,NONE,IDLE,0,0,0,0,0,0,0,,0
2742,27420,NONE,IDLE,0,0,0,0,0,0,0,,0
2743,27430,NONE,IDLE,0,0,0,0,0,0,0,,0
2744,27440,NONE,IDLE,0,0,0,0,0,0,0,,0
2745,27450,NONE,IDLE,0,0,0,0,0,0,0,,0
2746,27460,NONE,IDLE,0,0,0,0,0,0,0,,0
2747,27470,NONE,IDLE,0,0,0,0,0,0,0,,0
2748,27480,NONE,IDLE,0,0,0,0,0,0,0,,0
2749,27490,NONE,IDLE,0,0,0,0,0,0,0,,0
2750,27500,NONE,IDLE,0,0,0,0,0,0,0,,0
2751,27510,NONE,IDLE,0,0,0,0,0,0,0,,0
2752,27520,NONE,IDLE,0,0,0,0,0,0,0,,0
2753,27530,NONE,IDLE,0,0,0,0,0,0,0,,0
2754,27540,NONE,IDLE,0,0,0,0,0,0,0,,0
2755,27550,NONE,IDLE,0,0,0,0,0,0,0,,0
2756,27560,NONE,IDLE,0,0,0,0,0,0,0,,0
2757,27570,NONE,IDLE,0,0,0,0,0,0,0,,0
2758,27580,NONE,IDLE,0,0,0,0,0,0,0,,0
2759,27590,NONE,IDLE,0,0,0,0,0,0,0,,0
2760,27600,NONE,IDLE,0,0,0,0,0,0,0,,0
2761,27610,NONE,IDLE,0,0,0,0,0,0,0,,0
2762,27620,NONE,IDLE,0,0,0,0,0,0,0,,0
2763,27630,NONE,IDLE,0,0,0,0,0,0,0,,0
2764,27640,NONE,IDLE,0,0,0,0,0,0,0,,0
2765,27650,NONE,IDLE,0,0,0,0,0,0,0,,0
2766,27660,NONE,IDLE,0,0,0,0,0,0,0,,0
2767,27670,NONE,IDLE,0,0,0,0,0,0,0,,0
2768,27680,NONE,IDLE,0,0,0,0,0,0,0,,0
2769,27690,NONE,IDLE,0,0,0,0,0,0,0,,0
2770,27700,NONE,IDLE,0,0,0,0,0,0,0,,0
2771,27710,NONE,IDLE,0,0,0,0,0,0,0,,0
2772,27720,NONE,IDLE,0,0,0,0,0,0,0,,0
2773,27730,NONE,IDLE,0,0,0,0,0,0,0,,0
2774,27740,NONE,IDLE,0,0,0,0,0,0,0,,0
2775,27750,NONE,IDLE,0,0,0,0,0,0,0,,0
2776,27760,NONE,IDLE,0,0,0,0,0,0,0,,0
2777,27770,NONE,IDLE,0,0,0,0,0,0,0,,0
2778,27780,NONE,IDLE,0,0,0,0,0,0,0,,0
2779,27790,NONE,IDLE,0,0,0,0,0,0,0,,0
2780,27800,NONE,IDLE,0,0,0,0,0,0,0,,0
2781,27810,NONE,IDLE,0,0,0,0,0,0,0,,0
2782,27820,NONE,IDLE,0,0,0,0,0,0,0,,0
2783,27830,NONE,IDLE,0,0,0,0,0,0,0,,0
2784,27840,NONE,IDLE,0,0,0,0,0,0,0,,0
2785,27850,NONE,IDLE,0,0,0,0,0,0,0,,0
2786,27860,NONE,IDLE,0,0,0,0,0,0,0,,0
2787,27870,NONE,IDLE,0,0,0,0,0,0,0,,0
2788,27880,NONE,IDLE,0,0,0,0,0,0,0,,0
2789,27890,NONE,IDLE,0,0,0,0,0,0,0,,0
2790,27900,NONE,IDLE,0,0,0,0,0,0,0,,0
2791,27910,NONE,IDLE,0,0,0,0,0,0,0,,0
2792,27920,NONE,IDLE,0,0,0,0,0,0,0,,0
2793,27930,NONE,IDLE,0,0,0,0,0,0,0,,0
2794,27940,NONE,IDLE,0,0,0,0,0,0,0,,0
2795,27950,NONE,IDLE,0,0,0,0,0,0,0,,0
2796,27960,NONE,IDLE,0,0,0,0,0,0,0,,0
2797,27970,NONE,IDLE,0,0,0,0,0,0,0,,0
2798,27980,NONE,IDLE,0,0,0,0,0,0,0,,0
2799,27990,NONE,IDLE,0,0,0,0,0,0,0,,0
2800,28000,NONE,IDLE,0,0,0,0,0,0,0,,0
2801,28010,NONE,IDLE,0,0,0,0,0,0,0,,0
2802,28020,NONE,IDLE,0,0,0,0,0,0,0,,0
2803,28030,NONE,IDLE,0,0,0,0,0,0,0,,0
2804,28040,NONE,IDLE,0,0,0,0,0,0,0,,0
2805,28050,NONE,IDLE,0,0,0,0,0,0,0,,0
2806,28060,NONE,IDLE,0,0,0,0,0,0,0,,0
2807,28070,NONE,IDLE,0,0,0,0,0,0,0,,0
2808,28080,NONE,IDLE,0,0,0,0,0,0,0,,0
2809,28090,NONE,IDLE,0,0,0,0,0,0,0,,0
2810,28100,NONE,IDLE,0,0,0,0,0,0,0,,0
2811,28110,NONE,IDLE,0,0,0,0,0,0,0,,0
2812,28120,NONE,IDLE,0,0,0,0,0,0,0,,0
2813,28130,NONE,IDLE,0,0,0,0,0,0,0,,0
2814,28140,NONE,IDLE,0,0,0,0,0,0,0,,0
2815,28150,NONE,IDLE,0,0,0,0,0,0,0,,0
2816,28160,NONE,IDLE,0,0,0,0,0,0,0,,0
2817,28170,NONE,IDLE,0,0,0,0,0,0,0,,0
2818,28180,NONE,IDLE,0,0,0,0,0,0,0,,0
2819,28190,NONE,IDLE,0,0,0,0,0,0,0,,0
2820,28200,NONE,IDLE,0,0,0,0,0,0,0,,0
2821,28210,NONE,IDLE,0,0,0,0,0,0,0,,0
2822,28220,NONE,IDLE,0,0,0,0,0,0,0,,0
2823,28230,NONE,IDLE,0,0,0,0,0,0,0,,0
2824,28240,NONE,IDLE,0,0,0,0,0,0,0,,0
2825,28250,NONE,IDLE,0,0,0,0,0,0,0,,0
2826,28260,NONE,IDLE,0,0,0,0,0,0,0,,0
2827,28270,NONE,IDLE,0,0,0,0,0,0,0,,0
2828,28280,NONE,IDLE,0,0,0,0,0,0,0,,0
2829,28290,NONE,IDLE,0,0,0,0,0,0,0,,0
2830,28300,NONE,IDLE,0,0,0,0,0,0,0,,0
2831,28310,NONE,IDLE,0,0,0,0,0,0,0,,0
2832,28320,NONE,IDLE,0,0,0,0,0,0,0,,0
2833,28330,NONE,IDLE,0,0,0,0,0,0,0,,0
2834,28340,NONE,IDLE,0,0,0,0,0,0,0,,0
2835,28350,NONE,IDLE,0,0,0,0,0,0,0,,0
2836,28360,NONE,IDLE,0,0,0,0,0,0,0,,0
2837,28370,NONE,IDLE,0,0,0,0,0,0,0,,0
2838,28380,NONE,IDLE,0,0,0,0,0,0,0,,0
2839,28390,NONE,IDLE,0,0,0,0,0,0,0,,0
2840,28400,NONE,IDLE,0,0,0,0,0,0,0,,0
2841,28410,NONE,IDLE,0,0,0,0,0,0,0,,0
2842,28420,NONE,IDLE,0,0,0,0,0,0,0,,0
2843,28430,NONE,IDLE,0,0,0,0,0,0,0,,0
2844,28440,NONE,IDLE,0,0,0,0,0,0,0,,0
2845,28450,NONE,IDLE,0,0,0,0,0,0,0,,0
2846,28460,NONE,IDLE,0,0,0,0,0,0,0,,0
2847,28470,NONE,IDLE,0,0,0,0,0,0,0,,0
2848,28480,NONE,IDLE,0,0,0,0,0,0,0,,0
2849,28490,NONE,IDLE,0,0,0,0,0,0,0,,0
2850,28500,NONE,IDLE,0,0,0,0,0,0,0,,0
2851,28510,NONE,IDLE,0,0,0,0,0,0,0,,0
2852,28520,NONE,IDLE,0,0,0,0,0,0,0,,0
2853,28530,NONE,IDLE,0,0,0,0,0,0,0,,0
2854,28540,NONE,IDLE,0,0,0,0,0,0,0,,0
2855,28550,NONE,IDLE,0,0,0,0,0,0,0,,0
2856,28560,NONE,IDLE,0,0,0,0,0,0,0,,0
2857,28570,NONE,IDLE,0,0,0,0,0,0,0,,0
2858,28580,NONE,IDLE,0,0,0,0,0,0,0,,0
2859,28590,NONE,IDLE,0,0,0,0,0,0,0,,0
2860,28600,NONE,IDLE,0,0,0,0,0,0,0,,0
2861,28610,NONE,IDLE,0,0,0,0,0,0,0,,0
2862,28620,NONE,IDLE,0,0,0,0,0,0,0,,0
2863,28630,NONE,IDLE,0,0,0,0,0,0,0,,0
2864,28640,NONE,IDLE,0,0,0,0,0,0,0,,0
2865,28650,NONE,IDLE,0,0,0,0,0,0,0,,0
2866,28660,NONE,IDLE,0,0,0,0,0,0,0,,0
2867,28670,NONE,IDLE,0,0,0,0,0,0,0,,0
2868,28680,NONE,IDLE,0,0,0,0,0,0,0,,0
2869,28690,NONE,IDLE,0,0,0,0,0,0,0,,0
2870,28700,NONE,IDLE,0,0,0,0,0,0,0,,0
2871,28710,NONE,IDLE,0,0,0,0,0,0,0,,0
2872,28720,NONE,IDLE,0,0,0,0,0,0,0,,0
2873,28730,NONE,IDLE,0,0,0,0,0,0,0,,0
2874,28740,NONE,IDLE,0,0,0,0,0,0,0,,0
2875,28750,NONE,IDLE,0,0,0,0,0,0,0,,0
2876,28760,NONE,IDLE,0,0,0,0,0,0,0,,0
2877,28770,NONE,IDLE,0,0,0,0,0,0,0,,0
2878,28780,NONE,IDLE,0,0,0,0,0,0,0,,0
2879,28790,NONE,IDLE,0,0,0,0,0,0,0,,0
2880,28800,NONE,IDLE,0,0,0,0,0,0,0,,0
2881,28810,NONE,IDLE,0,0,0,0,0,0,0,,0
2882,28820,NONE,IDLE,0,0,0,0,0,0,0,,0
2883,28830,NONE,IDLE,0,0,0,0,0,0,0,,0
2884,28840,NONE,IDLE,0,0,0,0,0,0,0,,0
2885,28850,NONE,IDLE,0,0,0,0,0,0,0,,0
2886,28860,NONE,IDLE,0,0,0,0,0,0,0,,0
2887,28870,NONE,IDLE,0,0,0,0,0,0,0,,0
2888,28880,NONE,IDLE,0,0,0,0,0,0,0,,0
2889,28890,NONE,IDLE,0,0,0,0,0,0,0,,0
2890,28900,NONE,IDLE,0,0,0,0,0,0,0,,0
2891,28910,NONE,IDLE,0,0,0,0,0,0,0,,0
2892,28920,NONE,IDLE,0,0,0,0,0,0,0,,0
2893,28930,NONE,IDLE,0,0,0,0,0,0,0,,0
2894,28940,NONE,IDLE,0,0,0,0,0,0,0,,0
2895,28950,NONE,IDLE,0,0,0,0,0,0,0,,0
2896,28960,NONE,IDLE,0,0,0,0,0,0,0,,0
2897,28970,NONE,IDLE,0,0,0,0,0,0,0,,0
2898,28980,NONE,IDLE,0,0,0,0,0,0,0,,0
2899,28990,NONE,IDLE,0,0,0,0,0,0,0,,0
2900,29000,NONE,IDLE,0,0,0,0,0,0,0,,0
2901,29010,NONE,IDLE,0,0,0,0,0,0,0,,0
2902,29020,NONE,IDLE,0,0,0,0,0,0,0,,0
2903,29030,NONE,IDLE,0,0,0,0,0,0,0,,0
2904,29040,NONE,IDLE,0,0,0,0,0,0,0,,0
2905,29050,NONE,IDLE,0,0,0,0,0,0,0,,0
2906,29060,NONE,IDLE,0,0,0,0,0,0,0,,0
2907,29070,NONE,IDLE,0,0,0,0,0,0,0,,0
2908,29080,NONE,IDLE,0,0,0,0,0,0,0,,0
2909,29090,NONE,IDLE,0,0,0,0,0,0,0,,0
2910,29100,NONE,IDLE,0,0,0,0,0,0,0,,0
2911,29110,NONE,IDLE,0,0,0,0,0,0,0,,0
2912,29120,NONE,IDLE,0,0,0,0,0,0,0,,0
2913,29130,NONE,IDLE,0,0,0,0,0,0,0,,0
2914,29140,NONE,IDLE,0,0,0,0,0,0,0,,0
2915,29150,NONE,IDLE,0,0,0,0,0,0,0,,0
2916,29160,NONE,IDLE,0,0,0,0,0,0,0,,0
2917,29170,NONE,IDLE,0,0,0,0,0,0,0,,0
2918,29180,NONE,IDLE,0,0,0,0,0,0,0,,0
2919,29190,NONE,IDLE,0,0,0,0,0,0,0,,0
2920,29200,NONE,IDLE,0,0,0,0,0,0,0,,0
2921,29210,NONE,IDLE,0,0,0,0,0,0,0,,0
2922,29220,NONE,IDLE,0,0,0,0,0,0,0,,0
2923,29230,NONE,IDLE,0,0,0,0,0,0,0,,0
2924,29240,NONE,IDLE,0,0,0,0,0,0,0,,0
2925,29250,NONE,IDLE,0,0,0,0,0,0,0,,0
2926,29260,NONE,IDLE,0,0,0,0,0,0,0,,0
2927,29270,NONE,IDLE,0,0,0,0,0,0,0,,0
2928,29280,NONE,IDLE,0,0,0,0,0,0,0,,0
2929,29290,NONE,IDLE,0,0,0,0,0,0,0,,0
2930,29300,NONE,IDLE,0,0,0,0,0,0,0,,0
2931,29310,NONE,IDLE,0,0,0,0,0,0,0,,0
2932,29320,NONE,IDLE,0,0,0,0,0,0,0,,0
2933,29330,NONE,IDLE,0,0,0,0,0,0,0,,0
2934,29340,NONE,IDLE,0,0,0,0,0,0,0,,0
2935,29350,NONE,IDLE,0,0,0,0,0,0,0,,0
2936,29360,NONE,IDLE,0,0,0,0,0,0,0,,0
2937,29370,NONE,IDLE,0,0,0,0,0,0,0,,0
2938,29380,NONE,IDLE,0,0,0,0,0,0,0,,0
2939,29390,NONE,IDLE,0,0,0,0,0,0,0,,0
2940,29400,NONE,IDLE,0,0,0,0,0,0,0,,0
2941,29410,NONE,IDLE,0,0,0,0,0,0,0,,0
2942,29420,NONE,IDLE,0,0,0,0,0,0,0,,0
2943,29430,NONE,IDLE,0,0,0,0,0,0,0,,0
2944,29440,NONE,IDLE,0,0,0,0,0,0,0,,0
2945,29450,NONE,IDLE,0,0,0,0,0,0,0,,0
2946,29460,NONE,IDLE,0,0,0,0,0,0,0,,0
2947,29470,NONE,IDLE,0,0,0,0,0,0,0,,0
2948,29480,NONE,IDLE,0,0,0,0,0,0,0,,0
2949,29490,NONE,IDLE,0,0,0,0,0,0,0,,0
2950,29500,NONE,IDLE,0,0,0,0,0,0,0,,0
2951,29510,NONE,IDLE,0,0,0,0,0,0,0,,0
2952,29520,NONE,IDLE,0,0,0,0,0,0,0,,0
2953,29530,NONE,IDLE,0,0,0,0,0,0,0,,0
2954,29540,NONE,IDLE,0,0,0,0,0,0,0,,0
2955,29550,NONE,IDLE,0,0,0,0,0,0,0,,0
2956,29560,NONE,IDLE,0,0,0,0,0,0,0,,0
2957,29570,NONE,IDLE,0,0,0,0,0,0,0,,0
2958,29580,NONE,IDLE,0,0,0,0,0,0,0,,0
2959,29590,NONE,IDLE,0,0,0,0,0,0,0,,0
2960,29600,NONE,IDLE,0,0,0,0,0,0,0,,0
2961,29610,NONE,IDLE,0,0,0,0,0,0,0,,0
2962,29620,NONE,IDLE,0,0,0,0,0,0,0,,0
2963,29630,NONE,IDLE,0,0,0,0,0,0,0,,0
2964,29640,NONE,IDLE,0,0,0,0,0,0,0,,0
2965,29650,NONE,IDLE,0,0,0,0,0,0,0,,0
2966,29660,NONE,IDLE,0,0,0,0,0,0,0,,0
2967,29670,NONE,IDLE,0,0,0,0,0,0,0,,0
2968,29680,NONE,IDLE,0,0,0,0,0,0,0,,0
2969,29690,NONE,IDLE,0,0,0,0,0,0,0,,0
2970,29700,NONE,IDLE,0,0,0,0,0,0,0,,0
2971,29710,NONE,IDLE,0,0,0,0,0,0,0,,0
2972,29720,NONE,IDLE,0,0,0,0,0,0,0,,0
2973,29730,NONE,IDLE,0,0,0,0,0,0,0,,0
2974,29740,NONE,IDLE,0,0,0,0,0,0,0,,0
2975,29750,NONE,IDLE,0,0,0,0,0,0,0,,0
2976,29760,NONE,IDLE,0,0,0,0,0,0,0,,0
2977,29770,NONE,IDLE,0,0,0,0,0,0,0,,0
2978,29780,NONE,IDLE,0,0,0,0,0,0,0,,0
2979,29790,NONE,IDLE,0,0,0,0,0,0,0,,0
2980,29800,NONE,IDLE,0,0,0,0,0,0,0,,0
2981,29810,NONE,IDLE,0,0,0,0,0,0,0,,0
2982,29820,NONE,IDLE,0,0,0,0,0,0,0,,0
2983,29830,NONE,IDLE,0,0,0,0,0,0,0,,0
2984,29840,NONE,IDLE,0,0,0,0,0,0,0,,0
2985,29850,NONE,IDLE,0,0,0,0,0,0,0,,0
2986,29860,NONE,IDLE,0,0,0,0,0,0,0,,0
2987,29870,NONE,IDLE,0,0,0,0,0,0,0,,0
2988,29880,NONE,IDLE,0,0,0,0,0,0,0,,0
2989,29890,NONE,IDLE,0,0,0,0,0,0,0,,0
2990,29900,NONE,IDLE,0,0,0,0,0,0,0,,0
2991,29910,NONE,IDLE,0,0,0,0,0,0,0,,0
2992,29920,NONE,IDLE,0,0,0,0,0,0,0,,0
2993,29930,NONE,IDLE,0,0,0,0,0,0,0,,0
2994,29940,NONE,IDLE,0,0,0,0,0,0,0,,0
2995,29950,NONE,IDLE,0,0,0,0,0,0,0,,0
2996,29960,NONE,IDLE,0,0,0,0,0,0,0,,0
2997,29970,NONE,IDLE,0,0,0,0,0,0,0,,0
2998,29980,NONE,IDLE,0,0,0,0,0,0,0,,0
2999,29990,NONE,IDLE,0,0,0,0,0,0,0,,0
