id,kind,code,gen_time,deadline_abs,retention_abs,admitted,outcome,terminal_time,attempts,first_tx_time,rx_first_time,rx_on_time,rx_latency_ms,rx_dups,rx_oow
1,RAISE,1,5000,5200,6000,1,ACKED,5040,1,5000,5020,1,20,0,0
2,RAISE,2,5008,5208,6008,1,ACKED,5050,1,5010,5030,1,22,0,0
3,RAISE,3,5016,5216,6016,1,ACKED,5070,1,5030,5050,1,34,0,0
4,RAISE,4,5024,5224,6024,1,ACKED,5080,1,5040,5060,1,36,0,0
5,RAISE,5,5032,5232,6032,1,ACKED,5090,1,5050,5070,1,38,0,0
6,RAISE,6,5040,5240,6040,1,ACKED,5100,1,5060,5080,1,40,0,0
7,RAISE,7,5048,5248,6048,1,ACKED,5110,1,5070,5090,1,42,0,0
8,RAISE,8,5056,5256,6056,1,ACKED,5120,1,5080,5100,1,44,0,0
9,RAISE,9,5064,5264,6064,1,ACKED,5440,2,5100,5420,0,356,0,0
10,RAISE,10,5072,5272,6072,1,ACKED,5150,1,5110,5130,1,58,0,0
11,RAISE,11,5080,5280,6080,1,ACKED,5160,1,5120,5140,1,60,0,0
12,RAISE,12,5088,5288,6088,1,ACKED,5170,1,5130,5150,1,62,0,0
13,RAISE,13,5096,5296,6096,1,ACKED,5180,1,5140,5160,1,64,0,0
14,RAISE,14,5104,5304,6104,1,ACKED,5190,1,5150,5170,1,66,0,0
15,RAISE,15,5112,5312,6112,1,ACKED,5200,1,5160,5180,1,68,0,0
16,RAISE,16,5120,5320,6120,0,REJECTED_FULL,5120,0,-,-,-,-,0,0
17,RAISE,17,5128,5328,6128,1,ACKED,5220,1,5180,5200,1,72,0,0
18,RAISE,18,5136,5336,6136,0,REJECTED_FULL,5136,0,-,-,-,-,0,0
19,RAISE,19,5144,5344,6144,0,REJECTED_FULL,5144,0,-,-,-,-,0,0
20,RAISE,20,5152,5352,6152,1,ACKED,5230,1,5190,5210,1,58,0,0
21,RAISE,21,5160,5360,6160,0,REJECTED_FULL,5160,0,-,-,-,-,0,0
22,RAISE,22,5168,5368,6168,1,ACKED,5240,1,5200,5220,1,52,0,0
23,RAISE,23,5176,5376,6176,1,ACKED,5250,1,5210,5230,1,54,0,0
24,RAISE,24,5184,5384,6184,1,ACKED,5260,1,5220,5240,1,56,0,0
25,RAISE,25,5192,5392,6192,1,ACKED,5280,1,5240,5260,1,68,0,0
26,RAISE,26,5200,5400,6200,0,REJECTED_FULL,5200,0,-,-,-,-,0,0
27,RAISE,27,5208,5408,6208,1,ACKED,5290,1,5250,5270,1,62,0,0
28,RAISE,28,5216,5416,6216,0,REJECTED_FULL,5216,0,-,-,-,-,0,0
29,RAISE,29,5224,5424,6224,1,ACKED,5300,1,5260,5280,1,56,0,0
30,RAISE,30,5232,5432,6232,1,ACKED,5310,1,5270,5290,1,58,0,0
31,RAISE,31,5240,5440,6240,0,REJECTED_FULL,5240,0,-,-,-,-,0,0
32,RAISE,32,5248,5448,6248,1,ACKED,5320,1,5280,5300,1,52,0,0
33,RAISE,33,5256,5456,6256,1,ACKED,5330,1,5290,5310,1,54,0,0
34,RAISE,34,5264,5464,6264,1,ACKED,5340,1,5300,5320,1,56,0,0
35,RAISE,35,5272,5472,6272,0,REJECTED_FULL,5272,0,-,-,-,-,0,0
36,RAISE,36,5280,5480,6280,0,REJECTED_FULL,5280,0,-,-,-,-,0,0
37,RAISE,37,5288,5488,6288,1,ACKED,5360,1,5320,5340,1,52,0,0
38,RAISE,38,5296,5496,6296,1,ACKED,5370,1,5330,5350,1,54,0,0
39,RAISE,39,5304,5504,6304,1,ACKED,5380,1,5340,5360,1,56,0,0
40,RAISE,40,5312,5512,6312,1,ACKED,5390,1,5350,5370,1,58,0,0
41,RAISE,41,5320,5520,6320,0,REJECTED_FULL,5320,0,-,-,-,-,0,0
42,RAISE,42,5328,5528,6328,1,ACKED,5410,1,5370,5390,1,62,0,0
43,RAISE,43,5336,5536,6336,1,ACKED,5420,1,5380,5400,1,64,0,0
44,RAISE,44,5344,5544,6344,1,ACKED,5430,1,5390,5410,1,66,0,0
45,RAISE,45,5352,5552,6352,0,REJECTED_FULL,5352,0,-,-,-,-,0,0
46,RAISE,46,5360,5560,6360,0,REJECTED_FULL,5360,0,-,-,-,-,0,0
47,RAISE,47,5368,5568,6368,1,ACKED,5450,1,5410,5430,1,62,0,0
48,RAISE,48,5376,5576,6376,1,ACKED,5460,1,5420,5440,1,64,0,0
49,RAISE,49,5384,5584,6384,1,ACKED,5480,1,5440,5460,1,76,0,0
50,RAISE,50,5392,5592,6392,1,ACKED,5490,1,5450,5470,1,78,0,0
51,RAISE,51,5400,5600,6400,0,REJECTED_FULL,5400,0,-,-,-,-,0,0
52,RAISE,52,5408,5608,6408,0,REJECTED_FULL,5408,0,-,-,-,-,0,0
53,RAISE,53,5416,5616,6416,1,ACKED,5500,1,5460,5480,1,64,0,0
54,RAISE,54,5424,5624,6424,1,ACKED,5510,1,5470,5490,1,66,0,0
55,RAISE,55,5432,5632,6432,1,ACKED,5530,1,5490,5510,1,78,0,0
56,RAISE,56,5440,5640,6440,0,REJECTED_FULL,5440,0,-,-,-,-,0,0
57,RAISE,57,5448,5648,6448,1,ACKED,5540,1,5500,5520,1,72,0,0
58,RAISE,58,5456,5656,6456,1,ACKED,5550,1,5510,5530,1,74,0,0
59,RAISE,59,5464,5664,6464,1,ACKED,5560,1,5520,5540,1,76,0,0
60,RAISE,60,5472,5672,6472,0,REJECTED_FULL,5472,0,-,-,-,-,0,0
61,RAISE,61,5480,5680,6480,0,REJECTED_FULL,5480,0,-,-,-,-,0,0
62,RAISE,62,5488,5688,6488,1,ACKED,5870,2,5530,5550,1,62,1,0
63,RAISE,63,5496,5696,6496,1,ACKED,5580,1,5540,5560,1,64,0,0
64,RAISE,64,5504,5704,6504,1,ACKED,5600,1,5560,5580,1,76,0,0
65,RAISE,65,5512,5712,6512,1,ACKED,5610,1,5570,5590,1,78,0,0
66,RAISE,66,5520,5720,6520,0,REJECTED_FULL,5520,0,-,-,-,-,0,0
67,RAISE,67,5528,5728,6528,0,REJECTED_FULL,5528,0,-,-,-,-,0,0
68,RAISE,68,5536,5736,6536,1,ACKED,5620,1,5580,5600,1,64,0,0
69,RAISE,69,5544,5744,6544,1,ACKED,5640,1,5600,5620,1,76,0,0
70,RAISE,70,5552,5752,6552,1,ACKED,5650,1,5610,5630,1,78,0,0
71,RAISE,71,5560,5760,6560,0,REJECTED_FULL,5560,0,-,-,-,-,0,0
72,RAISE,72,5568,5768,6568,1,ACKED,5660,1,5620,5640,1,72,0,0
73,RAISE,73,5576,5776,6576,0,REJECTED_FULL,5576,0,-,-,-,-,0,0
74,RAISE,74,5584,5784,6584,1,ACKED,5670,1,5630,5650,1,66,0,0
75,RAISE,75,5592,5792,6592,0,REJECTED_FULL,5592,0,-,-,-,-,0,0
76,RAISE,76,5600,5800,6600,0,REJECTED_FULL,5600,0,-,-,-,-,0,0
77,RAISE,77,5608,5808,6608,1,ACKED,5680,1,5640,5660,1,52,0,0
78,RAISE,78,5616,5816,6616,1,ACKED,5700,1,5660,5680,1,64,0,0
79,RAISE,79,5624,5824,6624,1,ACKED,5710,1,5670,5690,1,66,0,0
80,RAISE,80,5632,5832,6632,0,REJECTED_FULL,5632,0,-,-,-,-,0,0
81,RAISE,81,5640,5840,6640,0,REJECTED_FULL,5640,0,-,-,-,-,0,0
82,RAISE,82,5648,5848,6648,1,ACKED,5720,1,5680,5700,1,52,0,0
83,RAISE,83,5656,5856,6656,1,ACKED,5730,1,5690,5710,1,54,0,0
84,RAISE,84,5664,5864,6664,1,ACKED,5740,1,5700,5720,1,56,0,0
85,RAISE,85,5672,5872,6672,1,ACKED,5760,1,5720,5740,1,68,0,0
86,RAISE,86,5680,5880,6680,0,REJECTED_FULL,5680,0,-,-,-,-,0,0
87,RAISE,87,5688,5888,6688,1,ACKED,5770,1,5730,5750,1,62,0,0
88,RAISE,88,5696,5896,6696,0,REJECTED_FULL,5696,0,-,-,-,-,0,0
89,RAISE,89,5704,5904,6704,1,ACKED,5780,1,5740,5760,1,56,0,0
90,RAISE,90,5712,5912,6712,1,ACKED,5790,1,5750,5770,1,58,0,0
91,RAISE,91,5720,5920,6720,0,REJECTED_FULL,5720,0,-,-,-,-,0,0
92,RAISE,92,5728,5928,6728,1,ACKED,5800,1,5760,5780,1,52,0,0
93,RAISE,93,5736,5936,6736,1,ACKED,5810,1,5770,5790,1,54,0,0
94,RAISE,94,5744,5944,6744,1,ACKED,5830,1,5790,5810,1,66,0,0
95,RAISE,95,5752,5952,6752,0,REJECTED_FULL,5752,0,-,-,-,-,0,0
96,RAISE,96,5760,5960,6760,0,REJECTED_FULL,5760,0,-,-,-,-,0,0
97,RAISE,97,5768,5968,6768,1,ACKED,5840,1,5800,5820,1,52,0,0
98,RAISE,98,5776,5976,6776,1,ACKED,5850,1,5810,5830,1,54,0,0
99,RAISE,99,5784,5984,6784,1,ACKED,5860,1,5820,5840,1,56,0,0
100,RAISE,100,5792,5992,6792,1,ACKED,5880,1,5840,5860,1,68,0,0
101,RAISE,101,5800,6000,6800,0,REJECTED_FULL,5800,0,-,-,-,-,0,0
102,RAISE,102,5808,6008,6808,1,ACKED,5900,1,5860,5880,1,72,0,0
103,RAISE,103,5816,6016,6816,1,ACKED,5910,1,5870,5890,1,74,0,0
104,RAISE,104,5824,6024,6824,0,REJECTED_FULL,5824,0,-,-,-,-,0,0
105,RAISE,105,5832,6032,6832,1,ACKED,5920,1,5880,5900,1,68,0,0
106,RAISE,106,5840,6040,6840,0,REJECTED_FULL,5840,0,-,-,-,-,0,0
107,RAISE,107,5848,6048,6848,1,ACKED,5930,1,5890,5910,1,62,0,0
108,RAISE,108,5856,6056,6856,1,ACKED,5940,1,5900,5920,1,64,0,0
109,RAISE,109,5864,6064,6864,1,ACKED,5960,1,5920,5940,1,76,0,0
110,RAISE,110,5872,6072,6872,1,ACKED,5970,1,5930,5950,1,78,0,0
111,RAISE,111,5880,6080,6880,0,REJECTED_FULL,5880,0,-,-,-,-,0,0
112,RAISE,112,5888,6088,6888,1,ACKED,5980,1,5940,5960,1,72,0,0
113,RAISE,113,5896,6096,6896,0,REJECTED_FULL,5896,0,-,-,-,-,0,0
114,RAISE,114,5904,6104,6904,1,ACKED,5990,1,5950,5970,1,66,0,0
115,RAISE,115,5912,6112,6912,1,ACKED,6000,1,5960,5980,1,68,0,0
116,RAISE,116,5920,6120,6920,0,REJECTED_FULL,5920,0,-,-,-,-,0,0
117,RAISE,117,5928,6128,6928,1,ACKED,6010,1,5970,5990,1,62,0,0
118,RAISE,118,5936,6136,6936,1,ACKED,6020,1,5980,6000,1,64,0,0
119,RAISE,119,5944,6144,6944,1,ACKED,6030,1,5990,6010,1,66,0,0
120,RAISE,120,5952,6152,6952,0,REJECTED_FULL,5952,0,-,-,-,-,0,0
121,RAISE,121,5960,6160,6960,0,REJECTED_FULL,5960,0,-,-,-,-,0,0
122,RAISE,122,5968,6168,6968,1,ACKED,6050,1,6010,6030,1,62,0,0
123,RAISE,123,5976,6176,6976,1,ACKED,6060,1,6020,6040,1,64,0,0
124,RAISE,124,5984,6184,6984,1,ACKED,6370,2,6030,6350,0,366,0,0
125,RAISE,125,5992,6192,6992,1,ACKED,6080,1,6040,6060,1,68,0,0
126,RAISE,126,6000,6200,7000,0,REJECTED_FULL,6000,0,-,-,-,-,0,0
127,RAISE,127,6008,6208,7008,1,ACKED,6090,1,6050,6070,1,62,0,0
128,RAISE,128,6016,6216,7016,1,ACKED,6110,1,6070,6090,1,74,0,0
129,RAISE,129,6024,6224,7024,1,ACKED,6120,1,6080,6100,1,76,0,0
130,RAISE,130,6032,6232,7032,1,ACKED,6130,1,6090,6110,1,78,0,0
131,RAISE,131,6040,6240,7040,0,REJECTED_FULL,6040,0,-,-,-,-,0,0
132,RAISE,132,6048,6248,7048,0,REJECTED_FULL,6048,0,-,-,-,-,0,0
133,RAISE,133,6056,6256,7056,1,ACKED,6140,1,6100,6120,1,64,0,0
134,RAISE,134,6064,6264,7064,1,ACKED,6160,1,6120,6140,1,76,0,0
135,RAISE,135,6072,6272,7072,0,REJECTED_FULL,6072,0,-,-,-,-,0,0
136,RAISE,136,6080,6280,7080,0,REJECTED_FULL,6080,0,-,-,-,-,0,0
137,RAISE,137,6088,6288,7088,1,ACKED,6170,1,6130,6150,1,62,0,0
138,RAISE,138,6096,6296,7096,1,ACKED,6180,1,6140,6160,1,64,0,0
139,RAISE,139,6104,6304,7104,0,REJECTED_FULL,6104,0,-,-,-,-,0,0
140,RAISE,140,6112,6312,7112,1,ACKED,6490,2,6150,6170,1,58,1,0
141,RAISE,141,6120,6320,7120,0,REJECTED_FULL,6120,0,-,-,-,-,0,0
142,RAISE,142,6128,6328,7128,1,ACKED,6210,1,6170,6190,1,62,0,0
143,RAISE,143,6136,6336,7136,1,ACKED,6220,1,6180,6200,1,64,0,0
144,RAISE,144,6144,6344,7144,1,ACKED,6230,1,6190,6210,1,66,0,0
145,RAISE,145,6152,6352,7152,0,REJECTED_FULL,6152,0,-,-,-,-,0,0
146,RAISE,146,6160,6360,7160,0,REJECTED_FULL,6160,0,-,-,-,-,0,0
147,RAISE,147,6168,6368,7168,1,ACKED,6240,1,6200,6220,1,52,0,0
148,RAISE,148,6176,6376,7176,1,ACKED,6250,1,6210,6230,1,54,0,0
149,RAISE,149,6184,6384,7184,1,ACKED,6270,1,6230,6250,1,66,0,0
150,RAISE,150,6192,6392,7192,0,REJECTED_FULL,6192,0,-,-,-,-,0,0
151,RAISE,151,6200,6400,7200,0,REJECTED_FULL,6200,0,-,-,-,-,0,0
152,RAISE,152,6208,6408,7208,0,REJECTED_FULL,6208,0,-,-,-,-,0,0
153,RAISE,153,6216,6416,7216,1,ACKED,6280,1,6240,6260,1,44,0,0
154,RAISE,154,6224,6424,7224,1,ACKED,6290,1,6250,6270,1,46,0,0
155,RAISE,155,6232,6432,7232,1,ACKED,6300,1,6260,6280,1,48,0,0
156,RAISE,156,6240,6440,7240,0,REJECTED_FULL,6240,0,-,-,-,-,0,0
157,RAISE,157,6248,6448,7248,1,ACKED,6310,1,6270,6290,1,42,0,0
158,RAISE,158,6256,6456,7256,1,ACKED,6330,1,6290,6310,1,54,0,0
159,RAISE,159,6264,6464,7264,0,REJECTED_FULL,6264,0,-,-,-,-,0,0
160,RAISE,160,6272,6472,7272,1,ACKED,6340,1,6300,6320,1,48,0,0
161,RAISE,161,6280,6480,7280,0,REJECTED_FULL,6280,0,-,-,-,-,0,0
162,RAISE,162,6288,6488,7288,1,ACKED,6350,1,6310,6330,1,42,0,0
163,RAISE,163,6296,6496,7296,1,ACKED,6360,1,6320,6340,1,44,0,0
164,RAISE,164,6304,6504,7304,1,ACKED,6380,1,6340,6360,1,56,0,0
165,RAISE,165,6312,6512,7312,1,ACKED,6390,1,6350,6370,1,58,0,0
166,RAISE,166,6320,6520,7320,0,REJECTED_FULL,6320,0,-,-,-,-,0,0
167,RAISE,167,6328,6528,7328,0,REJECTED_FULL,6328,0,-,-,-,-,0,0
168,RAISE,168,6336,6536,7336,1,ACKED,6410,1,6370,6390,1,54,0,0
169,RAISE,169,6344,6544,7344,1,ACKED,6420,1,6380,6400,1,56,0,0
170,RAISE,170,6352,6552,7352,1,ACKED,6430,1,6390,6410,1,58,0,0
171,RAISE,171,6360,6560,7360,0,REJECTED_FULL,6360,0,-,-,-,-,0,0
172,RAISE,172,6368,6568,7368,1,ACKED,6440,1,6400,6420,1,52,0,0
173,RAISE,173,6376,6576,7376,1,ACKED,6460,1,6420,6440,1,64,0,0
174,RAISE,174,6384,6584,7384,1,ACKED,6470,1,6430,6450,1,66,0,0
175,RAISE,175,6392,6592,7392,1,ACKED,6480,1,6440,6460,1,68,0,0
176,RAISE,176,6400,6600,7400,0,REJECTED_FULL,6400,0,-,-,-,-,0,0
177,RAISE,177,6408,6608,7408,0,REJECTED_FULL,6408,0,-,-,-,-,0,0
178,RAISE,178,6416,6616,7416,1,ACKED,6500,1,6460,6480,1,64,0,0
179,RAISE,179,6424,6624,7424,1,ACKED,6510,1,6470,6490,1,66,0,0
180,RAISE,180,6432,6632,7432,1,ACKED,6520,1,6480,6500,1,68,0,0
181,RAISE,181,6440,6640,7440,0,REJECTED_FULL,6440,0,-,-,-,-,0,0
182,RAISE,182,6448,6648,7448,1,ACKED,6530,1,6490,6510,1,62,0,0
183,RAISE,183,6456,6656,7456,0,REJECTED_FULL,6456,0,-,-,-,-,0,0
184,RAISE,184,6464,6664,7464,1,ACKED,6550,1,6510,6530,1,66,0,0
185,RAISE,185,6472,6672,7472,1,ACKED,6560,1,6520,6540,1,68,0,0
186,RAISE,186,6480,6680,7480,0,REJECTED_FULL,6480,0,-,-,-,-,0,0
187,RAISE,187,6488,6688,7488,1,ACKED,6570,1,6530,6550,1,62,0,0
188,RAISE,188,6496,6696,7496,1,ACKED,6590,1,6550,6570,1,74,0,0
189,RAISE,189,6504,6704,7504,1,ACKED,6600,1,6560,6580,1,76,0,0
190,RAISE,190,6512,6712,7512,1,ACKED,6610,1,6570,6590,1,78,0,0
191,RAISE,191,6520,6720,7520,0,REJECTED_FULL,6520,0,-,-,-,-,0,0
192,RAISE,192,6528,6728,7528,1,ACKED,6620,1,6580,6600,1,72,0,0
193,RAISE,193,6536,6736,7536,1,ACKED,6630,1,6590,6610,1,74,0,0
194,RAISE,194,6544,6744,7544,0,REJECTED_FULL,6544,0,-,-,-,-,0,0
195,RAISE,195,6552,6752,7552,1,ACKED,6640,1,6600,6620,1,68,0,0
196,RAISE,196,6560,6760,7560,0,REJECTED_FULL,6560,0,-,-,-,-,0,0
197,RAISE,197,6568,6768,7568,1,ACKED,6660,1,6620,6640,1,72,0,0
198,RAISE,198,6576,6776,7576,1,ACKED,6970,2,6630,6650,1,74,1,0
199,RAISE,199,6584,6784,7584,0,REJECTED_FULL,6584,0,-,-,-,-,0,0
200,RAISE,200,6592,6792,7592,1,ACKED,6680,1,6640,6660,1,68,0,0
201,RAISE,201,6600,6800,7600,0,REJECTED_FULL,6600,0,-,-,-,-,0,0
202,RAISE,202,6608,6808,7608,1,ACKED,6690,1,6650,6670,1,62,0,0
203,RAISE,203,6616,6816,7616,1,ACKED,6700,1,6660,6680,1,64,0,0
204,RAISE,204,6624,6824,7624,1,ACKED,6710,1,6670,6690,1,66,0,0
205,RAISE,205,6632,6832,7632,1,ACKED,6720,1,6680,6700,1,68,0,0
206,RAISE,206,6640,6840,7640,0,REJECTED_FULL,6640,0,-,-,-,-,0,0
207,RAISE,207,6648,6848,7648,1,ACKED,6740,1,6700,6720,1,72,0,0
208,RAISE,208,6656,6856,7656,0,REJECTED_FULL,6656,0,-,-,-,-,0,0
209,RAISE,209,6664,6864,7664,1,ACKED,6750,1,6710,6730,1,66,0,0
210,RAISE,210,6672,6872,7672,0,REJECTED_FULL,6672,0,-,-,-,-,0,0
211,RAISE,211,6680,6880,7680,0,REJECTED_FULL,6680,0,-,-,-,-,0,0
212,RAISE,212,6688,6888,7688,1,ACKED,6760,1,6720,6740,1,52,0,0
213,RAISE,213,6696,6896,7696,1,ACKED,6770,1,6730,6750,1,54,0,0
214,RAISE,214,6704,6904,7704,1,ACKED,6790,1,6750,6770,1,66,0,0
215,RAISE,215,6712,6912,7712,1,ACKED,6800,1,6760,6780,1,68,0,0
216,RAISE,216,6720,6920,7720,0,REJECTED_FULL,6720,0,-,-,-,-,0,0
217,RAISE,217,6728,6928,7728,1,ACKED,6810,1,6770,6790,1,62,0,0
218,RAISE,218,6736,6936,7736,0,REJECTED_FULL,6736,0,-,-,-,-,0,0
219,RAISE,219,6744,6944,7744,1,ACKED,6820,1,6780,6800,1,56,0,0
220,RAISE,220,6752,6952,7752,1,ACKED,6830,1,6790,6810,1,58,0,0
221,RAISE,221,6760,6960,7760,0,REJECTED_FULL,6760,0,-,-,-,-,0,0
222,RAISE,222,6768,6968,7768,1,ACKED,6840,1,6800,6820,1,52,0,0
223,RAISE,223,6776,6976,7776,1,ACKED,6860,1,6820,6840,1,64,0,0
224,RAISE,224,6784,6984,7784,0,REJECTED_FULL,6784,0,-,-,-,-,0,0
225,RAISE,225,6792,6992,7792,1,ACKED,6870,1,6830,6850,1,58,0,0
226,RAISE,226,6800,7000,7800,0,REJECTED_FULL,6800,0,-,-,-,-,0,0
227,RAISE,227,6808,7008,7808,1,ACKED,6880,1,6840,6860,1,52,0,0
228,RAISE,228,6816,7016,7816,1,ACKED,6890,1,6850,6870,1,54,0,0
229,RAISE,229,6824,7024,7824,1,ACKED,6910,1,6870,6890,1,66,0,0
230,RAISE,230,6832,7032,7832,1,ACKED,6920,1,6880,6900,1,68,0,0
231,RAISE,231,6840,7040,7840,0,REJECTED_FULL,6840,0,-,-,-,-,0,0
232,RAISE,232,6848,7048,7848,1,ACKED,6930,1,6890,6910,1,62,0,0
233,RAISE,233,6856,7056,7856,0,REJECTED_FULL,6856,0,-,-,-,-,0,0
234,RAISE,234,6864,7064,7864,1,ACKED,6950,1,6910,6930,1,66,0,0
235,RAISE,235,6872,7072,7872,1,ACKED,6960,1,6920,6940,1,68,0,0
236,RAISE,236,6880,7080,7880,0,REJECTED_FULL,6880,0,-,-,-,-,0,0
237,RAISE,237,6888,7088,7888,1,ACKED,6980,1,6940,6960,1,72,0,0
238,RAISE,238,6896,7096,7896,1,ACKED,6990,1,6950,6970,1,74,0,0
239,RAISE,239,6904,7104,7904,0,REJECTED_FULL,6904,0,-,-,-,-,0,0
240,RAISE,240,6912,7112,7912,1,ACKED,7000,1,6960,6980,1,68,0,0
241,RAISE,241,6920,7120,7920,0,REJECTED_FULL,6920,0,-,-,-,-,0,0
242,RAISE,242,6928,7128,7928,1,ACKED,7010,1,6970,6990,1,62,0,0
243,RAISE,243,6936,7136,7936,1,ACKED,7020,1,6980,7000,1,64,0,0
244,RAISE,244,6944,7144,7944,0,REJECTED_FULL,6944,0,-,-,-,-,0,0
245,RAISE,245,6952,7152,7952,1,ACKED,7040,1,7000,7020,1,68,0,0
246,RAISE,246,6960,7160,7960,0,REJECTED_FULL,6960,0,-,-,-,-,0,0
247,RAISE,247,6968,7168,7968,1,ACKED,7050,1,7010,7030,1,62,0,0
248,RAISE,248,6976,7176,7976,1,ACKED,7060,1,7020,7040,1,64,0,0
249,RAISE,249,6984,7184,7984,1,ACKED,7070,1,7030,7050,1,66,0,0
250,RAISE,250,6992,7192,7992,1,ACKED,7080,1,7040,7060,1,68,0,0
251,RAISE,1,7000,7200,8000,0,REJECTED_FULL,7000,0,-,-,-,-,0,0
252,RAISE,2,7008,7208,8008,1,ACKED,7100,1,7060,7080,1,72,0,0
253,RAISE,3,7016,7216,8016,1,ACKED,7110,1,7070,7090,1,74,0,0
254,RAISE,4,7024,7224,8024,1,ACKED,7120,1,7080,7100,1,76,0,0
255,RAISE,5,7032,7232,8032,0,REJECTED_FULL,7032,0,-,-,-,-,0,0
256,RAISE,6,7040,7240,8040,0,REJECTED_FULL,7040,0,-,-,-,-,0,0
257,RAISE,7,7048,7248,8048,1,ACKED,7130,1,7090,7110,1,62,0,0
258,RAISE,8,7056,7256,8056,1,ACKED,7140,1,7100,7120,1,64,0,0
259,RAISE,9,7064,7264,8064,1,ACKED,7150,1,7110,7130,1,66,0,0
260,RAISE,10,7072,7272,8072,1,ACKED,7170,1,7130,7150,1,78,0,0
261,RAISE,11,7080,7280,8080,0,REJECTED_FULL,7080,0,-,-,-,-,0,0
262,RAISE,12,7088,7288,8088,1,ACKED,7180,1,7140,7160,1,72,0,0
263,RAISE,13,7096,7296,8096,0,REJECTED_FULL,7096,0,-,-,-,-,0,0
264,RAISE,14,7104,7304,8104,1,ACKED,7190,1,7150,7170,1,66,0,0
265,RAISE,15,7112,7312,8112,1,ACKED,7210,1,7170,7190,1,78,0,0
266,RAISE,16,7120,7320,8120,0,REJECTED_FULL,7120,0,-,-,-,-,0,0
267,RAISE,17,7128,7328,8128,1,ACKED,7220,1,7180,7200,1,72,0,0
268,RAISE,18,7136,7336,8136,1,ACKED,7230,1,7190,7210,1,74,0,0
269,RAISE,19,7144,7344,8144,1,ACKED,7240,1,7200,7220,1,76,0,0
270,RAISE,20,7152,7352,8152,1,ACKED,7550,2,7210,7530,0,378,0,0
271,RAISE,21,7160,7360,8160,0,REJECTED_FULL,7160,0,-,-,-,-,0,0
272,RAISE,22,7168,7368,8168,0,REJECTED_FULL,7168,0,-,-,-,-,0,0
273,RAISE,23,7176,7376,8176,1,ACKED,7260,1,7220,7240,1,64,0,0
274,RAISE,24,7184,7384,8184,1,ACKED,7270,1,7230,7250,1,66,0,0
275,RAISE,25,7192,7392,8192,1,ACKED,7280,1,7240,7260,1,68,0,0
276,RAISE,26,7200,7400,8200,0,REJECTED_FULL,7200,0,-,-,-,-,0,0
277,RAISE,27,7208,7408,8208,0,REJECTED_FULL,7208,0,-,-,-,-,0,0
278,RAISE,28,7216,7416,8216,1,ACKED,7600,2,7260,7280,1,64,1,0
279,RAISE,29,7224,7424,8224,1,ACKED,7310,1,7270,7290,1,66,0,0
280,RAISE,30,7232,7432,8232,1,ACKED,7320,1,7280,7300,1,68,0,0
281,RAISE,31,7240,7440,8240,0,REJECTED_FULL,7240,0,-,-,-,-,0,0
282,RAISE,32,7248,7448,8248,1,ACKED,7330,1,7290,7310,1,62,0,0
283,RAISE,33,7256,7456,8256,0,REJECTED_FULL,7256,0,-,-,-,-,0,0
284,RAISE,34,7264,7464,8264,1,ACKED,7350,1,7310,7330,1,66,0,0
285,RAISE,35,7272,7472,8272,1,ACKED,7360,1,7320,7340,1,68,0,0
286,RAISE,36,7280,7480,8280,0,REJECTED_FULL,7280,0,-,-,-,-,0,0
287,RAISE,37,7288,7488,8288,1,ACKED,7370,1,7330,7350,1,62,0,0
288,RAISE,38,7296,7496,8296,0,REJECTED_FULL,7296,0,-,-,-,-,0,0
289,RAISE,39,7304,7504,8304,0,REJECTED_FULL,7304,0,-,-,-,-,0,0
290,RAISE,40,7312,7512,8312,1,ACKED,7380,1,7340,7360,1,48,0,0
291,RAISE,41,7320,7520,8320,0,REJECTED_FULL,7320,0,-,-,-,-,0,0
292,RAISE,42,7328,7528,8328,1,ACKED,7390,1,7350,7370,1,42,0,0
293,RAISE,43,7336,7536,8336,1,ACKED,7410,1,7370,7390,1,54,0,0
294,RAISE,44,7344,7544,8344,0,REJECTED_FULL,7344,0,-,-,-,-,0,0
295,RAISE,45,7352,7552,8352,1,ACKED,7420,1,7380,7400,1,48,0,0
296,RAISE,46,7360,7560,8360,0,REJECTED_FULL,7360,0,-,-,-,-,0,0
297,RAISE,47,7368,7568,8368,1,ACKED,7430,1,7390,7410,1,42,0,0
298,RAISE,48,7376,7576,8376,1,ACKED,7450,1,7410,7430,1,54,0,0
299,RAISE,49,7384,7584,8384,1,ACKED,7460,1,7420,7440,1,56,0,0
300,RAISE,50,7392,7592,8392,1,ACKED,7470,1,7430,7450,1,58,0,0
301,RAISE,51,7400,7600,8400,0,REJECTED_FULL,7400,0,-,-,-,-,0,0
302,RAISE,52,7408,7608,8408,0,REJECTED_FULL,7408,0,-,-,-,-,0,0
303,RAISE,53,7416,7616,8416,1,ACKED,7480,1,7440,7460,1,44,0,0
304,RAISE,54,7424,7624,8424,1,ACKED,7490,1,7450,7470,1,46,0,0
305,RAISE,55,7432,7632,8432,1,ACKED,7510,1,7470,7490,1,58,0,0
306,RAISE,56,7440,7640,8440,0,REJECTED_FULL,7440,0,-,-,-,-,0,0
307,RAISE,57,7448,7648,8448,0,REJECTED_FULL,7448,0,-,-,-,-,0,0
308,RAISE,58,7456,7656,8456,1,ACKED,7520,1,7480,7500,1,44,0,0
309,RAISE,59,7464,7664,8464,1,ACKED,7530,1,7490,7510,1,46,0,0
310,RAISE,60,7472,7672,8472,1,ACKED,7540,1,7500,7520,1,48,0,0
311,RAISE,61,7480,7680,8480,0,REJECTED_FULL,7480,0,-,-,-,-,0,0
312,RAISE,62,7488,7688,8488,1,ACKED,7560,1,7520,7540,1,52,0,0
313,RAISE,63,7496,7696,8496,1,ACKED,7580,1,7540,7560,1,64,0,0
314,RAISE,64,7504,7704,8504,0,REJECTED_FULL,7504,0,-,-,-,-,0,0
315,RAISE,65,7512,7712,8512,1,ACKED,7590,1,7550,7570,1,58,0,0
316,RAISE,66,7520,7720,8520,0,REJECTED_FULL,7520,0,-,-,-,-,0,0
317,RAISE,67,7528,7728,8528,1,ACKED,7610,1,7570,7590,1,62,0,0
318,RAISE,68,7536,7736,8536,1,ACKED,7620,1,7580,7600,1,64,0,0
319,RAISE,69,7544,7744,8544,1,ACKED,7630,1,7590,7610,1,66,0,0
320,RAISE,70,7552,7752,8552,1,ACKED,7650,1,7610,7630,1,78,0,0
321,RAISE,71,7560,7760,8560,0,REJECTED_FULL,7560,0,-,-,-,-,0,0
322,RAISE,72,7568,7768,8568,1,ACKED,7660,1,7620,7640,1,72,0,0
323,RAISE,73,7576,7776,8576,0,REJECTED_FULL,7576,0,-,-,-,-,0,0
324,RAISE,74,7584,7784,8584,1,ACKED,7670,1,7630,7650,1,66,0,0
325,RAISE,75,7592,7792,8592,1,ACKED,7680,1,7640,7660,1,68,0,0
326,RAISE,76,7600,7800,8600,0,REJECTED_FULL,7600,0,-,-,-,-,0,0
327,RAISE,77,7608,7808,8608,1,ACKED,7690,1,7650,7670,1,62,0,0
328,RAISE,78,7616,7816,8616,1,ACKED,7700,1,7660,7680,1,64,0,0
329,RAISE,79,7624,7824,8624,1,ACKED,7720,1,7680,7700,1,76,0,0
330,RAISE,80,7632,7832,8632,1,ACKED,7730,1,7690,7710,1,78,0,0
331,RAISE,81,7640,7840,8640,0,REJECTED_FULL,7640,0,-,-,-,-,0,0
332,RAISE,82,7648,7848,8648,0,REJECTED_FULL,7648,0,-,-,-,-,0,0
333,RAISE,83,7656,7856,8656,1,ACKED,7740,1,7700,7720,1,64,0,0
334,RAISE,84,7664,7864,8664,1,ACKED,7750,1,7710,7730,1,66,0,0
335,RAISE,85,7672,7872,8672,1,ACKED,7770,1,7730,7750,1,78,0,0
336,RAISE,86,7680,7880,8680,0,REJECTED_FULL,7680,0,-,-,-,-,0,0
337,RAISE,87,7688,7888,8688,1,ACKED,7780,1,7740,7760,1,72,0,0
338,RAISE,88,7696,7896,8696,1,ACKED,7790,1,7750,7770,1,74,0,0
339,RAISE,89,7704,7904,8704,1,ACKED,7800,1,7760,7780,1,76,0,0
340,RAISE,90,7712,7912,8712,0,REJECTED_FULL,7712,0,-,-,-,-,0,0
341,RAISE,91,7720,7920,8720,0,REJECTED_FULL,7720,0,-,-,-,-,0,0
342,RAISE,92,7728,7928,8728,1,ACKED,7810,1,7770,7790,1,62,0,0
343,RAISE,93,7736,7936,8736,1,ACKED,7830,1,7790,7810,1,74,0,0
344,RAISE,94,7744,7944,8744,1,ACKED,7840,1,7800,7820,1,76,0,0
345,RAISE,95,7752,7952,8752,1,ACKED,7850,1,7810,7830,1,78,0,0
346,RAISE,96,7760,7960,8760,0,REJECTED_FULL,7760,0,-,-,-,-,0,0
347,RAISE,97,7768,7968,8768,0,REJECTED_FULL,7768,0,-,-,-,-,0,0
348,RAISE,98,7776,7976,8776,1,ACKED,7860,1,7820,7840,1,64,0,0
349,RAISE,99,7784,7984,8784,1,ACKED,7870,1,7830,7850,1,66,0,0
350,RAISE,100,7792,7992,8792,1,ACKED,7880,1,7840,7860,1,68,0,0
351,RAISE,101,7800,8000,8800,0,REJECTED_FULL,7800,0,-,-,-,-,0,0
352,RAISE,102,7808,8008,8808,1,ACKED,7900,1,7860,7880,1,72,0,0
353,RAISE,103,7816,8016,8816,1,ACKED,7910,1,7870,7890,1,74,0,0
354,RAISE,104,7824,8024,8824,0,REJECTED_FULL,7824,0,-,-,-,-,0,0
355,RAISE,105,7832,8032,8832,1,ACKED,7920,1,7880,7900,1,68,0,0
356,RAISE,106,7840,8040,8840,0,REJECTED_FULL,7840,0,-,-,-,-,0,0
357,RAISE,107,7848,8048,8848,1,ACKED,7930,1,7890,7910,1,62,0,0
358,RAISE,108,7856,8056,8856,1,ACKED,7940,1,7900,7920,1,64,0,0
359,RAISE,109,7864,8064,8864,1,ACKED,7950,1,7910,7930,1,66,0,0
360,RAISE,110,7872,8072,8872,1,ACKED,7970,1,7930,7950,1,78,0,0
361,RAISE,111,7880,8080,8880,0,REJECTED_FULL,7880,0,-,-,-,-,0,0
362,RAISE,112,7888,8088,8888,1,ACKED,8280,2,7940,8260,0,372,0,0
363,RAISE,113,7896,8096,8896,0,REJECTED_FULL,7896,0,-,-,-,-,0,0
364,RAISE,114,7904,8104,8904,1,ACKED,7990,1,7950,7970,1,66,0,0
365,RAISE,115,7912,8112,8912,1,ACKED,8000,1,7960,7980,1,68,0,0
366,RAISE,116,7920,8120,8920,0,REJECTED_FULL,7920,0,-,-,-,-,0,0
367,RAISE,117,7928,8128,8928,1,ACKED,8010,1,7970,7990,1,62,0,0
368,RAISE,118,7936,8136,8936,1,ACKED,8020,1,7980,8000,1,64,0,0
369,RAISE,119,7944,8144,8944,1,ACKED,8040,1,8000,8020,1,76,0,0
370,RAISE,120,7952,8152,8952,1,ACKED,8050,1,8010,8030,1,78,0,0
371,RAISE,121,7960,8160,8960,0,REJECTED_FULL,7960,0,-,-,-,-,0,0
372,RAISE,122,7968,8168,8968,0,REJECTED_FULL,7968,0,-,-,-,-,0,0
373,RAISE,123,7976,8176,8976,1,ACKED,8060,1,8020,8040,1,64,0,0
374,RAISE,124,7984,8184,8984,0,REJECTED_FULL,7984,0,-,-,-,-,0,0
375,RAISE,125,7992,8192,8992,1,ACKED,8070,1,8030,8050,1,58,0,0
376,RAISE,126,8000,8200,9000,0,REJECTED_FULL,8000,0,-,-,-,-,0,0
377,RAISE,127,8008,8208,9008,1,ACKED,8090,1,8050,8070,1,62,0,0
378,RAISE,128,8016,8216,9016,1,ACKED,8100,1,8060,8080,1,64,0,0
379,RAISE,129,8024,8224,9024,1,ACKED,8110,1,8070,8090,1,66,0,0
380,RAISE,130,8032,8232,9032,0,REJECTED_FULL,8032,0,-,-,-,-,0,0
381,RAISE,131,8040,8240,9040,0,REJECTED_FULL,8040,0,-,-,-,-,0,0
382,RAISE,132,8048,8248,9048,1,ACKED,8120,1,8080,8100,1,52,0,0
383,RAISE,133,8056,8256,9056,1,ACKED,8130,1,8090,8110,1,54,0,0
384,RAISE,134,8064,8264,9064,1,ACKED,8140,1,8100,8120,1,56,0,0
385,RAISE,135,8072,8272,9072,1,ACKED,8150,1,8110,8130,1,58,0,0
386,RAISE,136,8080,8280,9080,0,REJECTED_FULL,8080,0,-,-,-,-,0,0
387,RAISE,137,8088,8288,9088,0,REJECTED_FULL,8088,0,-,-,-,-,0,0
388,RAISE,138,8096,8296,9096,1,ACKED,8170,1,8130,8150,1,54,0,0
389,RAISE,139,8104,8304,9104,1,ACKED,8180,1,8140,8160,1,56,0,0
390,RAISE,140,8112,8312,9112,1,ACKED,8190,1,8150,8170,1,58,0,0
391,RAISE,141,8120,8320,9120,0,REJECTED_FULL,8120,0,-,-,-,-,0,0
392,RAISE,142,8128,8328,9128,1,ACKED,8210,1,8170,8190,1,62,0,0
393,RAISE,143,8136,8336,9136,1,ACKED,8220,1,8180,8200,1,64,0,0
394,RAISE,144,8144,8344,9144,1,ACKED,8230,1,8190,8210,1,66,0,0
395,RAISE,145,8152,8352,9152,1,ACKED,8240,1,8200,8220,1,68,0,0
396,RAISE,146,8160,8360,9160,0,REJECTED_FULL,8160,0,-,-,-,-,0,0
397,RAISE,147,8168,8368,9168,0,REJECTED_FULL,8168,0,-,-,-,-,0,0
398,RAISE,148,8176,8376,9176,1,ACKED,8250,1,8210,8230,1,54,0,0
399,RAISE,149,8184,8384,9184,1,ACKED,8260,1,8220,8240,1,56,0,0
400,RAISE,150,8192,8392,9192,1,ACKED,8270,1,8230,8250,1,58,0,0
401,RAISE,151,8200,8400,9200,0,REJECTED_FULL,8200,0,-,-,-,-,0,0
402,RAISE,152,8208,8408,9208,0,REJECTED_FULL,8208,0,-,-,-,-,0,0
403,RAISE,153,8216,8416,9216,1,ACKED,8300,1,8260,8280,1,64,0,0
404,RAISE,154,8224,8424,9224,1,ACKED,8310,1,8270,8290,1,66,0,0
405,RAISE,155,8232,8432,9232,1,ACKED,8320,1,8280,8300,1,68,0,0
406,RAISE,156,8240,8440,9240,0,REJECTED_FULL,8240,0,-,-,-,-,0,0
407,RAISE,157,8248,8448,9248,1,ACKED,8330,1,8290,8310,1,62,0,0
408,RAISE,158,8256,8456,9256,1,ACKED,8340,1,8300,8320,1,64,0,0
409,RAISE,159,8264,8464,9264,1,ACKED,8360,1,8320,8340,1,76,0,0
410,RAISE,160,8272,8472,9272,1,ACKED,8370,1,8330,8350,1,78,0,0
411,RAISE,161,8280,8480,9280,0,REJECTED_FULL,8280,0,-,-,-,-,0,0
412,RAISE,162,8288,8488,9288,1,ACKED,8380,1,8340,8360,1,72,0,0
413,RAISE,163,8296,8496,9296,0,REJECTED_FULL,8296,0,-,-,-,-,0,0
414,RAISE,164,8304,8504,9304,1,ACKED,8400,1,8360,8380,1,76,0,0
415,RAISE,165,8312,8512,9312,1,ACKED,8410,1,8370,8390,1,78,0,0
416,RAISE,166,8320,8520,9320,0,REJECTED_FULL,8320,0,-,-,-,-,0,0
417,RAISE,167,8328,8528,9328,1,ACKED,8420,1,8380,8400,1,72,0,0
418,RAISE,168,8336,8536,9336,1,ACKED,8430,1,8390,8410,1,74,0,0
419,RAISE,169,8344,8544,9344,1,ACKED,8440,1,8400,8420,1,76,0,0
420,RAISE,170,8352,8552,9352,0,REJECTED_FULL,8352,0,-,-,-,-,0,0
421,RAISE,171,8360,8560,9360,0,REJECTED_FULL,8360,0,-,-,-,-,0,0
422,RAISE,172,8368,8568,9368,1,ACKED,8450,1,8410,8430,1,62,0,0
423,RAISE,173,8376,8576,9376,1,ACKED,8460,1,8420,8440,1,64,0,0
424,RAISE,174,8384,8584,9384,1,ACKED,8480,1,8440,8460,1,76,0,0
425,RAISE,175,8392,8592,9392,0,REJECTED_FULL,8392,0,-,-,-,-,0,0
426,RAISE,176,8400,8600,9400,0,REJECTED_FULL,8400,0,-,-,-,-,0,0
427,RAISE,177,8408,8608,9408,1,ACKED,8490,1,8450,8470,1,62,0,0
428,RAISE,178,8416,8616,9416,1,ACKED,8500,1,8460,8480,1,64,0,0
429,RAISE,179,8424,8624,9424,1,ACKED,8520,1,8480,8500,1,76,0,0
430,RAISE,180,8432,8632,9432,1,ACKED,8530,1,8490,8510,1,78,0,0
431,RAISE,181,8440,8640,9440,0,REJECTED_FULL,8440,0,-,-,-,-,0,0
432,RAISE,182,8448,8648,9448,1,ACKED,8540,1,8500,8520,1,72,0,0
433,RAISE,183,8456,8656,9456,1,ACKED,8550,1,8510,8530,1,74,0,0
434,RAISE,184,8464,8664,9464,1,ACKED,8560,1,8520,8540,1,76,0,0
435,RAISE,185,8472,8672,9472,0,REJECTED_FULL,8472,0,-,-,-,-,0,0
436,RAISE,186,8480,8680,9480,0,REJECTED_FULL,8480,0,-,-,-,-,0,0
437,RAISE,187,8488,8688,9488,1,ACKED,8570,1,8530,8550,1,62,0,0
438,RAISE,188,8496,8696,9496,1,ACKED,8580,1,8540,8560,1,64,0,0
439,RAISE,189,8504,8704,9504,1,ACKED,8600,1,8560,8580,1,76,0,0
440,RAISE,190,8512,8712,9512,0,REJECTED_FULL,8512,0,-,-,-,-,0,0
441,RAISE,191,8520,8720,9520,0,REJECTED_FULL,8520,0,-,-,-,-,0,0
442,RAISE,192,8528,8728,9528,1,ACKED,8610,1,8570,8590,1,62,0,0
443,RAISE,193,8536,8736,9536,1,ACKED,8620,1,8580,8600,1,64,0,0
444,RAISE,194,8544,8744,9544,1,ACKED,8630,1,8590,8610,1,66,0,0
445,RAISE,195,8552,8752,9552,1,ACKED,8640,1,8600,8620,1,68,0,0
446,RAISE,196,8560,8760,9560,0,REJECTED_FULL,8560,0,-,-,-,-,0,0
447,RAISE,197,8568,8768,9568,1,ACKED,8660,1,8620,8640,1,72,0,0
448,RAISE,198,8576,8776,9576,1,ACKED,8670,1,8630,8650,1,74,0,0
449,RAISE,199,8584,8784,9584,1,ACKED,8680,1,8640,8660,1,76,0,0
450,RAISE,200,8592,8792,9592,0,REJECTED_FULL,8592,0,-,-,-,-,0,0
451,RAISE,201,8600,8800,9600,0,REJECTED_FULL,8600,0,-,-,-,-,0,0
452,RAISE,202,8608,8808,9608,1,ACKED,8690,1,8650,8670,1,62,0,0
453,RAISE,203,8616,8816,9616,1,ACKED,8700,1,8660,8680,1,64,0,0
454,RAISE,204,8624,8824,9624,1,ACKED,8710,1,8670,8690,1,66,0,0
455,RAISE,205,8632,8832,9632,1,ACKED,8720,1,8680,8700,1,68,0,0
456,RAISE,206,8640,8840,9640,0,REJECTED_FULL,8640,0,-,-,-,-,0,0
457,RAISE,207,8648,8848,9648,1,ACKED,8740,1,8700,8720,1,72,0,0
458,RAISE,208,8656,8856,9656,0,REJECTED_FULL,8656,0,-,-,-,-,0,0
459,RAISE,209,8664,8864,9664,1,ACKED,8750,1,8710,8730,1,66,0,0
460,RAISE,210,8672,8872,9672,1,ACKED,8770,1,8730,8750,1,78,0,0
461,RAISE,211,8680,8880,9680,0,REJECTED_FULL,8680,0,-,-,-,-,0,0
462,RAISE,212,8688,8888,9688,1,ACKED,8780,1,8740,8760,1,72,0,0
463,RAISE,213,8696,8896,9696,1,ACKED,8790,1,8750,8770,1,74,0,0
464,RAISE,214,8704,8904,9704,1,ACKED,8800,1,8760,8780,1,76,0,0
465,RAISE,215,8712,8912,9712,1,ACKED,8810,1,8770,8790,1,78,0,0
466,RAISE,216,8720,8920,9720,0,REJECTED_FULL,8720,0,-,-,-,-,0,0
467,RAISE,217,8728,8928,9728,1,ACKED,8820,1,8780,8800,1,72,0,0
468,RAISE,218,8736,8936,9736,0,REJECTED_FULL,8736,0,-,-,-,-,0,0
469,RAISE,219,8744,8944,9744,1,ACKED,8840,1,8800,8820,1,76,0,0
470,RAISE,220,8752,8952,9752,1,ACKED,8850,1,8810,8830,1,78,0,0
471,RAISE,221,8760,8960,9760,0,REJECTED_FULL,8760,0,-,-,-,-,0,0
472,RAISE,222,8768,8968,9768,0,REJECTED_FULL,8768,0,-,-,-,-,0,0
473,RAISE,223,8776,8976,9776,1,ACKED,8860,1,8820,8840,1,64,0,0
474,RAISE,224,8784,8984,9784,1,ACKED,8870,1,8830,8850,1,66,0,0
475,RAISE,225,8792,8992,9792,1,ACKED,8880,1,8840,8860,1,68,0,0
476,RAISE,226,8800,9000,9800,0,REJECTED_FULL,8800,0,-,-,-,-,0,0
477,RAISE,227,8808,9008,9808,1,ACKED,8900,1,8860,8880,1,72,0,0
478,RAISE,228,8816,9016,9816,1,ACKED,8910,1,8870,8890,1,74,0,0
479,RAISE,229,8824,9024,9824,1,ACKED,8920,1,8880,8900,1,76,0,0
480,RAISE,230,8832,9032,9832,0,REJECTED_FULL,8832,0,-,-,-,-,0,0
481,RAISE,231,8840,9040,9840,0,REJECTED_FULL,8840,0,-,-,-,-,0,0
482,RAISE,232,8848,9048,9848,1,ACKED,8930,1,8890,8910,1,62,0,0
483,RAISE,233,8856,9056,9856,1,ACKED,8940,1,8900,8920,1,64,0,0
484,RAISE,234,8864,9064,9864,1,ACKED,8950,1,8910,8930,1,66,0,0
485,RAISE,235,8872,9072,9872,1,ACKED,8960,1,8920,8940,1,68,0,0
486,RAISE,236,8880,9080,9880,0,REJECTED_FULL,8880,0,-,-,-,-,0,0
487,RAISE,237,8888,9088,9888,1,ACKED,8980,1,8940,8960,1,72,0,0
488,RAISE,238,8896,9096,9896,0,REJECTED_FULL,8896,0,-,-,-,-,0,0
489,RAISE,239,8904,9104,9904,1,ACKED,8990,1,8950,8970,1,66,0,0
490,RAISE,240,8912,9112,9912,1,ACKED,9000,1,8960,8980,1,68,0,0
491,RAISE,241,8920,9120,9920,0,REJECTED_FULL,8920,0,-,-,-,-,0,0
492,RAISE,242,8928,9128,9928,1,ACKED,9020,1,8980,9000,1,72,0,0
493,RAISE,243,8936,9136,9936,1,ACKED,9030,1,8990,9010,1,74,0,0
494,RAISE,244,8944,9144,9944,1,ACKED,9040,1,9000,9020,1,76,0,0
495,RAISE,245,8952,9152,9952,1,ACKED,9050,1,9010,9030,1,78,0,0
496,RAISE,246,8960,9160,9960,0,REJECTED_FULL,8960,0,-,-,-,-,0,0
497,RAISE,247,8968,9168,9968,1,ACKED,9060,1,9020,9040,1,72,0,0
498,RAISE,248,8976,9176,9976,0,REJECTED_FULL,8976,0,-,-,-,-,0,0
499,RAISE,249,8984,9184,9984,1,ACKED,9070,1,9030,9050,1,66,0,0
500,RAISE,250,8992,9192,9992,1,ACKED,9090,1,9050,9070,1,78,0,0
501,RAISE,1,9000,9200,10000,0,REJECTED_FULL,9000,0,-,-,-,-,0,0
502,RAISE,2,9008,9208,10008,1,ACKED,9100,1,9060,9080,1,72,0,0
503,RAISE,3,9016,9216,10016,0,REJECTED_FULL,9016,0,-,-,-,-,0,0
504,RAISE,4,9024,9224,10024,1,ACKED,9110,1,9070,9090,1,66,0,0
505,RAISE,5,9032,9232,10032,1,ACKED,9120,1,9080,9100,1,68,0,0
506,RAISE,6,9040,9240,10040,0,REJECTED_FULL,9040,0,-,-,-,-,0,0
507,RAISE,7,9048,9248,10048,1,ACKED,9130,1,9090,9110,1,62,0,0
508,RAISE,8,9056,9256,10056,1,ACKED,9150,1,9110,9130,1,74,0,0
509,RAISE,9,9064,9264,10064,1,ACKED,9160,1,9120,9140,1,76,0,0
510,RAISE,10,9072,9272,10072,1,ACKED,9170,1,9130,9150,1,78,0,0
511,RAISE,11,9080,9280,10080,0,REJECTED_FULL,9080,0,-,-,-,-,0,0
512,RAISE,12,9088,9288,10088,0,REJECTED_FULL,9088,0,-,-,-,-,0,0
513,RAISE,13,9096,9296,10096,1,ACKED,9180,1,9140,9160,1,64,0,0
514,RAISE,14,9104,9304,10104,1,ACKED,9190,1,9150,9170,1,66,0,0
515,RAISE,15,9112,9312,10112,1,ACKED,9200,1,9160,9180,1,68,0,0
516,RAISE,16,9120,9320,10120,0,REJECTED_FULL,9120,0,-,-,-,-,0,0
517,RAISE,17,9128,9328,10128,1,ACKED,9220,1,9180,9200,1,72,0,0
518,RAISE,18,9136,9336,10136,1,ACKED,9230,1,9190,9210,1,74,0,0
519,RAISE,19,9144,9344,10144,0,REJECTED_FULL,9144,0,-,-,-,-,0,0
520,RAISE,20,9152,9352,10152,1,ACKED,9240,1,9200,9220,1,68,0,0
521,RAISE,21,9160,9360,10160,0,REJECTED_FULL,9160,0,-,-,-,-,0,0
522,RAISE,22,9168,9368,10168,1,ACKED,9250,1,9210,9230,1,62,0,0
523,RAISE,23,9176,9376,10176,1,ACKED,9260,1,9220,9240,1,64,0,0
524,RAISE,24,9184,9384,10184,1,ACKED,9280,1,9240,9260,1,76,0,0
525,RAISE,25,9192,9392,10192,1,ACKED,9290,1,9250,9270,1,78,0,0
526,RAISE,26,9200,9400,10200,0,REJECTED_FULL,9200,0,-,-,-,-,0,0
527,RAISE,27,9208,9408,10208,1,ACKED,9300,1,9260,9280,1,72,0,0
528,RAISE,28,9216,9416,10216,0,REJECTED_FULL,9216,0,-,-,-,-,0,0
529,RAISE,29,9224,9424,10224,1,ACKED,9310,1,9270,9290,1,66,0,0
530,RAISE,30,9232,9432,10232,1,ACKED,9320,1,9280,9300,1,68,0,0
531,RAISE,31,9240,9440,10240,0,REJECTED_FULL,9240,0,-,-,-,-,0,0
532,RAISE,32,9248,9448,10248,1,ACKED,9330,1,9290,9310,1,62,0,0
533,RAISE,33,9256,9456,10256,1,ACKED,9340,1,9300,9320,1,64,0,0
534,RAISE,34,9264,9464,10264,1,ACKED,9350,1,9310,9330,1,66,0,0
535,RAISE,35,9272,9472,10272,0,REJECTED_FULL,9272,0,-,-,-,-,0,0
536,RAISE,36,9280,9480,10280,0,REJECTED_FULL,9280,0,-,-,-,-,0,0
537,RAISE,37,9288,9488,10288,1,ACKED,9370,1,9330,9350,1,62,0,0
538,RAISE,38,9296,9496,10296,1,ACKED,9380,1,9340,9360,1,64,0,0
539,RAISE,39,9304,9504,10304,1,ACKED,9400,1,9360,9380,1,76,0,0
540,RAISE,40,9312,9512,10312,1,ACKED,9410,1,9370,9390,1,78,0,0
541,RAISE,41,9320,9520,10320,0,REJECTED_FULL,9320,0,-,-,-,-,0,0
542,RAISE,42,9328,9528,10328,1,ACKED,9420,1,9380,9400,1,72,0,0
543,RAISE,43,9336,9536,10336,1,ACKED,9430,1,9390,9410,1,74,0,0
544,RAISE,44,9344,9544,10344,1,ACKED,9440,1,9400,9420,1,76,0,0
545,RAISE,45,9352,9552,10352,1,ACKED,9450,1,9410,9430,1,78,0,0
546,RAISE,46,9360,9560,10360,0,REJECTED_FULL,9360,0,-,-,-,-,0,0
547,RAISE,47,9368,9568,10368,0,REJECTED_FULL,9368,0,-,-,-,-,0,0
548,RAISE,48,9376,9576,10376,1,ACKED,9460,1,9420,9440,1,64,0,0
549,RAISE,49,9384,9584,10384,1,ACKED,9470,1,9430,9450,1,66,0,0
550,RAISE,50,9392,9592,10392,0,REJECTED_FULL,9392,0,-,-,-,-,0,0
551,RAISE,51,9400,9600,10400,0,REJECTED_FULL,9400,0,-,-,-,-,0,0
552,RAISE,52,9408,9608,10408,1,ACKED,9490,1,9450,9470,1,62,0,0
553,RAISE,53,9416,9616,10416,1,ACKED,9500,1,9460,9480,1,64,0,0
554,RAISE,54,9424,9624,10424,1,ACKED,9510,1,9470,9490,1,66,0,0
555,RAISE,55,9432,9632,10432,1,ACKED,9530,1,9490,9510,1,78,0,0
556,RAISE,56,9440,9640,10440,0,REJECTED_FULL,9440,0,-,-,-,-,0,0
557,RAISE,57,9448,9648,10448,1,ACKED,9540,1,9500,9520,1,72,0,0
558,RAISE,58,9456,9656,10456,1,ACKED,9550,1,9510,9530,1,74,0,0
559,RAISE,59,9464,9664,10464,1,ACKED,9560,1,9520,9540,1,76,0,0
560,RAISE,60,9472,9672,10472,1,ACKED,9570,1,9530,9550,1,78,0,0
561,RAISE,61,9480,9680,10480,0,REJECTED_FULL,9480,0,-,-,-,-,0,0
562,RAISE,62,9488,9688,10488,0,REJECTED_FULL,9488,0,-,-,-,-,0,0
563,RAISE,63,9496,9696,10496,1,ACKED,9580,1,9540,9560,1,64,0,0
564,RAISE,64,9504,9704,10504,1,ACKED,9600,1,9560,9580,1,76,0,0
565,RAISE,65,9512,9712,10512,1,ACKED,9610,1,9570,9590,1,78,0,0
566,RAISE,66,9520,9720,10520,0,REJECTED_FULL,9520,0,-,-,-,-,0,0
567,RAISE,67,9528,9728,10528,0,REJECTED_FULL,9528,0,-,-,-,-,0,0
568,RAISE,68,9536,9736,10536,1,ACKED,9620,1,9580,9600,1,64,0,0
569,RAISE,69,9544,9744,10544,1,ACKED,9630,1,9590,9610,1,66,0,0
570,RAISE,70,9552,9752,10552,1,ACKED,9640,1,9600,9620,1,68,0,0
571,RAISE,71,9560,9760,10560,0,REJECTED_FULL,9560,0,-,-,-,-,0,0
572,RAISE,72,9568,9768,10568,1,ACKED,9960,2,9620,9640,1,72,1,0
573,RAISE,73,9576,9776,10576,1,ACKED,9670,1,9630,9650,1,74,0,0
574,RAISE,74,9584,9784,10584,1,ACKED,9680,1,9640,9660,1,76,0,0
575,RAISE,75,9592,9792,10592,0,REJECTED_FULL,9592,0,-,-,-,-,0,0
576,RAISE,76,9600,9800,10600,0,REJECTED_FULL,9600,0,-,-,-,-,0,0
577,RAISE,77,9608,9808,10608,1,ACKED,9690,1,9650,9670,1,62,0,0
578,RAISE,78,9616,9816,10616,1,ACKED,9700,1,9660,9680,1,64,0,0
579,RAISE,79,9624,9824,10624,1,ACKED,9710,1,9670,9690,1,66,0,0
580,RAISE,80,9632,9832,10632,1,ACKED,9730,1,9690,9710,1,78,0,0
581,RAISE,81,9640,9840,10640,0,REJECTED_FULL,9640,0,-,-,-,-,0,0
582,RAISE,82,9648,9848,10648,1,ACKED,9740,1,9700,9720,1,72,0,0
583,RAISE,83,9656,9856,10656,0,REJECTED_FULL,9656,0,-,-,-,-,0,0
584,RAISE,84,9664,9864,10664,0,REJECTED_FULL,9664,0,-,-,-,-,0,0
585,RAISE,85,9672,9872,10672,1,ACKED,9750,1,9710,9730,1,58,0,0
586,RAISE,86,9680,9880,10680,0,REJECTED_FULL,9680,0,-,-,-,-,0,0
587,RAISE,87,9688,9888,10688,1,ACKED,9760,1,9720,9740,1,52,0,0
588,RAISE,88,9696,9896,10696,1,ACKED,9770,1,9730,9750,1,54,0,0
589,RAISE,89,9704,9904,10704,1,ACKED,9790,1,9750,9770,1,66,0,0
590,RAISE,90,9712,9912,10712,1,ACKED,9800,1,9760,9780,1,68,0,0
591,RAISE,91,9720,9920,10720,0,REJECTED_FULL,9720,0,-,-,-,-,0,0
592,RAISE,92,9728,9928,10728,0,REJECTED_FULL,9728,0,-,-,-,-,0,0
593,RAISE,93,9736,9936,10736,1,ACKED,9810,1,9770,9790,1,54,0,0
594,RAISE,94,9744,9944,10744,1,ACKED,9820,1,9780,9800,1,56,0,0
595,RAISE,95,9752,9952,10752,1,ACKED,9840,1,9800,9820,1,68,0,0
596,RAISE,96,9760,9960,10760,0,REJECTED_FULL,9760,0,-,-,-,-,0,0
597,RAISE,97,9768,9968,10768,1,ACKED,9850,1,9810,9830,1,62,0,0
598,RAISE,98,9776,9976,10776,1,ACKED,9860,1,9820,9840,1,64,0,0
599,RAISE,99,9784,9984,10784,0,REJECTED_FULL,9784,0,-,-,-,-,0,0
600,RAISE,100,9792,9992,10792,1,ACKED,9870,1,9830,9850,1,58,0,0
601,RAISE,101,9800,10000,10800,0,REJECTED_FULL,9800,0,-,-,-,-,0,0
602,RAISE,102,9808,10008,10808,1,ACKED,9890,1,9850,9870,1,62,0,0
603,RAISE,103,9816,10016,10816,1,ACKED,9900,1,9860,9880,1,64,0,0
604,RAISE,104,9824,10024,10824,1,ACKED,9910,1,9870,9890,1,66,0,0
605,RAISE,105,9832,10032,10832,0,REJECTED_FULL,9832,0,-,-,-,-,0,0
606,RAISE,106,9840,10040,10840,0,REJECTED_FULL,9840,0,-,-,-,-,0,0
607,RAISE,107,9848,10048,10848,1,ACKED,9920,1,9880,9900,1,52,0,0
608,RAISE,108,9856,10056,10856,1,ACKED,10230,2,9890,9910,1,54,1,0
609,RAISE,109,9864,10064,10864,1,ACKED,9950,1,9910,9930,1,66,0,0
610,RAISE,110,9872,10072,10872,1,ACKED,9970,1,9930,9950,1,78,0,0
611,RAISE,111,9880,10080,10880,0,REJECTED_FULL,9880,0,-,-,-,-,0,0
612,RAISE,112,9888,10088,10888,0,REJECTED_FULL,9888,0,-,-,-,-,0,0
613,RAISE,113,9896,10096,10896,1,ACKED,9980,1,9940,9960,1,64,0,0
614,RAISE,114,9904,10104,10904,1,ACKED,9990,1,9950,9970,1,66,0,0
615,RAISE,115,9912,10112,10912,1,ACKED,10000,1,9960,9980,1,68,0,0
616,RAISE,116,9920,10120,10920,0,REJECTED_FULL,9920,0,-,-,-,-,0,0
617,RAISE,117,9928,10128,10928,1,ACKED,10020,1,9980,10000,1,72,0,0
618,RAISE,118,9936,10136,10936,0,REJECTED_FULL,9936,0,-,-,-,-,0,0
619,RAISE,119,9944,10144,10944,0,REJECTED_FULL,9944,0,-,-,-,-,0,0
620,RAISE,120,9952,10152,10952,1,ACKED,10030,1,9990,10010,1,58,0,0
621,RAISE,121,9960,10160,10960,0,REJECTED_FULL,9960,0,-,-,-,-,0,0
622,RAISE,122,9968,10168,10968,1,ACKED,10040,1,10000,10020,1,52,0,0
623,RAISE,123,9976,10176,10976,1,ACKED,10350,2,10010,10030,1,54,1,0
624,RAISE,124,9984,10184,10984,1,ACKED,10060,1,10020,10040,1,56,0,0
625,RAISE,125,9992,10192,10992,1,ACKED,10070,1,10030,10050,1,58,0,0
626,RAISE,126,10000,10200,11000,0,REJECTED_FULL,10000,0,-,-,-,-,0,0
627,RAISE,127,10008,10208,11008,1,ACKED,10090,1,10050,10070,1,62,0,0
628,RAISE,128,10016,10216,11016,0,REJECTED_FULL,10016,0,-,-,-,-,0,0
629,RAISE,129,10024,10224,11024,1,ACKED,10100,1,10060,10080,1,56,0,0
630,RAISE,130,10032,10232,11032,1,ACKED,10110,1,10070,10090,1,58,0,0
631,RAISE,131,10040,10240,11040,0,REJECTED_FULL,10040,0,-,-,-,-,0,0
632,RAISE,132,10048,10248,11048,1,ACKED,10120,1,10080,10100,1,52,0,0
633,RAISE,133,10056,10256,11056,0,REJECTED_FULL,10056,0,-,-,-,-,0,0
634,RAISE,134,10064,10264,11064,1,ACKED,10130,1,10090,10110,1,46,0,0
635,RAISE,135,10072,10272,11072,1,ACKED,10150,1,10110,10130,1,58,0,0
636,RAISE,136,10080,10280,11080,0,REJECTED_FULL,10080,0,-,-,-,-,0,0
637,RAISE,137,10088,10288,11088,0,REJECTED_FULL,10088,0,-,-,-,-,0,0
638,RAISE,138,10096,10296,11096,1,ACKED,10160,1,10120,10140,1,44,0,0
639,RAISE,139,10104,10304,11104,1,ACKED,10170,1,10130,10150,1,46,0,0
640,RAISE,140,10112,10312,11112,1,ACKED,10180,1,10140,10160,1,48,0,0
641,RAISE,141,10120,10320,11120,0,REJECTED_FULL,10120,0,-,-,-,-,0,0
642,RAISE,142,10128,10328,11128,1,ACKED,10200,1,10160,10180,1,52,0,0
643,RAISE,143,10136,10336,11136,1,ACKED,10210,1,10170,10190,1,54,0,0
644,RAISE,144,10144,10344,11144,0,REJECTED_FULL,10144,0,-,-,-,-,0,0
645,RAISE,145,10152,10352,11152,1,ACKED,10220,1,10180,10200,1,48,0,0
646,RAISE,146,10160,10360,11160,0,REJECTED_FULL,10160,0,-,-,-,-,0,0
647,RAISE,147,10168,10368,11168,1,ACKED,10240,1,10200,10220,1,52,0,0
648,RAISE,148,10176,10376,11176,1,ACKED,10250,1,10210,10230,1,54,0,0
649,RAISE,149,10184,10384,11184,1,ACKED,10260,1,10220,10240,1,56,0,0
650,RAISE,150,10192,10392,11192,0,REJECTED_FULL,10192,0,-,-,-,-,0,0
651,RAISE,151,10200,10400,11200,0,REJECTED_FULL,10200,0,-,-,-,-,0,0
652,RAISE,152,10208,10408,11208,1,ACKED,10280,1,10240,10260,1,52,0,0
653,RAISE,153,10216,10416,11216,1,ACKED,10290,1,10250,10270,1,54,0,0
654,RAISE,154,10224,10424,11224,1,ACKED,10300,1,10260,10280,1,56,0,0
655,RAISE,155,10232,10432,11232,1,ACKED,10310,1,10270,10290,1,58,0,0
656,RAISE,156,10240,10440,11240,0,REJECTED_FULL,10240,0,-,-,-,-,0,0
657,RAISE,157,10248,10448,11248,1,ACKED,10320,1,10280,10300,1,52,0,0
658,RAISE,158,10256,10456,11256,1,ACKED,10340,1,10300,10320,1,64,0,0
659,RAISE,159,10264,10464,11264,1,ACKED,10360,1,10320,10340,1,76,0,0
660,RAISE,160,10272,10472,11272,0,REJECTED_FULL,10272,0,-,-,-,-,0,0
661,RAISE,161,10280,10480,11280,0,REJECTED_FULL,10280,0,-,-,-,-,0,0
662,RAISE,162,10288,10488,11288,1,ACKED,10370,1,10330,10350,1,62,0,0
663,RAISE,163,10296,10496,11296,1,ACKED,10390,1,10350,10370,1,74,0,0
664,RAISE,164,10304,10504,11304,1,ACKED,10400,1,10360,10380,1,76,0,0
665,RAISE,165,10312,10512,11312,1,ACKED,10410,1,10370,10390,1,78,0,0
666,RAISE,166,10320,10520,11320,0,REJECTED_FULL,10320,0,-,-,-,-,0,0
667,RAISE,167,10328,10528,11328,1,ACKED,10420,1,10380,10400,1,72,0,0
668,RAISE,168,10336,10536,11336,0,REJECTED_FULL,10336,0,-,-,-,-,0,0
669,RAISE,169,10344,10544,11344,1,ACKED,10430,1,10390,10410,1,66,0,0
670,RAISE,170,10352,10552,11352,1,ACKED,10440,1,10400,10420,1,68,0,0
671,RAISE,171,10360,10560,11360,0,REJECTED_FULL,10360,0,-,-,-,-,0,0
672,RAISE,172,10368,10568,11368,1,ACKED,10450,1,10410,10430,1,62,0,0
673,RAISE,173,10376,10576,11376,1,ACKED,10470,1,10430,10450,1,74,0,0
674,RAISE,174,10384,10584,11384,0,REJECTED_FULL,10384,0,-,-,-,-,0,0
675,RAISE,175,10392,10592,11392,1,ACKED,10480,1,10440,10460,1,68,0,0
676,RAISE,176,10400,10600,11400,0,REJECTED_FULL,10400,0,-,-,-,-,0,0
677,RAISE,177,10408,10608,11408,1,ACKED,10490,1,10450,10470,1,62,0,0
678,RAISE,178,10416,10616,11416,1,ACKED,10500,1,10460,10480,1,64,0,0
679,RAISE,179,10424,10624,11424,1,ACKED,10510,1,10470,10490,1,66,0,0
680,RAISE,180,10432,10632,11432,1,ACKED,10520,1,10480,10500,1,68,0,0
681,RAISE,181,10440,10640,11440,0,REJECTED_FULL,10440,0,-,-,-,-,0,0
682,RAISE,182,10448,10648,11448,1,ACKED,10540,1,10500,10520,1,72,0,0
683,RAISE,183,10456,10656,11456,1,ACKED,10550,1,10510,10530,1,74,0,0
684,RAISE,184,10464,10664,11464,0,REJECTED_FULL,10464,0,-,-,-,-,0,0
685,RAISE,185,10472,10672,11472,1,ACKED,10560,1,10520,10540,1,68,0,0
686,RAISE,186,10480,10680,11480,0,REJECTED_FULL,10480,0,-,-,-,-,0,0
687,RAISE,187,10488,10688,11488,1,ACKED,10570,1,10530,10550,1,62,0,0
688,RAISE,188,10496,10696,11496,1,ACKED,10590,1,10550,10570,1,74,0,0
689,RAISE,189,10504,10704,11504,1,ACKED,10600,1,10560,10580,1,76,0,0
690,RAISE,190,10512,10712,11512,1,ACKED,10610,1,10570,10590,1,78,0,0
691,RAISE,191,10520,10720,11520,0,REJECTED_FULL,10520,0,-,-,-,-,0,0
692,RAISE,192,10528,10728,11528,1,ACKED,10620,1,10580,10600,1,72,0,0
693,RAISE,193,10536,10736,11536,0,REJECTED_FULL,10536,0,-,-,-,-,0,0
694,RAISE,194,10544,10744,11544,1,ACKED,10630,1,10590,10610,1,66,0,0
695,RAISE,195,10552,10752,11552,1,ACKED,10640,1,10600,10620,1,68,0,0
696,RAISE,196,10560,10760,11560,0,REJECTED_FULL,10560,0,-,-,-,-,0,0
697,RAISE,197,10568,10768,11568,1,ACKED,10650,1,10610,10630,1,62,0,0
698,RAISE,198,10576,10776,11576,1,ACKED,10670,1,10630,10650,1,74,0,0
699,RAISE,199,10584,10784,11584,0,REJECTED_FULL,10584,0,-,-,-,-,0,0
700,RAISE,200,10592,10792,11592,1,ACKED,10680,1,10640,10660,1,68,0,0
701,RAISE,201,10600,10800,11600,0,REJECTED_FULL,10600,0,-,-,-,-,0,0
702,RAISE,202,10608,10808,11608,1,ACKED,10690,1,10650,10670,1,62,0,0
703,RAISE,203,10616,10816,11616,1,ACKED,10700,1,10660,10680,1,64,0,0
704,RAISE,204,10624,10824,11624,1,ACKED,10710,1,10670,10690,1,66,0,0
705,RAISE,205,10632,10832,11632,1,ACKED,10730,1,10690,10710,1,78,0,0
706,RAISE,206,10640,10840,11640,0,REJECTED_FULL,10640,0,-,-,-,-,0,0
707,RAISE,207,10648,10848,11648,1,ACKED,10740,1,10700,10720,1,72,0,0
708,RAISE,208,10656,10856,11656,1,ACKED,10750,1,10710,10730,1,74,0,0
709,RAISE,209,10664,10864,11664,0,REJECTED_FULL,10664,0,-,-,-,-,0,0
710,RAISE,210,10672,10872,11672,1,ACKED,10760,1,10720,10740,1,68,0,0
711,RAISE,211,10680,10880,11680,0,REJECTED_FULL,10680,0,-,-,-,-,0,0
712,RAISE,212,10688,10888,11688,1,ACKED,10770,1,10730,10750,1,62,0,0
713,RAISE,213,10696,10896,11696,1,ACKED,10780,1,10740,10760,1,64,0,0
714,RAISE,214,10704,10904,11704,1,ACKED,10800,1,10760,10780,1,76,0,0
715,RAISE,215,10712,10912,11712,1,ACKED,10810,1,10770,10790,1,78,0,0
716,RAISE,216,10720,10920,11720,0,REJECTED_FULL,10720,0,-,-,-,-,0,0
717,RAISE,217,10728,10928,11728,0,REJECTED_FULL,10728,0,-,-,-,-,0,0
718,RAISE,218,10736,10936,11736,1,ACKED,10820,1,10780,10800,1,64,0,0
719,RAISE,219,10744,10944,11744,1,ACKED,10830,1,10790,10810,1,66,0,0
720,RAISE,220,10752,10952,11752,1,ACKED,10840,1,10800,10820,1,68,0,0
721,RAISE,221,10760,10960,11760,0,REJECTED_FULL,10760,0,-,-,-,-,0,0
722,RAISE,222,10768,10968,11768,1,ACKED,10860,1,10820,10840,1,72,0,0
723,RAISE,223,10776,10976,11776,1,ACKED,10870,1,10830,10850,1,74,0,0
724,RAISE,224,10784,10984,11784,1,ACKED,10880,1,10840,10860,1,76,0,0
725,RAISE,225,10792,10992,11792,0,REJECTED_FULL,10792,0,-,-,-,-,0,0
726,RAISE,226,10800,11000,11800,0,REJECTED_FULL,10800,0,-,-,-,-,0,0
727,RAISE,227,10808,11008,11808,1,ACKED,10900,1,10860,10880,1,72,0,0
728,RAISE,228,10816,11016,11816,1,ACKED,10910,1,10870,10890,1,74,0,0
729,RAISE,229,10824,11024,11824,1,ACKED,10920,1,10880,10900,1,76,0,0
730,RAISE,230,10832,11032,11832,1,ACKED,10930,1,10890,10910,1,78,0,0
731,RAISE,231,10840,11040,11840,0,REJECTED_FULL,10840,0,-,-,-,-,0,0
732,RAISE,232,10848,11048,11848,1,ACKED,10940,1,10900,10920,1,72,0,0
733,RAISE,233,10856,11056,11856,0,REJECTED_FULL,10856,0,-,-,-,-,0,0
734,RAISE,234,10864,11064,11864,1,ACKED,10950,1,10910,10930,1,66,0,0
735,RAISE,235,10872,11072,11872,1,ACKED,10960,1,10920,10940,1,68,0,0
736,RAISE,236,10880,11080,11880,0,REJECTED_FULL,10880,0,-,-,-,-,0,0
737,RAISE,237,10888,11088,11888,1,ACKED,10970,1,10930,10950,1,62,0,0
738,RAISE,238,10896,11096,11896,0,REJECTED_FULL,10896,0,-,-,-,-,0,0
739,RAISE,239,10904,11104,11904,1,ACKED,10980,1,10940,10960,1,56,0,0
740,RAISE,240,10912,11112,11912,1,ACKED,10990,1,10950,10970,1,58,0,0
741,RAISE,241,10920,11120,11920,0,REJECTED_FULL,10920,0,-,-,-,-,0,0
742,RAISE,242,10928,11128,11928,1,ACKED,11000,1,10960,10980,1,52,0,0
743,RAISE,243,10936,11136,11936,1,ACKED,11010,1,10970,10990,1,54,0,0
744,RAISE,244,10944,11144,11944,1,ACKED,11030,1,10990,11010,1,66,0,0
745,RAISE,245,10952,11152,11952,1,ACKED,11040,1,11000,11020,1,68,0,0
746,RAISE,246,10960,11160,11960,0,REJECTED_FULL,10960,0,-,-,-,-,0,0
747,RAISE,247,10968,11168,11968,1,ACKED,11060,1,11020,11040,1,72,0,0
748,RAISE,248,10976,11176,11976,1,ACKED,11070,1,11030,11050,1,74,0,0
749,RAISE,249,10984,11184,11984,1,ACKED,11080,1,11040,11060,1,76,0,0
750,RAISE,250,10992,11192,11992,1,ACKED,11100,1,11060,11080,1,88,0,0
751,RAISE,1,11000,11200,12000,0,REJECTED_FULL,11000,0,-,-,-,-,0,0
752,RAISE,2,11008,11208,12008,1,ACKED,11110,1,11070,11090,1,82,0,0
753,RAISE,3,11016,11216,12016,1,ACKED,11120,1,11080,11100,1,84,0,0
754,RAISE,4,11024,11224,12024,0,REJECTED_FULL,11024,0,-,-,-,-,0,0
755,RAISE,5,11032,11232,12032,1,ACKED,11130,1,11090,11110,1,78,0,0
756,RAISE,6,11040,11240,12040,0,REJECTED_FULL,11040,0,-,-,-,-,0,0
757,RAISE,7,11048,11248,12048,1,ACKED,11140,1,11100,11120,1,72,0,0
758,RAISE,8,11056,11256,12056,0,REJECTED_FULL,11056,0,-,-,-,-,0,0
759,RAISE,9,11064,11264,12064,1,ACKED,11150,1,11110,11130,1,66,0,0
760,RAISE,10,11072,11272,12072,1,ACKED,11170,1,11130,11150,1,78,0,0
761,RAISE,11,11080,11280,12080,0,REJECTED_FULL,11080,0,-,-,-,-,0,0
762,RAISE,12,11088,11288,12088,1,ACKED,11180,1,11140,11160,1,72,0,0
763,RAISE,13,11096,11296,12096,0,REJECTED_FULL,11096,0,-,-,-,-,0,0
764,RAISE,14,11104,11304,12104,1,ACKED,11190,1,11150,11170,1,66,0,0
765,RAISE,15,11112,11312,12112,1,ACKED,11200,1,11160,11180,1,68,0,0
766,RAISE,16,11120,11320,12120,0,REJECTED_FULL,11120,0,-,-,-,-,0,0
767,RAISE,17,11128,11328,12128,1,ACKED,11210,1,11170,11190,1,62,0,0
768,RAISE,18,11136,11336,12136,1,ACKED,11230,1,11190,11210,1,74,0,0
769,RAISE,19,11144,11344,12144,1,ACKED,11240,1,11200,11220,1,76,0,0
770,RAISE,20,11152,11352,12152,1,ACKED,11250,1,11210,11230,1,78,0,0
771,RAISE,21,11160,11360,12160,0,REJECTED_FULL,11160,0,-,-,-,-,0,0
772,RAISE,22,11168,11368,12168,0,REJECTED_FULL,11168,0,-,-,-,-,0,0
773,RAISE,23,11176,11376,12176,1,ACKED,11260,1,11220,11240,1,64,0,0
774,RAISE,24,11184,11384,12184,1,ACKED,11270,1,11230,11250,1,66,0,0
775,RAISE,25,11192,11392,12192,1,ACKED,11280,1,11240,11260,1,68,0,0
776,RAISE,26,11200,11400,12200,0,REJECTED_FULL,11200,0,-,-,-,-,0,0
777,RAISE,27,11208,11408,12208,1,ACKED,11300,1,11260,11280,1,72,0,0
778,RAISE,28,11216,11416,12216,1,ACKED,11310,1,11270,11290,1,74,0,0
779,RAISE,29,11224,11424,12224,0,REJECTED_FULL,11224,0,-,-,-,-,0,0
780,RAISE,30,11232,11432,12232,1,ACKED,11320,1,11280,11300,1,68,0,0
781,RAISE,31,11240,11440,12240,0,REJECTED_FULL,11240,0,-,-,-,-,0,0
782,RAISE,32,11248,11448,12248,1,ACKED,11330,1,11290,11310,1,62,0,0
783,RAISE,33,11256,11456,12256,1,ACKED,11350,1,11310,11330,1,74,0,0
784,RAISE,34,11264,11464,12264,1,ACKED,11360,1,11320,11340,1,76,0,0
785,RAISE,35,11272,11472,12272,1,ACKED,11370,1,11330,11350,1,78,0,0
786,RAISE,36,11280,11480,12280,0,REJECTED_FULL,11280,0,-,-,-,-,0,0
787,RAISE,37,11288,11488,12288,1,ACKED,11380,1,11340,11360,1,72,0,0
788,RAISE,38,11296,11496,12296,0,REJECTED_FULL,11296,0,-,-,-,-,0,0
789,RAISE,39,11304,11504,12304,1,ACKED,11390,1,11350,11370,1,66,0,0
790,RAISE,40,11312,11512,12312,1,ACKED,11400,1,11360,11380,1,68,0,0
791,RAISE,41,11320,11520,12320,0,REJECTED_FULL,11320,0,-,-,-,-,0,0
792,RAISE,42,11328,11528,12328,1,ACKED,11420,1,11380,11400,1,72,0,0
793,RAISE,43,11336,11536,12336,1,ACKED,11430,1,11390,11410,1,74,0,0
794,RAISE,44,11344,11544,12344,0,REJECTED_FULL,11344,0,-,-,-,-,0,0
795,RAISE,45,11352,11552,12352,1,ACKED,11440,1,11400,11420,1,68,0,0
796,RAISE,46,11360,11560,12360,0,REJECTED_FULL,11360,0,-,-,-,-,0,0
797,RAISE,47,11368,11568,12368,1,ACKED,11450,1,11410,11430,1,62,0,0
798,RAISE,48,11376,11576,12376,1,ACKED,11470,1,11430,11450,1,74,0,0
799,RAISE,49,11384,11584,12384,1,ACKED,11480,1,11440,11460,1,76,0,0
800,RAISE,50,11392,11592,12392,1,ACKED,11490,1,11450,11470,1,78,0,0
801,RAISE,51,11400,11600,12400,0,REJECTED_FULL,11400,0,-,-,-,-,0,0
802,RAISE,52,11408,11608,12408,1,ACKED,11500,1,11460,11480,1,72,0,0
803,RAISE,53,11416,11616,12416,0,REJECTED_FULL,11416,0,-,-,-,-,0,0
804,RAISE,54,11424,11624,12424,1,ACKED,11510,1,11470,11490,1,66,0,0
805,RAISE,55,11432,11632,12432,1,ACKED,11520,1,11480,11500,1,68,0,0
806,RAISE,56,11440,11640,12440,0,REJECTED_FULL,11440,0,-,-,-,-,0,0
807,RAISE,57,11448,11648,12448,1,ACKED,11540,1,11500,11520,1,72,0,0
808,RAISE,58,11456,11656,12456,1,ACKED,11550,1,11510,11530,1,74,0,0
809,RAISE,59,11464,11664,12464,0,REJECTED_FULL,11464,0,-,-,-,-,0,0
810,RAISE,60,11472,11672,12472,1,ACKED,11560,1,11520,11540,1,68,0,0
811,RAISE,61,11480,11680,12480,0,REJECTED_FULL,11480,0,-,-,-,-,0,0
812,RAISE,62,11488,11688,12488,1,ACKED,11570,1,11530,11550,1,62,0,0
813,RAISE,63,11496,11696,12496,1,ACKED,11580,1,11540,11560,1,64,0,0
814,RAISE,64,11504,11704,12504,1,ACKED,11590,1,11550,11570,1,66,0,0
815,RAISE,65,11512,11712,12512,1,ACKED,11610,1,11570,11590,1,78,0,0
816,RAISE,66,11520,11720,12520,0,REJECTED_FULL,11520,0,-,-,-,-,0,0
817,RAISE,67,11528,11728,12528,1,ACKED,11620,1,11580,11600,1,72,0,0
818,RAISE,68,11536,11736,12536,0,REJECTED_FULL,11536,0,-,-,-,-,0,0
819,RAISE,69,11544,11744,12544,1,ACKED,11630,1,11590,11610,1,66,0,0
820,RAISE,70,11552,11752,12552,1,ACKED,11640,1,11600,11620,1,68,0,0
821,RAISE,71,11560,11760,12560,0,REJECTED_FULL,11560,0,-,-,-,-,0,0
822,RAISE,72,11568,11768,12568,1,ACKED,11650,1,11610,11630,1,62,0,0
823,RAISE,73,11576,11776,12576,1,ACKED,11660,1,11620,11640,1,64,0,0
824,RAISE,74,11584,11784,12584,1,ACKED,11680,1,11640,11660,1,76,0,0
825,RAISE,75,11592,11792,12592,1,ACKED,11690,1,11650,11670,1,78,0,0
826,RAISE,76,11600,11800,12600,0,REJECTED_FULL,11600,0,-,-,-,-,0,0
827,RAISE,77,11608,11808,12608,0,REJECTED_FULL,11608,0,-,-,-,-,0,0
828,RAISE,78,11616,11816,12616,1,ACKED,11700,1,11660,11680,1,64,0,0
829,RAISE,79,11624,11824,12624,1,ACKED,11720,1,11680,11700,1,76,0,0
830,RAISE,80,11632,11832,12632,1,ACKED,12030,2,11690,12010,0,378,0,0
831,RAISE,81,11640,11840,12640,0,REJECTED_FULL,11640,0,-,-,-,-,0,0
832,RAISE,82,11648,11848,12648,1,ACKED,12040,2,11700,12020,0,372,0,0
833,RAISE,83,11656,11856,12656,1,ACKED,11750,1,11710,11730,1,74,0,0
834,RAISE,84,11664,11864,12664,1,ACKED,11760,1,11720,11740,1,76,0,0
835,RAISE,85,11672,11872,12672,0,REJECTED_FULL,11672,0,-,-,-,-,0,0
836,RAISE,86,11680,11880,12680,0,REJECTED_FULL,11680,0,-,-,-,-,0,0
837,RAISE,87,11688,11888,12688,1,ACKED,11770,1,11730,11750,1,62,0,0
838,RAISE,88,11696,11896,12696,1,ACKED,11780,1,11740,11760,1,64,0,0
839,RAISE,89,11704,11904,12704,1,ACKED,11800,1,11760,11780,1,76,0,0
840,RAISE,90,11712,11912,12712,0,REJECTED_FULL,11712,0,-,-,-,-,0,0
841,RAISE,91,11720,11920,12720,0,REJECTED_FULL,11720,0,-,-,-,-,0,0
842,RAISE,92,11728,11928,12728,1,ACKED,11810,1,11770,11790,1,62,0,0
843,RAISE,93,11736,11936,12736,0,REJECTED_FULL,11736,0,-,-,-,-,0,0
844,RAISE,94,11744,11944,12744,0,REJECTED_FULL,11744,0,-,-,-,-,0,0
845,RAISE,95,11752,11952,12752,1,ACKED,11830,1,11790,11810,1,58,0,0
846,RAISE,96,11760,11960,12760,0,REJECTED_FULL,11760,0,-,-,-,-,0,0
847,RAISE,97,11768,11968,12768,1,ACKED,11840,1,11800,11820,1,52,0,0
848,RAISE,98,11776,11976,12776,1,ACKED,11850,1,11810,11830,1,54,0,0
849,RAISE,99,11784,11984,12784,1,ACKED,11860,1,11820,11840,1,56,0,0
850,RAISE,100,11792,11992,12792,0,REJECTED_FULL,11792,0,-,-,-,-,0,0
851,RAISE,101,11800,12000,12800,0,REJECTED_FULL,11800,0,-,-,-,-,0,0
852,RAISE,102,11808,12008,12808,1,ACKED,11870,1,11830,11850,1,42,0,0
853,RAISE,103,11816,12016,12816,1,ACKED,11880,1,11840,11860,1,44,0,0
854,RAISE,104,11824,12024,12824,0,REJECTED_FULL,11824,0,-,-,-,-,0,0
855,RAISE,105,11832,12032,12832,1,ACKED,11890,1,11850,11870,1,38,0,0
856,RAISE,106,11840,12040,12840,0,REJECTED_FULL,11840,0,-,-,-,-,0,0
857,RAISE,107,11848,12048,12848,1,ACKED,11900,1,11860,11880,1,32,0,0
858,RAISE,108,11856,12056,12856,1,ACKED,11910,1,11870,11890,1,34,0,0
859,RAISE,109,11864,12064,12864,1,ACKED,11920,1,11880,11900,1,36,0,0
860,RAISE,110,11872,12072,12872,1,ACKED,11930,1,11890,11910,1,38,0,0
861,RAISE,111,11880,12080,12880,0,REJECTED_FULL,11880,0,-,-,-,-,0,0
862,RAISE,112,11888,12088,12888,1,ACKED,11950,1,11910,11930,1,42,0,0
863,RAISE,113,11896,12096,12896,1,ACKED,11960,1,11920,11940,1,44,0,0
864,RAISE,114,11904,12104,12904,1,ACKED,11980,1,11940,11960,1,56,0,0
865,RAISE,115,11912,12112,12912,1,ACKED,11990,1,11950,11970,1,58,0,0
866,RAISE,116,11920,12120,12920,0,REJECTED_FULL,11920,0,-,-,-,-,0,0
867,RAISE,117,11928,12128,12928,1,ACKED,12000,1,11960,11980,1,52,0,0
868,RAISE,118,11936,12136,12936,1,ACKED,12010,1,11970,11990,1,54,0,0
869,RAISE,119,11944,12144,12944,0,REJECTED_FULL,11944,0,-,-,-,-,0,0
870,RAISE,120,11952,12152,12952,1,ACKED,12020,1,11980,12000,1,48,0,0
871,RAISE,121,11960,12160,12960,0,REJECTED_FULL,11960,0,-,-,-,-,0,0
872,RAISE,122,11968,12168,12968,1,ACKED,12060,1,12020,12040,1,72,0,0
873,RAISE,123,11976,12176,12976,0,REJECTED_FULL,11976,0,-,-,-,-,0,0
874,RAISE,124,11984,12184,12984,1,ACKED,12070,1,12030,12050,1,66,0,0
875,RAISE,125,11992,12192,12992,1,ACKED,12080,1,12040,12060,1,68,0,0
876,RAISE,126,12000,12200,13000,0,REJECTED_FULL,12000,0,-,-,-,-,0,0
877,RAISE,127,12008,12208,13008,1,ACKED,12090,1,12050,12070,1,62,0,0
878,RAISE,128,12016,12216,13016,1,ACKED,12110,1,12070,12090,1,74,0,0
879,RAISE,129,12024,12224,13024,1,ACKED,12120,1,12080,12100,1,76,0,0
880,RAISE,130,12032,12232,13032,1,ACKED,12130,1,12090,12110,1,78,0,0
881,RAISE,131,12040,12240,13040,0,REJECTED_FULL,12040,0,-,-,-,-,0,0
882,RAISE,132,12048,12248,13048,1,ACKED,12140,1,12100,12120,1,72,0,0
883,RAISE,133,12056,12256,13056,0,REJECTED_FULL,12056,0,-,-,-,-,0,0
884,RAISE,134,12064,12264,13064,1,ACKED,12160,1,12120,12140,1,76,0,0
885,RAISE,135,12072,12272,13072,1,ACKED,12470,2,12130,12450,0,378,0,0
886,RAISE,136,12080,12280,13080,0,REJECTED_FULL,12080,0,-,-,-,-,0,0
887,RAISE,137,12088,12288,13088,1,ACKED,12180,1,12140,12160,1,72,0,0
888,RAISE,138,12096,12296,13096,1,ACKED,12190,1,12150,12170,1,74,0,0
889,RAISE,139,12104,12304,13104,0,REJECTED_FULL,12104,0,-,-,-,-,0,0
890,RAISE,140,12112,12312,13112,1,ACKED,12200,1,12160,12180,1,68,0,0
891,RAISE,141,12120,12320,13120,0,REJECTED_FULL,12120,0,-,-,-,-,0,0
892,RAISE,142,12128,12328,13128,1,ACKED,12220,1,12180,12200,1,72,0,0
893,RAISE,143,12136,12336,13136,1,ACKED,12230,1,12190,12210,1,74,0,0
894,RAISE,144,12144,12344,13144,1,ACKED,12240,1,12200,12220,1,76,0,0
895,RAISE,145,12152,12352,13152,0,REJECTED_FULL,12152,0,-,-,-,-,0,0
896,RAISE,146,12160,12360,13160,0,REJECTED_FULL,12160,0,-,-,-,-,0,0
897,RAISE,147,12168,12368,13168,1,ACKED,12250,1,12210,12230,1,62,0,0
898,RAISE,148,12176,12376,13176,0,REJECTED_FULL,12176,0,-,-,-,-,0,0
899,RAISE,149,12184,12384,13184,1,ACKED,12270,1,12230,12250,1,66,0,0
900,RAISE,150,12192,12392,13192,1,ACKED,12280,1,12240,12260,1,68,0,0
901,RAISE,151,12200,12400,13200,0,REJECTED_FULL,12200,0,-,-,-,-,0,0
902,RAISE,152,12208,12408,13208,1,ACKED,12290,1,12250,12270,1,62,0,0
903,RAISE,153,12216,12416,13216,0,REJECTED_FULL,12216,0,-,-,-,-,0,0
904,RAISE,154,12224,12424,13224,1,ACKED,12300,1,12260,12280,1,56,0,0
905,RAISE,155,12232,12432,13232,1,ACKED,12310,1,12270,12290,1,58,0,0
906,RAISE,156,12240,12440,13240,0,REJECTED_FULL,12240,0,-,-,-,-,0,0
907,RAISE,157,12248,12448,13248,1,ACKED,12330,1,12290,12310,1,62,0,0
908,RAISE,158,12256,12456,13256,1,ACKED,12340,1,12300,12320,1,64,0,0
909,RAISE,159,12264,12464,13264,0,REJECTED_FULL,12264,0,-,-,-,-,0,0
910,RAISE,160,12272,12472,13272,1,ACKED,12350,1,12310,12330,1,58,0,0
911,RAISE,161,12280,12480,13280,0,REJECTED_FULL,12280,0,-,-,-,-,0,0
912,RAISE,162,12288,12488,13288,1,ACKED,12360,1,12320,12340,1,52,0,0
913,RAISE,163,12296,12496,13296,1,ACKED,12370,1,12330,12350,1,54,0,0
914,RAISE,164,12304,12504,13304,1,ACKED,12390,1,12350,12370,1,66,0,0
915,RAISE,165,12312,12512,13312,1,ACKED,12400,1,12360,12380,1,68,0,0
916,RAISE,166,12320,12520,13320,0,REJECTED_FULL,12320,0,-,-,-,-,0,0
917,RAISE,167,12328,12528,13328,0,REJECTED_FULL,12328,0,-,-,-,-,0,0
918,RAISE,168,12336,12536,13336,1,ACKED,12410,1,12370,12390,1,54,0,0
919,RAISE,169,12344,12544,13344,1,ACKED,12420,1,12380,12400,1,56,0,0
920,RAISE,170,12352,12552,13352,1,ACKED,12430,1,12390,12410,1,58,0,0
921,RAISE,171,12360,12560,13360,0,REJECTED_FULL,12360,0,-,-,-,-,0,0
922,RAISE,172,12368,12568,13368,1,ACKED,12440,1,12400,12420,1,52,0,0
923,RAISE,173,12376,12576,13376,1,ACKED,12450,1,12410,12430,1,54,0,0
924,RAISE,174,12384,12584,13384,0,REJECTED_FULL,12384,0,-,-,-,-,0,0
925,RAISE,175,12392,12592,13392,1,ACKED,12460,1,12420,12440,1,48,0,0
926,RAISE,176,12400,12600,13400,0,REJECTED_FULL,12400,0,-,-,-,-,0,0
927,RAISE,177,12408,12608,13408,1,ACKED,12490,1,12450,12470,1,62,0,0
928,RAISE,178,12416,12616,13416,1,RETENTION_EXPIRED,13420,4,12460,12480,1,64,1,2
929,RAISE,179,12424,12624,13424,1,ACKED,12510,1,12470,12490,1,66,0,0
930,RAISE,180,12432,12632,13432,1,ACKED,12530,1,12490,12510,1,78,0,0
931,RAISE,181,12440,12640,13440,0,REJECTED_FULL,12440,0,-,-,-,-,0,0
932,RAISE,182,12448,12648,13448,1,ACKED,12540,1,12500,12520,1,72,0,0
933,RAISE,183,12456,12656,13456,1,ACKED,12550,1,12510,12530,1,74,0,0
934,RAISE,184,12464,12664,13464,1,ACKED,12560,1,12520,12540,1,76,0,0
935,RAISE,185,12472,12672,13472,1,ACKED,12570,1,12530,12550,1,78,0,0
936,RAISE,186,12480,12680,13480,0,REJECTED_FULL,12480,0,-,-,-,-,0,0
937,RAISE,187,12488,12688,13488,0,REJECTED_FULL,12488,0,-,-,-,-,0,0
938,RAISE,188,12496,12696,13496,1,ACKED,12580,1,12540,12560,1,64,0,0
939,RAISE,189,12504,12704,13504,0,REJECTED_FULL,12504,0,-,-,-,-,0,0
940,RAISE,190,12512,12712,13512,1,ACKED,12590,1,12550,12570,1,58,0,0
941,RAISE,191,12520,12720,13520,0,REJECTED_FULL,12520,0,-,-,-,-,0,0
942,RAISE,192,12528,12728,13528,0,REJECTED_FULL,12528,0,-,-,-,-,0,0
943,RAISE,193,12536,12736,13536,1,ACKED,12610,1,12570,12590,1,54,0,0
944,RAISE,194,12544,12744,13544,1,ACKED,12620,1,12580,12600,1,56,0,0
945,RAISE,195,12552,12752,13552,1,ACKED,12630,1,12590,12610,1,58,0,0
946,RAISE,196,12560,12760,13560,0,REJECTED_FULL,12560,0,-,-,-,-,0,0
947,RAISE,197,12568,12768,13568,1,ACKED,12640,1,12600,12620,1,52,0,0
948,RAISE,198,12576,12776,13576,1,ACKED,12660,1,12620,12640,1,64,0,0
949,RAISE,199,12584,12784,13584,1,ACKED,12670,1,12630,12650,1,66,0,0
950,RAISE,200,12592,12792,13592,1,ACKED,12680,1,12640,12660,1,68,0,0
951,RAISE,201,12600,12800,13600,0,REJECTED_FULL,12600,0,-,-,-,-,0,0
952,RAISE,202,12608,12808,13608,0,REJECTED_FULL,12608,0,-,-,-,-,0,0
953,RAISE,203,12616,12816,13616,1,ACKED,12700,1,12660,12680,1,64,0,0
954,RAISE,204,12624,12824,13624,1,ACKED,12710,1,12670,12690,1,66,0,0
955,RAISE,205,12632,12832,13632,1,ACKED,12720,1,12680,12700,1,68,0,0
956,RAISE,206,12640,12840,13640,0,REJECTED_FULL,12640,0,-,-,-,-,0,0
957,RAISE,207,12648,12848,13648,1,ACKED,12730,1,12690,12710,1,62,0,0
958,RAISE,208,12656,12856,13656,0,REJECTED_FULL,12656,0,-,-,-,-,0,0
959,RAISE,209,12664,12864,13664,1,ACKED,12740,1,12700,12720,1,56,0,0
960,RAISE,210,12672,12872,13672,1,ACKED,12750,1,12710,12730,1,58,0,0
961,RAISE,211,12680,12880,13680,0,REJECTED_FULL,12680,0,-,-,-,-,0,0
962,RAISE,212,12688,12888,13688,1,ACKED,12770,1,12730,12750,1,62,0,0
963,RAISE,213,12696,12896,13696,0,REJECTED_FULL,12696,0,-,-,-,-,0,0
964,RAISE,214,12704,12904,13704,1,ACKED,12780,1,12740,12760,1,56,0,0
965,RAISE,215,12712,12912,13712,1,ACKED,12790,1,12750,12770,1,58,0,0
966,RAISE,216,12720,12920,13720,0,REJECTED_FULL,12720,0,-,-,-,-,0,0
967,RAISE,217,12728,12928,13728,1,ACKED,12810,1,12770,12790,1,62,0,0
968,RAISE,218,12736,12936,13736,1,ACKED,12820,1,12780,12800,1,64,0,0
969,RAISE,219,12744,12944,13744,1,ACKED,12830,1,12790,12810,1,66,0,0
970,RAISE,220,12752,12952,13752,1,ACKED,12840,1,12800,12820,1,68,0,0
971,RAISE,221,12760,12960,13760,0,REJECTED_FULL,12760,0,-,-,-,-,0,0
972,RAISE,222,12768,12968,13768,0,REJECTED_FULL,12768,0,-,-,-,-,0,0
973,RAISE,223,12776,12976,13776,1,ACKED,12850,1,12810,12830,1,54,0,0
974,RAISE,224,12784,12984,13784,1,ACKED,12860,1,12820,12840,1,56,0,0
975,RAISE,225,12792,12992,13792,1,ACKED,12870,1,12830,12850,1,58,0,0
976,RAISE,226,12800,13000,13800,0,REJECTED_FULL,12800,0,-,-,-,-,0,0
977,RAISE,227,12808,13008,13808,0,REJECTED_FULL,12808,0,-,-,-,-,0,0
978,RAISE,228,12816,13016,13816,1,ACKED,12880,1,12840,12860,1,44,0,0
979,RAISE,229,12824,13024,13824,1,ACKED,12890,1,12850,12870,1,46,0,0
980,RAISE,230,12832,13032,13832,1,ACKED,12920,1,12880,12900,1,68,0,0
981,RAISE,231,12840,13040,13840,0,REJECTED_FULL,12840,0,-,-,-,-,0,0
982,RAISE,232,12848,13048,13848,1,ACKED,12930,1,12890,12910,1,62,0,0
983,RAISE,233,12856,13056,13856,1,ACKED,12940,1,12900,12920,1,64,0,0
984,RAISE,234,12864,13064,13864,1,ACKED,12950,1,12910,12930,1,66,0,0
985,RAISE,235,12872,13072,13872,1,ACKED,12960,1,12920,12940,1,68,0,0
986,RAISE,236,12880,13080,13880,0,REJECTED_FULL,12880,0,-,-,-,-,0,0
987,RAISE,237,12888,13088,13888,1,ACKED,12980,1,12940,12960,1,72,0,0
988,RAISE,238,12896,13096,13896,1,ACKED,12990,1,12950,12970,1,74,0,0
989,RAISE,239,12904,13104,13904,0,REJECTED_FULL,12904,0,-,-,-,-,0,0
990,RAISE,240,12912,13112,13912,0,REJECTED_FULL,12912,0,-,-,-,-,0,0
991,RAISE,241,12920,13120,13920,0,REJECTED_FULL,12920,0,-,-,-,-,0,0
992,RAISE,242,12928,13128,13928,1,ACKED,13010,1,12970,12990,1,62,0,0
993,RAISE,243,12936,13136,13936,1,ACKED,13020,1,12980,13000,1,64,0,0
994,RAISE,244,12944,13144,13944,1,ACKED,13030,1,12990,13010,1,66,0,0
995,RAISE,245,12952,13152,13952,1,ACKED,13040,1,13000,13020,1,68,0,0
996,RAISE,246,12960,13160,13960,0,REJECTED_FULL,12960,0,-,-,-,-,0,0
997,RAISE,247,12968,13168,13968,1,ACKED,13050,1,13010,13030,1,62,0,0
998,RAISE,248,12976,13176,13976,0,REJECTED_FULL,12976,0,-,-,-,-,0,0
999,RAISE,249,12984,13184,13984,1,ACKED,13060,1,13020,13040,1,56,0,0
1000,RAISE,250,12992,13192,13992,1,ACKED,13070,1,13030,13050,1,58,0,0
1001,RAISE,1,13000,13200,14000,0,REJECTED_FULL,13000,0,-,-,-,-,0,0
1002,RAISE,2,13008,13208,14008,0,REJECTED_FULL,13008,0,-,-,-,-,0,0
1003,RAISE,3,13016,13216,14016,1,ACKED,13090,1,13050,13070,1,54,0,0
1004,RAISE,4,13024,13224,14024,1,ACKED,13110,1,13070,13090,1,66,0,0
1005,RAISE,5,13032,13232,14032,1,ACKED,13120,1,13080,13100,1,68,0,0
1006,RAISE,6,13040,13240,14040,0,REJECTED_FULL,13040,0,-,-,-,-,0,0
1007,RAISE,7,13048,13248,14048,1,ACKED,13130,1,13090,13110,1,62,0,0
1008,RAISE,8,13056,13256,14056,1,ACKED,13140,1,13100,13120,1,64,0,0
1009,RAISE,9,13064,13264,14064,1,ACKED,13150,1,13110,13130,1,66,0,0
1010,RAISE,10,13072,13272,14072,1,ACKED,13160,1,13120,13140,1,68,0,0
1011,RAISE,11,13080,13280,14080,0,REJECTED_FULL,13080,0,-,-,-,-,0,0
1012,RAISE,12,13088,13288,14088,0,REJECTED_FULL,13088,0,-,-,-,-,0,0
1013,RAISE,13,13096,13296,14096,1,ACKED,13180,1,13140,13160,1,64,0,0
1014,RAISE,14,13104,13304,14104,0,REJECTED_FULL,13104,0,-,-,-,-,0,0
1015,RAISE,15,13112,13312,14112,1,ACKED,13190,1,13150,13170,1,58,0,0
1016,RAISE,16,13120,13320,14120,0,REJECTED_FULL,13120,0,-,-,-,-,0,0
1017,RAISE,17,13128,13328,14128,1,ACKED,13200,1,13160,13180,1,52,0,0
1018,RAISE,18,13136,13336,14136,1,ACKED,13220,1,13180,13200,1,64,0,0
1019,RAISE,19,13144,13344,14144,1,ACKED,13230,1,13190,13210,1,66,0,0
1020,RAISE,20,13152,13352,14152,1,ACKED,13240,1,13200,13220,1,68,0,0
1021,RAISE,21,13160,13360,14160,0,REJECTED_FULL,13160,0,-,-,-,-,0,0
1022,RAISE,22,13168,13368,14168,1,ACKED,13250,1,13210,13230,1,62,0,0
1023,RAISE,23,13176,13376,14176,0,REJECTED_FULL,13176,0,-,-,-,-,0,0
1024,RAISE,24,13184,13384,14184,1,ACKED,13260,1,13220,13240,1,56,0,0
1025,RAISE,25,13192,13392,14192,1,ACKED,13270,1,13230,13250,1,58,0,0
1026,RAISE,26,13200,13400,14200,0,REJECTED_FULL,13200,0,-,-,-,-,0,0
1027,RAISE,27,13208,13408,14208,1,ACKED,13290,1,13250,13270,1,62,0,0
1028,RAISE,28,13216,13416,14216,0,REJECTED_FULL,13216,0,-,-,-,-,0,0
1029,RAISE,29,13224,13424,14224,1,ACKED,13300,1,13260,13280,1,56,0,0
1030,RAISE,30,13232,13432,14232,1,ACKED,13320,1,13280,13300,1,68,0,0
1031,RAISE,31,13240,13440,14240,0,REJECTED_FULL,13240,0,-,-,-,-,0,0
1032,RAISE,32,13248,13448,14248,1,ACKED,13330,1,13290,13310,1,62,0,0
1033,RAISE,33,13256,13456,14256,1,ACKED,13340,1,13300,13320,1,64,0,0
1034,RAISE,34,13264,13464,14264,1,ACKED,13650,2,13310,13330,1,66,1,0
1035,RAISE,35,13272,13472,14272,1,ACKED,13360,1,13320,13340,1,68,0,0
1036,RAISE,36,13280,13480,14280,0,REJECTED_FULL,13280,0,-,-,-,-,0,0
1037,RAISE,37,13288,13488,14288,0,REJECTED_FULL,13288,0,-,-,-,-,0,0
1038,RAISE,38,13296,13496,14296,1,ACKED,13370,1,13330,13350,1,54,0,0
1039,RAISE,39,13304,13504,14304,1,ACKED,13380,1,13340,13360,1,56,0,0
1040,RAISE,40,13312,13512,14312,0,REJECTED_FULL,13312,0,-,-,-,-,0,0
1041,RAISE,41,13320,13520,14320,0,REJECTED_FULL,13320,0,-,-,-,-,0,0
1042,RAISE,42,13328,13528,14328,1,ACKED,13410,1,13370,13390,1,62,0,0
1043,RAISE,43,13336,13536,14336,1,ACKED,13420,1,13380,13400,1,64,0,0
1044,RAISE,44,13344,13544,14344,1,ACKED,13430,1,13390,13410,1,66,0,0
1045,RAISE,45,13352,13552,14352,0,REJECTED_FULL,13352,0,-,-,-,-,0,0
1046,RAISE,46,13360,13560,14360,0,REJECTED_FULL,13360,0,-,-,-,-,0,0
1047,RAISE,47,13368,13568,14368,1,ACKED,13440,1,13400,13420,1,52,0,0
1048,RAISE,48,13376,13576,14376,1,ACKED,13450,1,13410,13430,1,54,0,0
1049,RAISE,49,13384,13584,14384,1,ACKED,13460,1,13420,13440,1,56,0,0
1050,RAISE,50,13392,13592,14392,0,REJECTED_FULL,13392,0,-,-,-,-,0,0
1051,RAISE,51,13400,13600,14400,0,REJECTED_FULL,13400,0,-,-,-,-,0,0
1052,RAISE,52,13408,13608,14408,0,REJECTED_FULL,13408,0,-,-,-,-,0,0
1053,RAISE,53,13416,13616,14416,1,ACKED,13480,1,13440,13460,1,44,0,0
1054,RAISE,54,13424,13624,14424,1,ACKED,13490,1,13450,13470,1,46,0,0
1055,RAISE,55,13432,13632,14432,1,ACKED,13510,1,13470,13490,1,58,0,0
1056,RAISE,56,13440,13640,14440,1,ACKED,13520,1,13480,13500,1,60,0,0
1057,RAISE,57,13448,13648,14448,1,ACKED,13530,1,13490,13510,1,62,0,0
1058,RAISE,58,13456,13656,14456,1,ACKED,13540,1,13500,13520,1,64,0,0
1059,RAISE,59,13464,13664,14464,1,ACKED,13550,1,13510,13530,1,66,0,0
1060,RAISE,60,13472,13672,14472,0,REJECTED_FULL,13472,0,-,-,-,-,0,0
1061,RAISE,61,13480,13680,14480,0,REJECTED_FULL,13480,0,-,-,-,-,0,0
1062,RAISE,62,13488,13688,14488,1,ACKED,13560,1,13520,13540,1,52,0,0
1063,RAISE,63,13496,13696,14496,1,ACKED,13570,1,13530,13550,1,54,0,0
1064,RAISE,64,13504,13704,14504,0,REJECTED_FULL,13504,0,-,-,-,-,0,0
1065,RAISE,65,13512,13712,14512,1,ACKED,13590,1,13550,13570,1,58,0,0
1066,RAISE,66,13520,13720,14520,0,REJECTED_FULL,13520,0,-,-,-,-,0,0
1067,RAISE,67,13528,13728,14528,1,ACKED,13600,1,13560,13580,1,52,0,0
1068,RAISE,68,13536,13736,14536,1,ACKED,13610,1,13570,13590,1,54,0,0
1069,RAISE,69,13544,13744,14544,1,ACKED,13620,1,13580,13600,1,56,0,0
1070,RAISE,70,13552,13752,14552,1,ACKED,13630,1,13590,13610,1,58,0,0
1071,RAISE,71,13560,13760,14560,0,REJECTED_FULL,13560,0,-,-,-,-,0,0
1072,RAISE,72,13568,13768,14568,1,ACKED,13660,1,13620,13640,1,72,0,0
1073,RAISE,73,13576,13776,14576,1,ACKED,13670,1,13630,13650,1,74,0,0
1074,RAISE,74,13584,13784,14584,0,REJECTED_FULL,13584,0,-,-,-,-,0,0
1075,RAISE,75,13592,13792,14592,1,ACKED,13680,1,13640,13660,1,68,0,0
1076,RAISE,76,13600,13800,14600,0,REJECTED_FULL,13600,0,-,-,-,-,0,0
1077,RAISE,77,13608,13808,14608,1,ACKED,13690,1,13650,13670,1,62,0,0
1078,RAISE,78,13616,13816,14616,1,ACKED,13700,1,13660,13680,1,64,0,0
1079,RAISE,79,13624,13824,14624,1,ACKED,13720,1,13680,13700,1,76,0,0
1080,RAISE,80,13632,13832,14632,1,ACKED,13730,1,13690,13710,1,78,0,0
1081,RAISE,81,13640,13840,14640,0,REJECTED_FULL,13640,0,-,-,-,-,0,0
1082,RAISE,82,13648,13848,14648,0,REJECTED_FULL,13648,0,-,-,-,-,0,0
1083,RAISE,83,13656,13856,14656,1,ACKED,13740,1,13700,13720,1,64,0,0
1084,RAISE,84,13664,13864,14664,1,ACKED,13750,1,13710,13730,1,66,0,0
1085,RAISE,85,13672,13872,14672,1,ACKED,13760,1,13720,13740,1,68,0,0
1086,RAISE,86,13680,13880,14680,0,REJECTED_FULL,13680,0,-,-,-,-,0,0
1087,RAISE,87,13688,13888,14688,1,ACKED,13770,1,13730,13750,1,62,0,0
1088,RAISE,88,13696,13896,14696,1,ACKED,13780,1,13740,13760,1,64,0,0
1089,RAISE,89,13704,13904,14704,1,ACKED,13800,1,13760,13780,1,76,0,0
1090,RAISE,90,13712,13912,14712,0,REJECTED_FULL,13712,0,-,-,-,-,0,0
1091,RAISE,91,13720,13920,14720,0,REJECTED_FULL,13720,0,-,-,-,-,0,0
1092,RAISE,92,13728,13928,14728,1,ACKED,13810,1,13770,13790,1,62,0,0
1093,RAISE,93,13736,13936,14736,1,ACKED,13820,1,13780,13800,1,64,0,0
1094,RAISE,94,13744,13944,14744,1,ACKED,13830,1,13790,13810,1,66,0,0
1095,RAISE,95,13752,13952,14752,1,ACKED,13840,1,13800,13820,1,68,0,0
1096,RAISE,96,13760,13960,14760,0,REJECTED_FULL,13760,0,-,-,-,-,0,0
1097,RAISE,97,13768,13968,14768,1,ACKED,13860,1,13820,13840,1,72,0,0
1098,RAISE,98,13776,13976,14776,1,ACKED,13870,1,13830,13850,1,74,0,0
1099,RAISE,99,13784,13984,14784,1,ACKED,13880,1,13840,13860,1,76,0,0
1100,RAISE,100,13792,13992,14792,0,REJECTED_FULL,13792,0,-,-,-,-,0,0
1101,RAISE,101,13800,14000,14800,0,REJECTED_FULL,13800,0,-,-,-,-,0,0
1102,RAISE,102,13808,14008,14808,1,ACKED,13890,1,13850,13870,1,62,0,0
1103,RAISE,103,13816,14016,14816,1,ACKED,13910,1,13870,13890,1,74,0,0
1104,RAISE,104,13824,14024,14824,1,ACKED,13920,1,13880,13900,1,76,0,0
1105,RAISE,105,13832,14032,14832,1,ACKED,13930,1,13890,13910,1,78,0,0
1106,RAISE,106,13840,14040,14840,0,REJECTED_FULL,13840,0,-,-,-,-,0,0
1107,RAISE,107,13848,14048,14848,1,ACKED,13940,1,13900,13920,1,72,0,0
1108,RAISE,108,13856,14056,14856,0,REJECTED_FULL,13856,0,-,-,-,-,0,0
1109,RAISE,109,13864,14064,14864,1,ACKED,13950,1,13910,13930,1,66,0,0
1110,RAISE,110,13872,14072,14872,1,ACKED,13960,1,13920,13940,1,68,0,0
1111,RAISE,111,13880,14080,14880,0,REJECTED_FULL,13880,0,-,-,-,-,0,0
1112,RAISE,112,13888,14088,14888,1,ACKED,13980,1,13940,13960,1,72,0,0
1113,RAISE,113,13896,14096,14896,1,ACKED,13990,1,13950,13970,1,74,0,0
1114,RAISE,114,13904,14104,14904,0,REJECTED_FULL,13904,0,-,-,-,-,0,0
1115,RAISE,115,13912,14112,14912,1,ACKED,14000,1,13960,13980,1,68,0,0
1116,RAISE,116,13920,14120,14920,0,REJECTED_FULL,13920,0,-,-,-,-,0,0
1117,RAISE,117,13928,14128,14928,1,ACKED,14020,1,13980,14000,1,72,0,0
1118,RAISE,118,13936,14136,14936,1,ACKED,14030,1,13990,14010,1,74,0,0
1119,RAISE,119,13944,14144,14944,1,ACKED,14040,1,14000,14020,1,76,0,0
1120,RAISE,120,13952,14152,14952,1,ACKED,14050,1,14010,14030,1,78,0,0
1121,RAISE,121,13960,14160,14960,0,REJECTED_FULL,13960,0,-,-,-,-,0,0
1122,RAISE,122,13968,14168,14968,1,ACKED,14060,1,14020,14040,1,72,0,0
1123,RAISE,123,13976,14176,14976,0,REJECTED_FULL,13976,0,-,-,-,-,0,0
1124,RAISE,124,13984,14184,14984,1,ACKED,14080,1,14040,14060,1,76,0,0
1125,RAISE,125,13992,14192,14992,1,ACKED,14090,1,14050,14070,1,78,0,0
1126,RAISE,126,14000,14200,15000,0,REJECTED_FULL,14000,0,-,-,-,-,0,0
1127,RAISE,127,14008,14208,15008,1,ACKED,14100,1,14060,14080,1,72,0,0
1128,RAISE,128,14016,14216,15016,0,REJECTED_FULL,14016,0,-,-,-,-,0,0
1129,RAISE,129,14024,14224,15024,1,ACKED,14110,1,14070,14090,1,66,0,0
1130,RAISE,130,14032,14232,15032,1,ACKED,14120,1,14080,14100,1,68,0,0
1131,RAISE,131,14040,14240,15040,0,REJECTED_FULL,14040,0,-,-,-,-,0,0
1132,RAISE,132,14048,14248,15048,1,ACKED,14130,1,14090,14110,1,62,0,0
1133,RAISE,133,14056,14256,15056,1,ACKED,14140,1,14100,14120,1,64,0,0
1134,RAISE,134,14064,14264,15064,1,ACKED,14160,1,14120,14140,1,76,0,0
1135,RAISE,135,14072,14272,15072,0,REJECTED_FULL,14072,0,-,-,-,-,0,0
1136,RAISE,136,14080,14280,15080,0,REJECTED_FULL,14080,0,-,-,-,-,0,0
1137,RAISE,137,14088,14288,15088,1,ACKED,14170,1,14130,14150,1,62,0,0
1138,RAISE,138,14096,14296,15096,1,ACKED,14180,1,14140,14160,1,64,0,0
1139,RAISE,139,14104,14304,15104,1,ACKED,14190,1,14150,14170,1,66,0,0
1140,RAISE,140,14112,14312,15112,1,ACKED,14210,1,14170,14190,1,78,0,0
1141,RAISE,141,14120,14320,15120,0,REJECTED_FULL,14120,0,-,-,-,-,0,0
1142,RAISE,142,14128,14328,15128,1,ACKED,14220,1,14180,14200,1,72,0,0
1143,RAISE,143,14136,14336,15136,1,ACKED,14230,1,14190,14210,1,74,0,0
1144,RAISE,144,14144,14344,15144,1,ACKED,14240,1,14200,14220,1,76,0,0
1145,RAISE,145,14152,14352,15152,0,REJECTED_FULL,14152,0,-,-,-,-,0,0
1146,RAISE,146,14160,14360,15160,0,REJECTED_FULL,14160,0,-,-,-,-,0,0
1147,RAISE,147,14168,14368,15168,1,ACKED,14250,1,14210,14230,1,62,0,0
1148,RAISE,148,14176,14376,15176,1,ACKED,14260,1,14220,14240,1,64,0,0
1149,RAISE,149,14184,14384,15184,1,ACKED,14270,1,14230,14250,1,66,0,0
1150,RAISE,150,14192,14392,15192,1,ACKED,14280,1,14240,14260,1,68,0,0
1151,RAISE,151,14200,14400,15200,0,REJECTED_FULL,14200,0,-,-,-,-,0,0
1152,RAISE,152,14208,14408,15208,0,REJECTED_FULL,14208,0,-,-,-,-,0,0
1153,RAISE,153,14216,14416,15216,1,ACKED,14300,1,14260,14280,1,64,0,0
1154,RAISE,154,14224,14424,15224,1,ACKED,14310,1,14270,14290,1,66,0,0
1155,RAISE,155,14232,14432,15232,1,ACKED,14320,1,14280,14300,1,68,0,0
1156,RAISE,156,14240,14440,15240,0,REJECTED_FULL,14240,0,-,-,-,-,0,0
1157,RAISE,157,14248,14448,15248,1,ACKED,14340,1,14300,14320,1,72,0,0
1158,RAISE,158,14256,14456,15256,1,ACKED,14350,1,14310,14330,1,74,0,0
1159,RAISE,159,14264,14464,15264,1,ACKED,14360,1,14320,14340,1,76,0,0
1160,RAISE,160,14272,14472,15272,1,ACKED,14370,1,14330,14350,1,78,0,0
1161,RAISE,161,14280,14480,15280,0,REJECTED_FULL,14280,0,-,-,-,-,0,0
1162,RAISE,162,14288,14488,15288,1,ACKED,14680,2,14340,14660,0,372,0,0
1163,RAISE,163,14296,14496,15296,0,REJECTED_FULL,14296,0,-,-,-,-,0,0
1164,RAISE,164,14304,14504,15304,1,ACKED,14390,1,14350,14370,1,66,0,0
1165,RAISE,165,14312,14512,15312,1,ACKED,14410,1,14370,14390,1,78,0,0
1166,RAISE,166,14320,14520,15320,0,REJECTED_FULL,14320,0,-,-,-,-,0,0
1167,RAISE,167,14328,14528,15328,1,ACKED,14420,1,14380,14400,1,72,0,0
1168,RAISE,168,14336,14536,15336,0,REJECTED_FULL,14336,0,-,-,-,-,0,0
1169,RAISE,169,14344,14544,15344,1,ACKED,14430,1,14390,14410,1,66,0,0
1170,RAISE,170,14352,14552,15352,1,ACKED,14440,1,14400,14420,1,68,0,0
1171,RAISE,171,14360,14560,15360,0,REJECTED_FULL,14360,0,-,-,-,-,0,0
1172,RAISE,172,14368,14568,15368,1,ACKED,14460,1,14420,14440,1,72,0,0
1173,RAISE,173,14376,14576,15376,1,ACKED,14470,1,14430,14450,1,74,0,0
1174,RAISE,174,14384,14584,15384,0,REJECTED_FULL,14384,0,-,-,-,-,0,0
1175,RAISE,175,14392,14592,15392,1,ACKED,14480,1,14440,14460,1,68,0,0
1176,RAISE,176,14400,14600,15400,0,REJECTED_FULL,14400,0,-,-,-,-,0,0
1177,RAISE,177,14408,14608,15408,0,REJECTED_FULL,14408,0,-,-,-,-,0,0
1178,RAISE,178,14416,14616,15416,1,ACKED,14490,1,14450,14470,1,54,0,0
1179,RAISE,179,14424,14624,15424,1,RETENTION_EXPIRED,15430,4,14460,14480,1,56,1,2
1180,RAISE,180,14432,14632,15432,1,ACKED,14820,2,14480,14800,0,368,0,0
1181,RAISE,181,14440,14640,15440,0,REJECTED_FULL,14440,0,-,-,-,-,0,0
1182,RAISE,182,14448,14648,15448,1,ACKED,14530,1,14490,14510,1,62,0,0
1183,RAISE,183,14456,14656,15456,0,REJECTED_FULL,14456,0,-,-,-,-,0,0
1184,RAISE,184,14464,14664,15464,1,ACKED,14540,1,14500,14520,1,56,0,0
1185,RAISE,185,14472,14672,15472,1,ACKED,14550,1,14510,14530,1,58,0,0
1186,RAISE,186,14480,14680,15480,0,REJECTED_FULL,14480,0,-,-,-,-,0,0
1187,RAISE,187,14488,14688,15488,1,ACKED,14560,1,14520,14540,1,52,0,0
1188,RAISE,188,14496,14696,15496,1,ACKED,14570,1,14530,14550,1,54,0,0
1189,RAISE,189,14504,14704,15504,0,REJECTED_FULL,14504,0,-,-,-,-,0,0
1190,RAISE,190,14512,14712,15512,0,REJECTED_FULL,14512,0,-,-,-,-,0,0
1191,RAISE,191,14520,14720,15520,0,REJECTED_FULL,14520,0,-,-,-,-,0,0
1192,RAISE,192,14528,14728,15528,0,REJECTED_FULL,14528,0,-,-,-,-,0,0
1193,RAISE,193,14536,14736,15536,1,ACKED,14590,1,14550,14570,1,34,0,0
1194,RAISE,194,14544,14744,15544,1,ACKED,14600,1,14560,14580,1,36,0,0
1195,RAISE,195,14552,14752,15552,1,ACKED,14610,1,14570,14590,1,38,0,0
1196,RAISE,196,14560,14760,15560,0,REJECTED_FULL,14560,0,-,-,-,-,0,0
1197,RAISE,197,14568,14768,15568,1,ACKED,14620,1,14580,14600,1,32,0,0
1198,RAISE,198,14576,14776,15576,1,ACKED,14640,1,14600,14620,1,44,0,0
1199,RAISE,199,14584,14784,15584,0,REJECTED_FULL,14584,0,-,-,-,-,0,0
1200,RAISE,200,14592,14792,15592,1,ACKED,14650,1,14610,14630,1,38,0,0
1201,RAISE,201,14600,14800,15600,0,REJECTED_FULL,14600,0,-,-,-,-,0,0
1202,RAISE,202,14608,14808,15608,1,ACKED,14660,1,14620,14640,1,32,0,0
1203,RAISE,203,14616,14816,15616,1,ACKED,14670,1,14630,14650,1,34,0,0
1204,RAISE,204,14624,14824,15624,1,ACKED,14690,1,14650,14670,1,46,0,0
1205,RAISE,205,14632,14832,15632,0,REJECTED_FULL,14632,0,-,-,-,-,0,0
1206,RAISE,206,14640,14840,15640,0,REJECTED_FULL,14640,0,-,-,-,-,0,0
1207,RAISE,207,14648,14848,15648,1,ACKED,14710,1,14670,14690,1,42,0,0
1208,RAISE,208,14656,14856,15656,1,ACKED,14720,1,14680,14700,1,44,0,0
1209,RAISE,209,14664,14864,15664,1,ACKED,14730,1,14690,14710,1,46,0,0
1210,RAISE,210,14672,14872,15672,1,ACKED,14740,1,14700,14720,1,48,0,0
1211,RAISE,211,14680,14880,15680,0,REJECTED_FULL,14680,0,-,-,-,-,0,0
1212,RAISE,212,14688,14888,15688,1,ACKED,14750,1,14710,14730,1,42,0,0
1213,RAISE,213,14696,14896,15696,1,ACKED,14760,1,14720,14740,1,44,0,0
1214,RAISE,214,14704,14904,15704,0,REJECTED_FULL,14704,0,-,-,-,-,0,0
1215,RAISE,215,14712,14912,15712,1,ACKED,14780,1,14740,14760,1,48,0,0
1216,RAISE,216,14720,14920,15720,0,REJECTED_FULL,14720,0,-,-,-,-,0,0
1217,RAISE,217,14728,14928,15728,1,ACKED,14790,1,14750,14770,1,42,0,0
1218,RAISE,218,14736,14936,15736,1,ACKED,14810,1,14770,14790,1,54,0,0
1219,RAISE,219,14744,14944,15744,1,ACKED,14840,1,14800,14820,1,76,0,0
1220,RAISE,220,14752,14952,15752,1,ACKED,14850,1,14810,14830,1,78,0,0
1221,RAISE,221,14760,14960,15760,0,REJECTED_FULL,14760,0,-,-,-,-,0,0
1222,RAISE,222,14768,14968,15768,1,ACKED,14860,1,14820,14840,1,72,0,0
1223,RAISE,223,14776,14976,15776,0,REJECTED_FULL,14776,0,-,-,-,-,0,0
1224,RAISE,224,14784,14984,15784,1,ACKED,14870,1,14830,14850,1,66,0,0
1225,RAISE,225,14792,14992,15792,1,ACKED,14880,1,14840,14860,1,68,0,0
1226,RAISE,226,14800,15000,15800,0,REJECTED_FULL,14800,0,-,-,-,-,0,0
1227,RAISE,227,14808,15008,15808,0,REJECTED_FULL,14808,0,-,-,-,-,0,0
1228,RAISE,228,14816,15016,15816,1,ACKED,14900,1,14860,14880,1,64,0,0
1229,RAISE,229,14824,15024,15824,1,ACKED,14910,1,14870,14890,1,66,0,0
1230,RAISE,230,14832,15032,15832,0,REJECTED_FULL,14832,0,-,-,-,-,0,0
1231,RAISE,231,14840,15040,15840,0,REJECTED_FULL,14840,0,-,-,-,-,0,0
1232,RAISE,232,14848,15048,15848,1,ACKED,14920,1,14880,14900,1,52,0,0
1233,RAISE,233,14856,15056,15856,1,ACKED,14930,1,14890,14910,1,54,0,0
1234,RAISE,234,14864,15064,15864,1,ACKED,14950,1,14910,14930,1,66,0,0
1235,RAISE,235,14872,15072,15872,1,ACKED,14960,1,14920,14940,1,68,0,0
1236,RAISE,236,14880,15080,15880,0,REJECTED_FULL,14880,0,-,-,-,-,0,0
1237,RAISE,237,14888,15088,15888,1,ACKED,14970,1,14930,14950,1,62,0,0
1238,RAISE,238,14896,15096,15896,0,REJECTED_FULL,14896,0,-,-,-,-,0,0
1239,RAISE,239,14904,15104,15904,1,ACKED,14980,1,14940,14960,1,56,0,0
1240,RAISE,240,14912,15112,15912,1,ACKED,14990,1,14950,14970,1,58,0,0
1241,RAISE,241,14920,15120,15920,0,REJECTED_FULL,14920,0,-,-,-,-,0,0
1242,RAISE,242,14928,15128,15928,1,ACKED,15000,1,14960,14980,1,52,0,0
1243,RAISE,243,14936,15136,15936,1,ACKED,15010,1,14970,14990,1,54,0,0
1244,RAISE,244,14944,15144,15944,0,REJECTED_FULL,14944,0,-,-,-,-,0,0
1245,RAISE,245,14952,15152,15952,1,ACKED,15030,1,14990,15010,1,58,0,0
1246,RAISE,246,14960,15160,15960,0,REJECTED_FULL,14960,0,-,-,-,-,0,0
1247,RAISE,247,14968,15168,15968,1,ACKED,15040,1,15000,15020,1,52,0,0
1248,RAISE,248,14976,15176,15976,1,ACKED,15050,1,15010,15030,1,54,0,0
1249,RAISE,249,14984,15184,15984,1,ACKED,15070,1,15030,15050,1,66,0,0
1250,RAISE,250,14992,15192,15992,1,ACKED,15080,1,15040,15060,1,68,0,0
1251,RAISE,1,15000,15200,16000,0,REJECTED_FULL,15000,0,-,-,-,-,0,0
1252,RAISE,2,15008,15208,16008,1,ACKED,15090,1,15050,15070,1,62,0,0
1253,RAISE,3,15016,15216,16016,1,ACKED,15110,1,15070,15090,1,74,0,0
1254,RAISE,4,15024,15224,16024,0,REJECTED_FULL,15024,0,-,-,-,-,0,0
1255,RAISE,5,15032,15232,16032,1,ACKED,15120,1,15080,15100,1,68,0,0
1256,RAISE,6,15040,15240,16040,0,REJECTED_FULL,15040,0,-,-,-,-,0,0
1257,RAISE,7,15048,15248,16048,1,ACKED,15130,1,15090,15110,1,62,0,0
1258,RAISE,8,15056,15256,16056,1,ACKED,15140,1,15100,15120,1,64,0,0
1259,RAISE,9,15064,15264,16064,0,REJECTED_FULL,15064,0,-,-,-,-,0,0
1260,RAISE,10,15072,15272,16072,1,ACKED,15160,1,15120,15140,1,68,0,0
1261,RAISE,11,15080,15280,16080,0,REJECTED_FULL,15080,0,-,-,-,-,0,0
1262,RAISE,12,15088,15288,16088,1,ACKED,15170,1,15130,15150,1,62,0,0
1263,RAISE,13,15096,15296,16096,1,ACKED,15180,1,15140,15160,1,64,0,0
1264,RAISE,14,15104,15304,16104,0,REJECTED_FULL,15104,0,-,-,-,-,0,0
1265,RAISE,15,15112,15312,16112,1,ACKED,15190,1,15150,15170,1,58,0,0
1266,RAISE,16,15120,15320,16120,0,REJECTED_FULL,15120,0,-,-,-,-,0,0
1267,RAISE,17,15128,15328,16128,1,ACKED,15210,1,15170,15190,1,62,0,0
1268,RAISE,18,15136,15336,16136,1,ACKED,15220,1,15180,15200,1,64,0,0
1269,RAISE,19,15144,15344,16144,1,ACKED,15230,1,15190,15210,1,66,0,0
1270,RAISE,20,15152,15352,16152,0,REJECTED_FULL,15152,0,-,-,-,-,0,0
1271,RAISE,21,15160,15360,16160,0,REJECTED_FULL,15160,0,-,-,-,-,0,0
1272,RAISE,22,15168,15368,16168,1,ACKED,15240,1,15200,15220,1,52,0,0
1273,RAISE,23,15176,15376,16176,1,ACKED,15250,1,15210,15230,1,54,0,0
1274,RAISE,24,15184,15384,16184,1,ACKED,15260,1,15220,15240,1,56,0,0
1275,RAISE,25,15192,15392,16192,1,ACKED,15280,1,15240,15260,1,68,0,0
1276,RAISE,26,15200,15400,16200,0,REJECTED_FULL,15200,0,-,-,-,-,0,0
1277,RAISE,27,15208,15408,16208,0,REJECTED_FULL,15208,0,-,-,-,-,0,0
1278,RAISE,28,15216,15416,16216,1,ACKED,15290,1,15250,15270,1,54,0,0
1279,RAISE,29,15224,15424,16224,1,ACKED,15300,1,15260,15280,1,56,0,0
1280,RAISE,30,15232,15432,16232,1,ACKED,15310,1,15270,15290,1,58,0,0
1281,RAISE,31,15240,15440,16240,0,REJECTED_FULL,15240,0,-,-,-,-,0,0
1282,RAISE,32,15248,15448,16248,1,ACKED,15320,1,15280,15300,1,52,0,0
1283,RAISE,33,15256,15456,16256,1,ACKED,15330,1,15290,15310,1,54,0,0
1284,RAISE,34,15264,15464,16264,1,ACKED,15350,1,15310,15330,1,66,0,0
1285,RAISE,35,15272,15472,16272,0,REJECTED_FULL,15272,0,-,-,-,-,0,0
1286,RAISE,36,15280,15480,16280,0,REJECTED_FULL,15280,0,-,-,-,-,0,0
1287,RAISE,37,15288,15488,16288,1,ACKED,15360,1,15320,15340,1,52,0,0
1288,RAISE,38,15296,15496,16296,1,ACKED,15370,1,15330,15350,1,54,0,0
1289,RAISE,39,15304,15504,16304,1,ACKED,15380,1,15340,15360,1,56,0,0
1290,RAISE,40,15312,15512,16312,1,ACKED,15410,1,15370,15390,1,78,0,0
1291,RAISE,41,15320,15520,16320,0,REJECTED_FULL,15320,0,-,-,-,-,0,0
1292,RAISE,42,15328,15528,16328,1,ACKED,15420,1,15380,15400,1,72,0,0
1293,RAISE,43,15336,15536,16336,1,ACKED,15430,1,15390,15410,1,74,0,0
1294,RAISE,44,15344,15544,16344,0,REJECTED_FULL,15344,0,-,-,-,-,0,0
1295,RAISE,45,15352,15552,16352,1,ACKED,15440,1,15400,15420,1,68,0,0
1296,RAISE,46,15360,15560,16360,0,REJECTED_FULL,15360,0,-,-,-,-,0,0
1297,RAISE,47,15368,15568,16368,1,ACKED,15450,1,15410,15430,1,62,0,0
1298,RAISE,48,15376,15576,16376,1,ACKED,15470,1,15430,15450,1,74,0,0
1299,RAISE,49,15384,15584,16384,1,ACKED,15480,1,15440,15460,1,76,0,0
1300,RAISE,50,15392,15592,16392,0,REJECTED_FULL,15392,0,-,-,-,-,0,0
1301,RAISE,51,15400,15600,16400,0,REJECTED_FULL,15400,0,-,-,-,-,0,0
1302,RAISE,52,15408,15608,16408,0,REJECTED_FULL,15408,0,-,-,-,-,0,0
1303,RAISE,53,15416,15616,16416,1,ACKED,15490,1,15450,15470,1,54,0,0
1304,RAISE,54,15424,15624,16424,1,ACKED,15500,1,15460,15480,1,56,0,0
1305,RAISE,55,15432,15632,16432,1,ACKED,15520,1,15480,15500,1,68,0,0
1306,RAISE,56,15440,15640,16440,1,ACKED,15530,1,15490,15510,1,70,0,0
1307,RAISE,57,15448,15648,16448,1,ACKED,15540,1,15500,15520,1,72,0,0
1308,RAISE,58,15456,15656,16456,1,ACKED,15550,1,15510,15530,1,74,0,0
1309,RAISE,59,15464,15664,16464,0,REJECTED_FULL,15464,0,-,-,-,-,0,0
1310,RAISE,60,15472,15672,16472,1,ACKED,15560,1,15520,15540,1,68,0,0
1311,RAISE,61,15480,15680,16480,0,REJECTED_FULL,15480,0,-,-,-,-,0,0
1312,RAISE,62,15488,15688,16488,1,ACKED,15570,1,15530,15550,1,62,0,0
1313,RAISE,63,15496,15696,16496,1,ACKED,15590,1,15550,15570,1,74,0,0
1314,RAISE,64,15504,15704,16504,1,ACKED,15600,1,15560,15580,1,76,0,0
1315,RAISE,65,15512,15712,16512,0,REJECTED_FULL,15512,0,-,-,-,-,0,0
1316,RAISE,66,15520,15720,16520,0,REJECTED_FULL,15520,0,-,-,-,-,0,0
1317,RAISE,67,15528,15728,16528,1,ACKED,15610,1,15570,15590,1,62,0,0
1318,RAISE,68,15536,15736,16536,1,ACKED,15620,1,15580,15600,1,64,0,0
1319,RAISE,69,15544,15744,16544,1,ACKED,15630,1,15590,15610,1,66,0,0
1320,RAISE,70,15552,15752,16552,1,ACKED,15650,1,15610,15630,1,78,0,0
1321,RAISE,71,15560,15760,16560,0,REJECTED_FULL,15560,0,-,-,-,-,0,0
1322,RAISE,72,15568,15768,16568,1,ACKED,15660,1,15620,15640,1,72,0,0
1323,RAISE,73,15576,15776,16576,1,ACKED,15670,1,15630,15650,1,74,0,0
1324,RAISE,74,15584,15784,16584,0,REJECTED_FULL,15584,0,-,-,-,-,0,0
1325,RAISE,75,15592,15792,16592,1,ACKED,15680,1,15640,15660,1,68,0,0
1326,RAISE,76,15600,15800,16600,0,REJECTED_FULL,15600,0,-,-,-,-,0,0
1327,RAISE,77,15608,15808,16608,1,ACKED,15690,1,15650,15670,1,62,0,0
1328,RAISE,78,15616,15816,16616,1,ACKED,15700,1,15660,15680,1,64,0,0
1329,RAISE,79,15624,15824,16624,1,ACKED,15710,1,15670,15690,1,66,0,0
1330,RAISE,80,15632,15832,16632,1,ACKED,15720,1,15680,15700,1,68,0,0
1331,RAISE,81,15640,15840,16640,0,REJECTED_FULL,15640,0,-,-,-,-,0,0
1332,RAISE,82,15648,15848,16648,0,REJECTED_FULL,15648,0,-,-,-,-,0,0
1333,RAISE,83,15656,15856,16656,1,ACKED,15740,1,15700,15720,1,64,0,0
1334,RAISE,84,15664,15864,16664,1,ACKED,15750,1,15710,15730,1,66,0,0
1335,RAISE,85,15672,15872,16672,1,ACKED,15760,1,15720,15740,1,68,0,0
1336,RAISE,86,15680,15880,16680,0,REJECTED_FULL,15680,0,-,-,-,-,0,0
1337,RAISE,87,15688,15888,16688,1,ACKED,15780,1,15740,15760,1,72,0,0
1338,RAISE,88,15696,15896,16696,1,ACKED,15790,1,15750,15770,1,74,0,0
1339,RAISE,89,15704,15904,16704,1,ACKED,15800,1,15760,15780,1,76,0,0
1340,RAISE,90,15712,15912,16712,1,ACKED,15810,1,15770,15790,1,78,0,0
1341,RAISE,91,15720,15920,16720,0,REJECTED_FULL,15720,0,-,-,-,-,0,0
1342,RAISE,92,15728,15928,16728,1,ACKED,15820,1,15780,15800,1,72,0,0
1343,RAISE,93,15736,15936,16736,0,REJECTED_FULL,15736,0,-,-,-,-,0,0
1344,RAISE,94,15744,15944,16744,1,ACKED,15830,1,15790,15810,1,66,0,0
1345,RAISE,95,15752,15952,16752,1,ACKED,15850,1,15810,15830,1,78,0,0
1346,RAISE,96,15760,15960,16760,0,REJECTED_FULL,15760,0,-,-,-,-,0,0
1347,RAISE,97,15768,15968,16768,1,ACKED,15860,1,15820,15840,1,72,0,0
1348,RAISE,98,15776,15976,16776,0,REJECTED_FULL,15776,0,-,-,-,-,0,0
1349,RAISE,99,15784,15984,16784,1,ACKED,15870,1,15830,15850,1,66,0,0
1350,RAISE,100,15792,15992,16792,1,ACKED,15880,1,15840,15860,1,68,0,0
1351,RAISE,101,15800,16000,16800,0,REJECTED_FULL,15800,0,-,-,-,-,0,0
1352,RAISE,102,15808,16008,16808,1,ACKED,15900,1,15860,15880,1,72,0,0
1353,RAISE,103,15816,16016,16816,1,ACKED,15910,1,15870,15890,1,74,0,0
1354,RAISE,104,15824,16024,16824,1,ACKED,15920,1,15880,15900,1,76,0,0
1355,RAISE,105,15832,16032,16832,1,ACKED,15930,1,15890,15910,1,78,0,0
1356,RAISE,106,15840,16040,16840,0,REJECTED_FULL,15840,0,-,-,-,-,0,0
1357,RAISE,107,15848,16048,16848,0,REJECTED_FULL,15848,0,-,-,-,-,0,0
1358,RAISE,108,15856,16056,16856,1,ACKED,15940,1,15900,15920,1,64,0,0
1359,RAISE,109,15864,16064,16864,1,ACKED,15950,1,15910,15930,1,66,0,0
1360,RAISE,110,15872,16072,16872,1,ACKED,15970,1,15930,15950,1,78,0,0
1361,RAISE,111,15880,16080,16880,0,REJECTED_FULL,15880,0,-,-,-,-,0,0
1362,RAISE,112,15888,16088,16888,1,ACKED,15980,1,15940,15960,1,72,0,0
1363,RAISE,113,15896,16096,16896,0,REJECTED_FULL,15896,0,-,-,-,-,0,0
1364,RAISE,114,15904,16104,16904,1,ACKED,15990,1,15950,15970,1,66,0,0
1365,RAISE,115,15912,16112,16912,1,ACKED,16000,1,15960,15980,1,68,0,0
1366,RAISE,116,15920,16120,16920,0,REJECTED_FULL,15920,0,-,-,-,-,0,0
1367,RAISE,117,15928,16128,16928,1,ACKED,16010,1,15970,15990,1,62,0,0
1368,RAISE,118,15936,16136,16936,1,ACKED,16030,1,15990,16010,1,74,0,0
1369,RAISE,119,15944,16144,16944,1,ACKED,16040,1,16000,16020,1,76,0,0
1370,RAISE,120,15952,16152,16952,1,ACKED,16050,1,16010,16030,1,78,0,0
1371,RAISE,121,15960,16160,16960,0,REJECTED_FULL,15960,0,-,-,-,-,0,0
1372,RAISE,122,15968,16168,16968,0,REJECTED_FULL,15968,0,-,-,-,-,0,0
1373,RAISE,123,15976,16176,16976,1,ACKED,16060,1,16020,16040,1,64,0,0
1374,RAISE,124,15984,16184,16984,1,ACKED,16070,1,16030,16050,1,66,0,0
1375,RAISE,125,15992,16192,16992,1,ACKED,16090,1,16050,16070,1,78,0,0
1376,RAISE,126,16000,16200,17000,0,REJECTED_FULL,16000,0,-,-,-,-,0,0
1377,RAISE,127,16008,16208,17008,1,ACKED,16100,1,16060,16080,1,72,0,0
1378,RAISE,128,16016,16216,17016,1,ACKED,16110,1,16070,16090,1,74,0,0
1379,RAISE,129,16024,16224,17024,0,REJECTED_FULL,16024,0,-,-,-,-,0,0
1380,RAISE,130,16032,16232,17032,1,ACKED,16120,1,16080,16100,1,68,0,0
1381,RAISE,131,16040,16240,17040,0,REJECTED_FULL,16040,0,-,-,-,-,0,0
1382,RAISE,132,16048,16248,17048,1,ACKED,16140,1,16100,16120,1,72,0,0
1383,RAISE,133,16056,16256,17056,1,ACKED,16150,1,16110,16130,1,74,0,0
1384,RAISE,134,16064,16264,17064,1,ACKED,16160,1,16120,16140,1,76,0,0
1385,RAISE,135,16072,16272,17072,1,ACKED,16170,1,16130,16150,1,78,0,0
1386,RAISE,136,16080,16280,17080,0,REJECTED_FULL,16080,0,-,-,-,-,0,0
1387,RAISE,137,16088,16288,17088,0,REJECTED_FULL,16088,0,-,-,-,-,0,0
1388,RAISE,138,16096,16296,17096,1,ACKED,16180,1,16140,16160,1,64,0,0
1389,RAISE,139,16104,16304,17104,1,ACKED,16190,1,16150,16170,1,66,0,0
1390,RAISE,140,16112,16312,17112,1,ACKED,16210,1,16170,16190,1,78,0,0
1391,RAISE,141,16120,16320,17120,0,REJECTED_FULL,16120,0,-,-,-,-,0,0
1392,RAISE,142,16128,16328,17128,1,ACKED,16220,1,16180,16200,1,72,0,0
1393,RAISE,143,16136,16336,17136,0,REJECTED_FULL,16136,0,-,-,-,-,0,0
1394,RAISE,144,16144,16344,17144,1,ACKED,16230,1,16190,16210,1,66,0,0
1395,RAISE,145,16152,16352,17152,1,ACKED,16240,1,16200,16220,1,68,0,0
1396,RAISE,146,16160,16360,17160,0,REJECTED_FULL,16160,0,-,-,-,-,0,0
1397,RAISE,147,16168,16368,17168,1,ACKED,16250,1,16210,16230,1,62,0,0
1398,RAISE,148,16176,16376,17176,1,ACKED,16260,1,16220,16240,1,64,0,0
1399,RAISE,149,16184,16384,17184,1,ACKED,16280,1,16240,16260,1,76,0,0
1400,RAISE,150,16192,16392,17192,1,ACKED,16290,1,16250,16270,1,78,0,0
1401,RAISE,151,16200,16400,17200,0,REJECTED_FULL,16200,0,-,-,-,-,0,0
1402,RAISE,152,16208,16408,17208,0,REJECTED_FULL,16208,0,-,-,-,-,0,0
1403,RAISE,153,16216,16416,17216,1,ACKED,16300,1,16260,16280,1,64,0,0
1404,RAISE,154,16224,16424,17224,1,ACKED,16310,1,16270,16290,1,66,0,0
1405,RAISE,155,16232,16432,17232,1,ACKED,16320,1,16280,16300,1,68,0,0
1406,RAISE,156,16240,16440,17240,0,REJECTED_FULL,16240,0,-,-,-,-,0,0
1407,RAISE,157,16248,16448,17248,1,ACKED,16340,1,16300,16320,1,72,0,0
1408,RAISE,158,16256,16456,17256,1,ACKED,16350,1,16310,16330,1,74,0,0
1409,RAISE,159,16264,16464,17264,1,ACKED,16360,1,16320,16340,1,76,0,0
1410,RAISE,160,16272,16472,17272,0,REJECTED_FULL,16272,0,-,-,-,-,0,0
1411,RAISE,161,16280,16480,17280,0,REJECTED_FULL,16280,0,-,-,-,-,0,0
1412,RAISE,162,16288,16488,17288,1,ACKED,16370,1,16330,16350,1,62,0,0
1413,RAISE,163,16296,16496,17296,1,ACKED,16380,1,16340,16360,1,64,0,0
1414,RAISE,164,16304,16504,17304,1,ACKED,16390,1,16350,16370,1,66,0,0
1415,RAISE,165,16312,16512,17312,1,ACKED,16400,1,16360,16380,1,68,0,0
1416,RAISE,166,16320,16520,17320,0,REJECTED_FULL,16320,0,-,-,-,-,0,0
1417,RAISE,167,16328,16528,17328,1,ACKED,16410,1,16370,16390,1,62,0,0
1418,RAISE,168,16336,16536,17336,0,REJECTED_FULL,16336,0,-,-,-,-,0,0
1419,RAISE,169,16344,16544,17344,1,ACKED,16430,1,16390,16410,1,66,0,0
1420,RAISE,170,16352,16552,17352,1,ACKED,16440,1,16400,16420,1,68,0,0
1421,RAISE,171,16360,16560,17360,0,REJECTED_FULL,16360,0,-,-,-,-,0,0
1422,RAISE,172,16368,16568,17368,1,ACKED,16450,1,16410,16430,1,62,0,0
1423,RAISE,173,16376,16576,17376,1,ACKED,16460,1,16420,16440,1,64,0,0
1424,RAISE,174,16384,16584,17384,1,ACKED,16480,1,16440,16460,1,76,0,0
1425,RAISE,175,16392,16592,17392,1,ACKED,16490,1,16450,16470,1,78,0,0
1426,RAISE,176,16400,16600,17400,0,REJECTED_FULL,16400,0,-,-,-,-,0,0
1427,RAISE,177,16408,16608,17408,1,ACKED,16500,1,16460,16480,1,72,0,0
1428,RAISE,178,16416,16616,17416,1,ACKED,16510,1,16470,16490,1,74,0,0
1429,RAISE,179,16424,16624,17424,0,REJECTED_FULL,16424,0,-,-,-,-,0,0
1430,RAISE,180,16432,16632,17432,1,ACKED,16520,1,16480,16500,1,68,0,0
1431,RAISE,181,16440,16640,17440,0,REJECTED_FULL,16440,0,-,-,-,-,0,0
1432,RAISE,182,16448,16648,17448,1,ACKED,16530,1,16490,16510,1,62,0,0
1433,RAISE,183,16456,16656,17456,1,ACKED,16550,1,16510,16530,1,74,0,0
1434,RAISE,184,16464,16664,17464,1,ACKED,16560,1,16520,16540,1,76,0,0
1435,RAISE,185,16472,16672,17472,0,REJECTED_FULL,16472,0,-,-,-,-,0,0
1436,RAISE,186,16480,16680,17480,0,REJECTED_FULL,16480,0,-,-,-,-,0,0
1437,RAISE,187,16488,16688,17488,1,ACKED,16570,1,16530,16550,1,62,0,0
1438,RAISE,188,16496,16696,17496,1,ACKED,16580,1,16540,16560,1,64,0,0
1439,RAISE,189,16504,16704,17504,1,ACKED,16590,1,16550,16570,1,66,0,0
1440,RAISE,190,16512,16712,17512,1,ACKED,16610,1,16570,16590,1,78,0,0
1441,RAISE,191,16520,16720,17520,0,REJECTED_FULL,16520,0,-,-,-,-,0,0
1442,RAISE,192,16528,16728,17528,1,ACKED,16620,1,16580,16600,1,72,0,0
1443,RAISE,193,16536,16736,17536,1,ACKED,16630,1,16590,16610,1,74,0,0
1444,RAISE,194,16544,16744,17544,0,REJECTED_FULL,16544,0,-,-,-,-,0,0
1445,RAISE,195,16552,16752,17552,1,ACKED,16640,1,16600,16620,1,68,0,0
1446,RAISE,196,16560,16760,17560,0,REJECTED_FULL,16560,0,-,-,-,-,0,0
1447,RAISE,197,16568,16768,17568,1,ACKED,16660,1,16620,16640,1,72,0,0
1448,RAISE,198,16576,16776,17576,1,ACKED,16670,1,16630,16650,1,74,0,0
1449,RAISE,199,16584,16784,17584,1,ACKED,16680,1,16640,16660,1,76,0,0
1450,RAISE,200,16592,16792,17592,1,ACKED,16690,1,16650,16670,1,78,0,0
1451,RAISE,201,16600,16800,17600,0,REJECTED_FULL,16600,0,-,-,-,-,0,0
1452,RAISE,202,16608,16808,17608,0,REJECTED_FULL,16608,0,-,-,-,-,0,0
1453,RAISE,203,16616,16816,17616,1,ACKED,16710,1,16670,16690,1,74,0,0
1454,RAISE,204,16624,16824,17624,1,ACKED,16720,1,16680,16700,1,76,0,0
1455,RAISE,205,16632,16832,17632,1,ACKED,16730,1,16690,16710,1,78,0,0
1456,RAISE,206,16640,16840,17640,0,REJECTED_FULL,16640,0,-,-,-,-,0,0
1457,RAISE,207,16648,16848,17648,1,ACKED,16740,1,16700,16720,1,72,0,0
1458,RAISE,208,16656,16856,17656,0,REJECTED_FULL,16656,0,-,-,-,-,0,0
1459,RAISE,209,16664,16864,17664,1,ACKED,16750,1,16710,16730,1,66,0,0
1460,RAISE,210,16672,16872,17672,1,ACKED,16760,1,16720,16740,1,68,0,0
1461,RAISE,211,16680,16880,17680,0,REJECTED_FULL,16680,0,-,-,-,-,0,0
1462,RAISE,212,16688,16888,17688,1,ACKED,16770,1,16730,16750,1,62,0,0
1463,RAISE,213,16696,16896,17696,1,ACKED,16790,1,16750,16770,1,74,0,0
1464,RAISE,214,16704,16904,17704,0,REJECTED_FULL,16704,0,-,-,-,-,0,0
1465,RAISE,215,16712,16912,17712,1,ACKED,16800,1,16760,16780,1,68,0,0
1466,RAISE,216,16720,16920,17720,0,REJECTED_FULL,16720,0,-,-,-,-,0,0
1467,RAISE,217,16728,16928,17728,1,ACKED,16810,1,16770,16790,1,62,0,0
1468,RAISE,218,16736,16936,17736,1,ACKED,16820,1,16780,16800,1,64,0,0
1469,RAISE,219,16744,16944,17744,1,ACKED,16830,1,16790,16810,1,66,0,0
1470,RAISE,220,16752,16952,17752,1,ACKED,17140,2,16800,16820,1,68,1,0
1471,RAISE,221,16760,16960,17760,0,REJECTED_FULL,16760,0,-,-,-,-,0,0
1472,RAISE,222,16768,16968,17768,1,ACKED,16860,1,16820,16840,1,72,0,0
1473,RAISE,223,16776,16976,17776,1,ACKED,16870,1,16830,16850,1,74,0,0
1474,RAISE,224,16784,16984,17784,0,REJECTED_FULL,16784,0,-,-,-,-,0,0
1475,RAISE,225,16792,16992,17792,1,ACKED,16880,1,16840,16860,1,68,0,0
1476,RAISE,226,16800,17000,17800,0,REJECTED_FULL,16800,0,-,-,-,-,0,0
1477,RAISE,227,16808,17008,17808,1,ACKED,16890,1,16850,16870,1,62,0,0
1478,RAISE,228,16816,17016,17816,1,ACKED,16900,1,16860,16880,1,64,0,0
1479,RAISE,229,16824,17024,17824,1,ACKED,16920,1,16880,16900,1,76,0,0
1480,RAISE,230,16832,17032,17832,1,ACKED,16930,1,16890,16910,1,78,0,0
1481,RAISE,231,16840,17040,17840,0,REJECTED_FULL,16840,0,-,-,-,-,0,0
1482,RAISE,232,16848,17048,17848,0,REJECTED_FULL,16848,0,-,-,-,-,0,0
1483,RAISE,233,16856,17056,17856,0,REJECTED_FULL,16856,0,-,-,-,-,0,0
1484,RAISE,234,16864,17064,17864,1,ACKED,16940,1,16900,16920,1,56,0,0
1485,RAISE,235,16872,17072,17872,1,ACKED,16960,1,16920,16940,1,68,0,0
1486,RAISE,236,16880,17080,17880,0,REJECTED_FULL,16880,0,-,-,-,-,0,0
1487,RAISE,237,16888,17088,17888,1,ACKED,16970,1,16930,16950,1,62,0,0
1488,RAISE,238,16896,17096,17896,1,ACKED,16980,1,16940,16960,1,64,0,0
1489,RAISE,239,16904,17104,17904,1,ACKED,16990,1,16950,16970,1,66,0,0
1490,RAISE,240,16912,17112,17912,0,REJECTED_FULL,16912,0,-,-,-,-,0,0
1491,RAISE,241,16920,17120,17920,0,REJECTED_FULL,16920,0,-,-,-,-,0,0
1492,RAISE,242,16928,17128,17928,1,ACKED,17000,1,16960,16980,1,52,0,0
1493,RAISE,243,16936,17136,17936,1,ACKED,17010,1,16970,16990,1,54,0,0
1494,RAISE,244,16944,17144,17944,1,ACKED,17020,1,16980,17000,1,56,0,0
1495,RAISE,245,16952,17152,17952,0,REJECTED_FULL,16952,0,-,-,-,-,0,0
1496,RAISE,246,16960,17160,17960,0,REJECTED_FULL,16960,0,-,-,-,-,0,0
1497,RAISE,247,16968,17168,17968,1,ACKED,17040,1,17000,17020,1,52,0,0
1498,RAISE,248,16976,17176,17976,1,ACKED,17050,1,17010,17030,1,54,0,0
1499,RAISE,249,16984,17184,17984,1,ACKED,17060,1,17020,17040,1,56,0,0
1500,RAISE,250,16992,17192,17992,1,ACKED,17070,1,17030,17050,1,58,0,0
1501,RAISE,1,17000,17200,18000,0,REJECTED_FULL,17000,0,-,-,-,-,0,0
1502,RAISE,2,17008,17208,18008,1,ACKED,17080,1,17040,17060,1,52,0,0
1503,RAISE,3,17016,17216,18016,1,ACKED,17090,1,17050,17070,1,54,0,0
1504,RAISE,4,17024,17224,18024,1,ACKED,17110,1,17070,17090,1,66,0,0
1505,RAISE,5,17032,17232,18032,0,REJECTED_FULL,17032,0,-,-,-,-,0,0
1506,RAISE,6,17040,17240,18040,0,REJECTED_FULL,17040,0,-,-,-,-,0,0
1507,RAISE,7,17048,17248,18048,1,ACKED,17120,1,17080,17100,1,52,0,0
1508,RAISE,8,17056,17256,18056,1,ACKED,17130,1,17090,17110,1,54,0,0
1509,RAISE,9,17064,17264,18064,1,ACKED,17150,1,17110,17130,1,66,0,0
1510,RAISE,10,17072,17272,18072,1,ACKED,17170,1,17130,17150,1,78,0,0
1511,RAISE,11,17080,17280,18080,0,REJECTED_FULL,17080,0,-,-,-,-,0,0
1512,RAISE,12,17088,17288,18088,1,ACKED,17180,1,17140,17160,1,72,0,0
1513,RAISE,13,17096,17296,18096,1,ACKED,17190,1,17150,17170,1,74,0,0
1514,RAISE,14,17104,17304,18104,0,REJECTED_FULL,17104,0,-,-,-,-,0,0
1515,RAISE,15,17112,17312,18112,1,ACKED,17200,1,17160,17180,1,68,0,0
1516,RAISE,16,17120,17320,18120,0,REJECTED_FULL,17120,0,-,-,-,-,0,0
1517,RAISE,17,17128,17328,18128,1,ACKED,17210,1,17170,17190,1,62,0,0
1518,RAISE,18,17136,17336,18136,1,ACKED,17220,1,17180,17200,1,64,0,0
1519,RAISE,19,17144,17344,18144,1,ACKED,17240,1,17200,17220,1,76,0,0
1520,RAISE,20,17152,17352,18152,1,ACKED,17250,1,17210,17230,1,78,0,0
1521,RAISE,21,17160,17360,18160,0,REJECTED_FULL,17160,0,-,-,-,-,0,0
1522,RAISE,22,17168,17368,18168,0,REJECTED_FULL,17168,0,-,-,-,-,0,0
1523,RAISE,23,17176,17376,18176,1,ACKED,17260,1,17220,17240,1,64,0,0
1524,RAISE,24,17184,17384,18184,1,ACKED,17270,1,17230,17250,1,66,0,0
1525,RAISE,25,17192,17392,18192,1,ACKED,17280,1,17240,17260,1,68,0,0
1526,RAISE,26,17200,17400,18200,0,REJECTED_FULL,17200,0,-,-,-,-,0,0
1527,RAISE,27,17208,17408,18208,1,ACKED,17290,1,17250,17270,1,62,0,0
1528,RAISE,28,17216,17416,18216,1,ACKED,17300,1,17260,17280,1,64,0,0
1529,RAISE,29,17224,17424,18224,1,ACKED,17310,1,17270,17290,1,66,0,0
1530,RAISE,30,17232,17432,18232,0,REJECTED_FULL,17232,0,-,-,-,-,0,0
1531,RAISE,31,17240,17440,18240,0,REJECTED_FULL,17240,0,-,-,-,-,0,0
1532,RAISE,32,17248,17448,18248,1,ACKED,17320,1,17280,17300,1,52,0,0
1533,RAISE,33,17256,17456,18256,1,ACKED,17340,1,17300,17320,1,64,0,0
1534,RAISE,34,17264,17464,18264,1,ACKED,17360,1,17320,17340,1,76,0,0
1535,RAISE,35,17272,17472,18272,1,ACKED,17370,1,17330,17350,1,78,0,0
1536,RAISE,36,17280,17480,18280,0,REJECTED_FULL,17280,0,-,-,-,-,0,0
1537,RAISE,37,17288,17488,18288,1,ACKED,17380,1,17340,17360,1,72,0,0
1538,RAISE,38,17296,17496,18296,1,ACKED,17400,1,17360,17380,1,84,0,0
1539,RAISE,39,17304,17504,18304,1,ACKED,17410,1,17370,17390,1,86,0,0
1540,RAISE,40,17312,17512,18312,1,ACKED,17420,1,17380,17400,1,88,0,0
1541,RAISE,41,17320,17520,18320,0,REJECTED_FULL,17320,0,-,-,-,-,0,0
1542,RAISE,42,17328,17528,18328,1,ACKED,17430,1,17390,17410,1,82,0,0
1543,RAISE,43,17336,17536,18336,0,REJECTED_FULL,17336,0,-,-,-,-,0,0
1544,RAISE,44,17344,17544,18344,1,ACKED,17440,1,17400,17420,1,76,0,0
1545,RAISE,45,17352,17552,18352,0,REJECTED_FULL,17352,0,-,-,-,-,0,0
1546,RAISE,46,17360,17560,18360,0,REJECTED_FULL,17360,0,-,-,-,-,0,0
1547,RAISE,47,17368,17568,18368,1,ACKED,17450,1,17410,17430,1,62,0,0
1548,RAISE,48,17376,17576,18376,1,ACKED,17460,1,17420,17440,1,64,0,0
1549,RAISE,49,17384,17584,18384,1,ACKED,17470,1,17430,17450,1,66,0,0
1550,RAISE,50,17392,17592,18392,0,REJECTED_FULL,17392,0,-,-,-,-,0,0
1551,RAISE,51,17400,17600,18400,0,REJECTED_FULL,17400,0,-,-,-,-,0,0
1552,RAISE,52,17408,17608,18408,1,ACKED,17490,1,17450,17470,1,62,0,0
1553,RAISE,53,17416,17616,18416,1,ACKED,17500,1,17460,17480,1,64,0,0
1554,RAISE,54,17424,17624,18424,1,ACKED,17510,1,17470,17490,1,66,0,0
1555,RAISE,55,17432,17632,18432,1,ACKED,17530,1,17490,17510,1,78,0,0
1556,RAISE,56,17440,17640,18440,0,REJECTED_FULL,17440,0,-,-,-,-,0,0
1557,RAISE,57,17448,17648,18448,1,ACKED,17540,1,17500,17520,1,72,0,0
1558,RAISE,58,17456,17656,18456,1,ACKED,17550,1,17510,17530,1,74,0,0
1559,RAISE,59,17464,17664,18464,1,ACKED,17560,1,17520,17540,1,76,0,0
1560,RAISE,60,17472,17672,18472,1,ACKED,17570,1,17530,17550,1,78,0,0
1561,RAISE,61,17480,17680,18480,0,REJECTED_FULL,17480,0,-,-,-,-,0,0
1562,RAISE,62,17488,17688,18488,0,REJECTED_FULL,17488,0,-,-,-,-,0,0
1563,RAISE,63,17496,17696,18496,1,ACKED,17590,1,17550,17570,1,74,0,0
1564,RAISE,64,17504,17704,18504,1,ACKED,17600,1,17560,17580,1,76,0,0
1565,RAISE,65,17512,17712,18512,1,ACKED,17610,1,17570,17590,1,78,0,0
1566,RAISE,66,17520,17720,18520,0,REJECTED_FULL,17520,0,-,-,-,-,0,0
1567,RAISE,67,17528,17728,18528,0,REJECTED_FULL,17528,0,-,-,-,-,0,0
1568,RAISE,68,17536,17736,18536,1,ACKED,17620,1,17580,17600,1,64,0,0
1569,RAISE,69,17544,17744,18544,1,ACKED,17630,1,17590,17610,1,66,0,0
1570,RAISE,70,17552,17752,18552,1,ACKED,17640,1,17600,17620,1,68,0,0
1571,RAISE,71,17560,17760,18560,0,REJECTED_FULL,17560,0,-,-,-,-,0,0
1572,RAISE,72,17568,17768,18568,1,ACKED,17660,1,17620,17640,1,72,0,0
1573,RAISE,73,17576,17776,18576,1,ACKED,17670,1,17630,17650,1,74,0,0
1574,RAISE,74,17584,17784,18584,0,REJECTED_FULL,17584,0,-,-,-,-,0,0
1575,RAISE,75,17592,17792,18592,1,ACKED,17680,1,17640,17660,1,68,0,0
1576,RAISE,76,17600,17800,18600,0,REJECTED_FULL,17600,0,-,-,-,-,0,0
1577,RAISE,77,17608,17808,18608,1,ACKED,17690,1,17650,17670,1,62,0,0
1578,RAISE,78,17616,17816,18616,1,ACKED,17700,1,17660,17680,1,64,0,0
1579,RAISE,79,17624,17824,18624,1,ACKED,17710,1,17670,17690,1,66,0,0
1580,RAISE,80,17632,17832,18632,1,ACKED,17730,1,17690,17710,1,78,0,0
1581,RAISE,81,17640,17840,18640,0,REJECTED_FULL,17640,0,-,-,-,-,0,0
1582,RAISE,82,17648,17848,18648,1,ACKED,17740,1,17700,17720,1,72,0,0
1583,RAISE,83,17656,17856,18656,0,REJECTED_FULL,17656,0,-,-,-,-,0,0
1584,RAISE,84,17664,17864,18664,1,ACKED,17750,1,17710,17730,1,66,0,0
1585,RAISE,85,17672,17872,18672,1,ACKED,17760,1,17720,17740,1,68,0,0
1586,RAISE,86,17680,17880,18680,0,REJECTED_FULL,17680,0,-,-,-,-,0,0
1587,RAISE,87,17688,17888,18688,1,ACKED,17770,1,17730,17750,1,62,0,0
1588,RAISE,88,17696,17896,18696,1,ACKED,17790,1,17750,17770,1,74,0,0
1589,RAISE,89,17704,17904,18704,1,ACKED,17800,1,17760,17780,1,76,0,0
1590,RAISE,90,17712,17912,18712,1,ACKED,17810,1,17770,17790,1,78,0,0
1591,RAISE,91,17720,17920,18720,0,REJECTED_FULL,17720,0,-,-,-,-,0,0
1592,RAISE,92,17728,17928,18728,0,REJECTED_FULL,17728,0,-,-,-,-,0,0
1593,RAISE,93,17736,17936,18736,1,ACKED,17820,1,17780,17800,1,64,0,0
1594,RAISE,94,17744,17944,18744,1,ACKED,17830,1,17790,17810,1,66,0,0
1595,RAISE,95,17752,17952,18752,1,ACKED,17840,1,17800,17820,1,68,0,0
1596,RAISE,96,17760,17960,18760,0,REJECTED_FULL,17760,0,-,-,-,-,0,0
1597,RAISE,97,17768,17968,18768,1,ACKED,17860,1,17820,17840,1,72,0,0
1598,RAISE,98,17776,17976,18776,1,ACKED,17870,1,17830,17850,1,74,0,0
1599,RAISE,99,17784,17984,18784,0,REJECTED_FULL,17784,0,-,-,-,-,0,0
1600,RAISE,100,17792,17992,18792,1,ACKED,17880,1,17840,17860,1,68,0,0
1601,RAISE,101,17800,18000,18800,0,REJECTED_FULL,17800,0,-,-,-,-,0,0
1602,RAISE,102,17808,18008,18808,1,ACKED,17890,1,17850,17870,1,62,0,0
1603,RAISE,103,17816,18016,18816,1,ACKED,17900,1,17860,17880,1,64,0,0
1604,RAISE,104,17824,18024,18824,1,ACKED,17910,1,17870,17890,1,66,0,0
1605,RAISE,105,17832,18032,18832,1,ACKED,17920,1,17880,17900,1,68,0,0
1606,RAISE,106,17840,18040,18840,0,REJECTED_FULL,17840,0,-,-,-,-,0,0
1607,RAISE,107,17848,18048,18848,1,ACKED,17930,1,17890,17910,1,62,0,0
1608,RAISE,108,17856,18056,18856,0,REJECTED_FULL,17856,0,-,-,-,-,0,0
1609,RAISE,109,17864,18064,18864,1,ACKED,17940,1,17900,17920,1,56,0,0
1610,RAISE,110,17872,18072,18872,1,ACKED,17960,1,17920,17940,1,68,0,0
1611,RAISE,111,17880,18080,18880,0,REJECTED_FULL,17880,0,-,-,-,-,0,0
1612,RAISE,112,17888,18088,18888,1,ACKED,17980,1,17940,17960,1,72,0,0
1613,RAISE,113,17896,18096,18896,1,ACKED,17990,1,17950,17970,1,74,0,0
1614,RAISE,114,17904,18104,18904,1,ACKED,18000,1,17960,17980,1,76,0,0
1615,RAISE,115,17912,18112,18912,1,ACKED,18010,1,17970,17990,1,78,0,0
1616,RAISE,116,17920,18120,18920,0,REJECTED_FULL,17920,0,-,-,-,-,0,0
1617,RAISE,117,17928,18128,18928,1,ACKED,18030,1,17990,18010,1,82,0,0
1618,RAISE,118,17936,18136,18936,1,ACKED,18040,1,18000,18020,1,84,0,0
1619,RAISE,119,17944,18144,18944,1,ACKED,18050,1,18010,18030,1,86,0,0
1620,RAISE,120,17952,18152,18952,0,REJECTED_FULL,17952,0,-,-,-,-,0,0
1621,RAISE,121,17960,18160,18960,0,REJECTED_FULL,17960,0,-,-,-,-,0,0
1622,RAISE,122,17968,18168,18968,1,ACKED,18060,1,18020,18040,1,72,0,0
1623,RAISE,123,17976,18176,18976,0,REJECTED_FULL,17976,0,-,-,-,-,0,0
1624,RAISE,124,17984,18184,18984,1,ACKED,18070,1,18030,18050,1,66,0,0
1625,RAISE,125,17992,18192,18992,1,ACKED,18080,1,18040,18060,1,68,0,0
1626,RAISE,126,18000,18200,19000,0,REJECTED_FULL,18000,0,-,-,-,-,0,0
1627,RAISE,127,18008,18208,19008,1,ACKED,18090,1,18050,18070,1,62,0,0
1628,RAISE,128,18016,18216,19016,1,ACKED,18110,1,18070,18090,1,74,0,0
1629,RAISE,129,18024,18224,19024,0,REJECTED_FULL,18024,0,-,-,-,-,0,0
1630,RAISE,130,18032,18232,19032,1,ACKED,18120,1,18080,18100,1,68,0,0
1631,RAISE,131,18040,18240,19040,0,REJECTED_FULL,18040,0,-,-,-,-,0,0
1632,RAISE,132,18048,18248,19048,1,ACKED,18130,1,18090,18110,1,62,0,0
1633,RAISE,133,18056,18256,19056,1,ACKED,18150,1,18110,18130,1,74,0,0
1634,RAISE,134,18064,18264,19064,1,ACKED,18160,1,18120,18140,1,76,0,0
1635,RAISE,135,18072,18272,19072,1,ACKED,18170,1,18130,18150,1,78,0,0
1636,RAISE,136,18080,18280,19080,0,REJECTED_FULL,18080,0,-,-,-,-,0,0
1637,RAISE,137,18088,18288,19088,1,ACKED,18180,1,18140,18160,1,72,0,0
1638,RAISE,138,18096,18296,19096,1,ACKED,18190,1,18150,18170,1,74,0,0
1639,RAISE,139,18104,18304,19104,0,REJECTED_FULL,18104,0,-,-,-,-,0,0
1640,RAISE,140,18112,18312,19112,1,ACKED,18200,1,18160,18180,1,68,0,0
1641,RAISE,141,18120,18320,19120,0,REJECTED_FULL,18120,0,-,-,-,-,0,0
1642,RAISE,142,18128,18328,19128,1,ACKED,18210,1,18170,18190,1,62,0,0
1643,RAISE,143,18136,18336,19136,1,ACKED,18220,1,18180,18200,1,64,0,0
1644,RAISE,144,18144,18344,19144,0,REJECTED_FULL,18144,0,-,-,-,-,0,0
1645,RAISE,145,18152,18352,19152,1,ACKED,18240,1,18200,18220,1,68,0,0
1646,RAISE,146,18160,18360,19160,0,REJECTED_FULL,18160,0,-,-,-,-,0,0
1647,RAISE,147,18168,18368,19168,1,ACKED,18250,1,18210,18230,1,62,0,0
1648,RAISE,148,18176,18376,19176,1,ACKED,18260,1,18220,18240,1,64,0,0
1649,RAISE,149,18184,18384,19184,1,ACKED,18270,1,18230,18250,1,66,0,0
1650,RAISE,150,18192,18392,19192,1,ACKED,18280,1,18240,18260,1,68,0,0
1651,RAISE,151,18200,18400,19200,0,REJECTED_FULL,18200,0,-,-,-,-,0,0
1652,RAISE,152,18208,18408,19208,1,ACKED,18300,1,18260,18280,1,72,0,0
1653,RAISE,153,18216,18416,19216,1,ACKED,18310,1,18270,18290,1,74,0,0
1654,RAISE,154,18224,18424,19224,1,ACKED,18320,1,18280,18300,1,76,0,0
1655,RAISE,155,18232,18432,19232,0,REJECTED_FULL,18232,0,-,-,-,-,0,0
1656,RAISE,156,18240,18440,19240,0,REJECTED_FULL,18240,0,-,-,-,-,0,0
1657,RAISE,157,18248,18448,19248,1,ACKED,18330,1,18290,18310,1,62,0,0
1658,RAISE,158,18256,18456,19256,1,ACKED,18350,1,18310,18330,1,74,0,0
1659,RAISE,159,18264,18464,19264,1,ACKED,18360,1,18320,18340,1,76,0,0
1660,RAISE,160,18272,18472,19272,1,ACKED,18370,1,18330,18350,1,78,0,0
1661,RAISE,161,18280,18480,19280,0,REJECTED_FULL,18280,0,-,-,-,-,0,0
1662,RAISE,162,18288,18488,19288,1,ACKED,18380,1,18340,18360,1,72,0,0
1663,RAISE,163,18296,18496,19296,0,REJECTED_FULL,18296,0,-,-,-,-,0,0
1664,RAISE,164,18304,18504,19304,1,ACKED,18400,1,18360,18380,1,76,0,0
1665,RAISE,165,18312,18512,19312,1,ACKED,18410,1,18370,18390,1,78,0,0
1666,RAISE,166,18320,18520,19320,0,REJECTED_FULL,18320,0,-,-,-,-,0,0
1667,RAISE,167,18328,18528,19328,1,ACKED,18420,1,18380,18400,1,72,0,0
1668,RAISE,168,18336,18536,19336,1,ACKED,18730,2,18390,18710,0,374,0,0
1669,RAISE,169,18344,18544,19344,0,REJECTED_FULL,18344,0,-,-,-,-,0,0
1670,RAISE,170,18352,18552,19352,1,ACKED,18440,1,18400,18420,1,68,0,0
1671,RAISE,171,18360,18560,19360,0,REJECTED_FULL,18360,0,-,-,-,-,0,0
1672,RAISE,172,18368,18568,19368,1,ACKED,18450,1,18410,18430,1,62,0,0
1673,RAISE,173,18376,18576,19376,1,ACKED,18470,1,18430,18450,1,74,0,0
1674,RAISE,174,18384,18584,19384,1,ACKED,18480,1,18440,18460,1,76,0,0
1675,RAISE,175,18392,18592,19392,0,REJECTED_FULL,18392,0,-,-,-,-,0,0
1676,RAISE,176,18400,18600,19400,0,REJECTED_FULL,18400,0,-,-,-,-,0,0
1677,RAISE,177,18408,18608,19408,1,ACKED,18490,1,18450,18470,1,62,0,0
1678,RAISE,178,18416,18616,19416,1,ACKED,18500,1,18460,18480,1,64,0,0
1679,RAISE,179,18424,18624,19424,1,ACKED,18510,1,18470,18490,1,66,0,0
1680,RAISE,180,18432,18632,19432,0,REJECTED_FULL,18432,0,-,-,-,-,0,0
1681,RAISE,181,18440,18640,19440,0,REJECTED_FULL,18440,0,-,-,-,-,0,0
1682,RAISE,182,18448,18648,19448,1,ACKED,18530,1,18490,18510,1,62,0,0
1683,RAISE,183,18456,18656,19456,1,ACKED,18540,1,18500,18520,1,64,0,0
1684,RAISE,184,18464,18664,19464,0,REJECTED_FULL,18464,0,-,-,-,-,0,0
1685,RAISE,185,18472,18672,19472,1,ACKED,18550,1,18510,18530,1,58,0,0
1686,RAISE,186,18480,18680,19480,0,REJECTED_FULL,18480,0,-,-,-,-,0,0
1687,RAISE,187,18488,18688,19488,1,ACKED,18560,1,18520,18540,1,52,0,0
1688,RAISE,188,18496,18696,19496,1,ACKED,18580,1,18540,18560,1,64,0,0
1689,RAISE,189,18504,18704,19504,1,ACKED,18590,1,18550,18570,1,66,0,0
1690,RAISE,190,18512,18712,19512,1,ACKED,18600,1,18560,18580,1,68,0,0
1691,RAISE,191,18520,18720,19520,0,REJECTED_FULL,18520,0,-,-,-,-,0,0
1692,RAISE,192,18528,18728,19528,0,REJECTED_FULL,18528,0,-,-,-,-,0,0
1693,RAISE,193,18536,18736,19536,1,ACKED,18610,1,18570,18590,1,54,0,0
1694,RAISE,194,18544,18744,19544,1,ACKED,18620,1,18580,18600,1,56,0,0
1695,RAISE,195,18552,18752,19552,1,ACKED,18630,1,18590,18610,1,58,0,0
1696,RAISE,196,18560,18760,19560,0,REJECTED_FULL,18560,0,-,-,-,-,0,0
1697,RAISE,197,18568,18768,19568,1,ACKED,18640,1,18600,18620,1,52,0,0
1698,RAISE,198,18576,18776,19576,0,REJECTED_FULL,18576,0,-,-,-,-,0,0
1699,RAISE,199,18584,18784,19584,1,ACKED,18660,1,18620,18640,1,56,0,0
1700,RAISE,200,18592,18792,19592,1,ACKED,18670,1,18630,18650,1,58,0,0
1701,RAISE,201,18600,18800,19600,0,REJECTED_FULL,18600,0,-,-,-,-,0,0
1702,RAISE,202,18608,18808,19608,1,ACKED,18680,1,18640,18660,1,52,0,0
1703,RAISE,203,18616,18816,19616,1,ACKED,18700,1,18660,18680,1,64,0,0
1704,RAISE,204,18624,18824,19624,1,ACKED,18710,1,18670,18690,1,66,0,0
1705,RAISE,205,18632,18832,19632,1,ACKED,18720,1,18680,18700,1,68,0,0
1706,RAISE,206,18640,18840,19640,0,REJECTED_FULL,18640,0,-,-,-,-,0,0
1707,RAISE,207,18648,18848,19648,1,ACKED,18740,1,18700,18720,1,72,0,0
1708,RAISE,208,18656,18856,19656,0,REJECTED_FULL,18656,0,-,-,-,-,0,0
1709,RAISE,209,18664,18864,19664,1,ACKED,18750,1,18710,18730,1,66,0,0
1710,RAISE,210,18672,18872,19672,1,ACKED,18760,1,18720,18740,1,68,0,0
1711,RAISE,211,18680,18880,19680,0,REJECTED_FULL,18680,0,-,-,-,-,0,0
1712,RAISE,212,18688,18888,19688,1,ACKED,18780,1,18740,18760,1,72,0,0
1713,RAISE,213,18696,18896,19696,0,REJECTED_FULL,18696,0,-,-,-,-,0,0
1714,RAISE,214,18704,18904,19704,1,ACKED,18790,1,18750,18770,1,66,0,0
1715,RAISE,215,18712,18912,19712,1,ACKED,18800,1,18760,18780,1,68,0,0
1716,RAISE,216,18720,18920,19720,0,REJECTED_FULL,18720,0,-,-,-,-,0,0
1717,RAISE,217,18728,18928,19728,1,ACKED,18810,1,18770,18790,1,62,0,0
1718,RAISE,218,18736,18936,19736,1,ACKED,18820,1,18780,18800,1,64,0,0
1719,RAISE,219,18744,18944,19744,1,ACKED,18830,1,18790,18810,1,66,0,0
1720,RAISE,220,18752,18952,19752,1,ACKED,18840,1,18800,18820,1,68,0,0
1721,RAISE,221,18760,18960,19760,0,REJECTED_FULL,18760,0,-,-,-,-,0,0
1722,RAISE,222,18768,18968,19768,1,ACKED,18860,1,18820,18840,1,72,0,0
1723,RAISE,223,18776,18976,19776,0,REJECTED_FULL,18776,0,-,-,-,-,0,0
1724,RAISE,224,18784,18984,19784,1,ACKED,18870,1,18830,18850,1,66,0,0
1725,RAISE,225,18792,18992,19792,1,ACKED,18880,1,18840,18860,1,68,0,0
1726,RAISE,226,18800,19000,19800,0,REJECTED_FULL,18800,0,-,-,-,-,0,0
1727,RAISE,227,18808,19008,19808,1,ACKED,18890,1,18850,18870,1,62,0,0
1728,RAISE,228,18816,19016,19816,1,ACKED,18900,1,18860,18880,1,64,0,0
1729,RAISE,229,18824,19024,19824,1,ACKED,18910,1,18870,18890,1,66,0,0
1730,RAISE,230,18832,19032,19832,1,ACKED,18930,1,18890,18910,1,78,0,0
1731,RAISE,231,18840,19040,19840,0,REJECTED_FULL,18840,0,-,-,-,-,0,0
1732,RAISE,232,18848,19048,19848,1,ACKED,18940,1,18900,18920,1,72,0,0
1733,RAISE,233,18856,19056,19856,0,REJECTED_FULL,18856,0,-,-,-,-,0,0
1734,RAISE,234,18864,19064,19864,1,ACKED,18950,1,18910,18930,1,66,0,0
1735,RAISE,235,18872,19072,19872,1,ACKED,19260,2,18920,19240,0,368,0,0
1736,RAISE,236,18880,19080,19880,0,REJECTED_FULL,18880,0,-,-,-,-,0,0
1737,RAISE,237,18888,19088,19888,1,ACKED,18980,1,18940,18960,1,72,0,0
1738,RAISE,238,18896,19096,19896,1,ACKED,18990,1,18950,18970,1,74,0,0
1739,RAISE,239,18904,19104,19904,1,ACKED,19000,1,18960,18980,1,76,0,0
1740,RAISE,240,18912,19112,19912,1,ACKED,19010,1,18970,18990,1,78,0,0
1741,RAISE,241,18920,19120,19920,0,REJECTED_FULL,18920,0,-,-,-,-,0,0
1742,RAISE,242,18928,19128,19928,0,REJECTED_FULL,18928,0,-,-,-,-,0,0
1743,RAISE,243,18936,19136,19936,1,ACKED,19030,1,18990,19010,1,74,0,0
1744,RAISE,244,18944,19144,19944,1,ACKED,19040,1,19000,19020,1,76,0,0
1745,RAISE,245,18952,19152,19952,1,ACKED,19050,1,19010,19030,1,78,0,0
1746,RAISE,246,18960,19160,19960,0,REJECTED_FULL,18960,0,-,-,-,-,0,0
1747,RAISE,247,18968,19168,19968,0,REJECTED_FULL,18968,0,-,-,-,-,0,0
1748,RAISE,248,18976,19176,19976,0,REJECTED_FULL,18976,0,-,-,-,-,0,0
1749,RAISE,249,18984,19184,19984,1,ACKED,19060,1,19020,19040,1,56,0,0
1750,RAISE,250,18992,19192,19992,1,ACKED,19070,1,19030,19050,1,58,0,0
1751,RAISE,1,19000,19200,20000,0,REJECTED_FULL,19000,0,-,-,-,-,0,0
1752,RAISE,2,19008,19208,20008,1,ACKED,19080,1,19040,19060,1,52,0,0
1753,RAISE,3,19016,19216,20016,1,ACKED,19090,1,19050,19070,1,54,0,0
1754,RAISE,4,19024,19224,20024,0,REJECTED_FULL,19024,0,-,-,-,-,0,0
1755,RAISE,5,19032,19232,20032,1,ACKED,19100,1,19060,19080,1,48,0,0
1756,RAISE,6,19040,19240,20040,0,REJECTED_FULL,19040,0,-,-,-,-,0,0
1757,RAISE,7,19048,19248,20048,1,ACKED,19120,1,19080,19100,1,52,0,0
1758,RAISE,8,19056,19256,20056,1,ACKED,19130,1,19090,19110,1,54,0,0
1759,RAISE,9,19064,19264,20064,1,ACKED,19140,1,19100,19120,1,56,0,0
1760,RAISE,10,19072,19272,20072,1,ACKED,19160,1,19120,19140,1,68,0,0
1761,RAISE,11,19080,19280,20080,0,REJECTED_FULL,19080,0,-,-,-,-,0,0
1762,RAISE,12,19088,19288,20088,1,ACKED,19170,1,19130,19150,1,62,0,0
1763,RAISE,13,19096,19296,20096,1,ACKED,19180,1,19140,19160,1,64,0,0
1764,RAISE,14,19104,19304,20104,1,ACKED,19190,1,19150,19170,1,66,0,0
1765,RAISE,15,19112,19312,20112,0,REJECTED_FULL,19112,0,-,-,-,-,0,0
1766,RAISE,16,19120,19320,20120,0,REJECTED_FULL,19120,0,-,-,-,-,0,0
1767,RAISE,17,19128,19328,20128,1,ACKED,19210,1,19170,19190,1,62,0,0
1768,RAISE,18,19136,19336,20136,1,ACKED,19220,1,19180,19200,1,64,0,0
1769,RAISE,19,19144,19344,20144,1,ACKED,19230,1,19190,19210,1,66,0,0
1770,RAISE,20,19152,19352,20152,0,REJECTED_FULL,19152,0,-,-,-,-,0,0
1771,RAISE,21,19160,19360,20160,0,REJECTED_FULL,19160,0,-,-,-,-,0,0
1772,RAISE,22,19168,19368,20168,1,ACKED,19250,1,19210,19230,1,62,0,0
1773,RAISE,23,19176,19376,20176,1,ACKED,19270,1,19230,19250,1,74,0,0
1774,RAISE,24,19184,19384,20184,1,ACKED,19280,1,19240,19260,1,76,0,0
1775,RAISE,25,19192,19392,20192,1,ACKED,19290,1,19250,19270,1,78,0,0
1776,RAISE,26,19200,19400,20200,0,REJECTED_FULL,19200,0,-,-,-,-,0,0
1777,RAISE,27,19208,19408,20208,0,REJECTED_FULL,19208,0,-,-,-,-,0,0
1778,RAISE,28,19216,19416,20216,1,ACKED,19300,1,19260,19280,1,64,0,0
1779,RAISE,29,19224,19424,20224,1,ACKED,19310,1,19270,19290,1,66,0,0
1780,RAISE,30,19232,19432,20232,1,ACKED,19320,1,19280,19300,1,68,0,0
1781,RAISE,31,19240,19440,20240,0,REJECTED_FULL,19240,0,-,-,-,-,0,0
1782,RAISE,32,19248,19448,20248,0,REJECTED_FULL,19248,0,-,-,-,-,0,0
1783,RAISE,33,19256,19456,20256,1,ACKED,19340,1,19300,19320,1,64,0,0
1784,RAISE,34,19264,19464,20264,1,ACKED,19350,1,19310,19330,1,66,0,0
1785,RAISE,35,19272,19472,20272,1,ACKED,19360,1,19320,19340,1,68,0,0
1786,RAISE,36,19280,19480,20280,0,REJECTED_FULL,19280,0,-,-,-,-,0,0
1787,RAISE,37,19288,19488,20288,1,ACKED,19370,1,19330,19350,1,62,0,0
1788,RAISE,38,19296,19496,20296,1,ACKED,19390,1,19350,19370,1,74,0,0
1789,RAISE,39,19304,19504,20304,1,ACKED,19400,1,19360,19380,1,76,0,0
1790,RAISE,40,19312,19512,20312,1,ACKED,19410,1,19370,19390,1,78,0,0
1791,RAISE,41,19320,19520,20320,0,REJECTED_FULL,19320,0,-,-,-,-,0,0
1792,RAISE,42,19328,19528,20328,1,ACKED,19420,1,19380,19400,1,72,0,0
1793,RAISE,43,19336,19536,20336,0,REJECTED_FULL,19336,0,-,-,-,-,0,0
1794,RAISE,44,19344,19544,20344,1,ACKED,19430,1,19390,19410,1,66,0,0
1795,RAISE,45,19352,19552,20352,1,ACKED,19440,1,19400,19420,1,68,0,0
1796,RAISE,46,19360,19560,20360,0,REJECTED_FULL,19360,0,-,-,-,-,0,0
1797,RAISE,47,19368,19568,20368,1,ACKED,19460,1,19420,19440,1,72,0,0
1798,RAISE,48,19376,19576,20376,1,ACKED,19470,1,19430,19450,1,74,0,0
1799,RAISE,49,19384,19584,20384,0,REJECTED_FULL,19384,0,-,-,-,-,0,0
1800,RAISE,50,19392,19592,20392,1,ACKED,19480,1,19440,19460,1,68,0,0
1801,RAISE,51,19400,19600,20400,0,REJECTED_FULL,19400,0,-,-,-,-,0,0
1802,RAISE,52,19408,19608,20408,1,ACKED,19490,1,19450,19470,1,62,0,0
1803,RAISE,53,19416,19616,20416,1,ACKED,19500,1,19460,19480,1,64,0,0
1804,RAISE,54,19424,19624,20424,1,ACKED,19510,1,19470,19490,1,66,0,0
1805,RAISE,55,19432,19632,20432,1,ACKED,19520,1,19480,19500,1,68,0,0
1806,RAISE,56,19440,19640,20440,0,REJECTED_FULL,19440,0,-,-,-,-,0,0
1807,RAISE,57,19448,19648,20448,1,ACKED,19540,1,19500,19520,1,72,0,0
1808,RAISE,58,19456,19656,20456,0,REJECTED_FULL,19456,0,-,-,-,-,0,0
1809,RAISE,59,19464,19664,20464,1,ACKED,19550,1,19510,19530,1,66,0,0
1810,RAISE,60,19472,19672,20472,1,ACKED,19560,1,19520,19540,1,68,0,0
1811,RAISE,61,19480,19680,20480,0,REJECTED_FULL,19480,0,-,-,-,-,0,0
1812,RAISE,62,19488,19688,20488,1,ACKED,19580,1,19540,19560,1,72,0,0
1813,RAISE,63,19496,19696,20496,1,ACKED,19590,1,19550,19570,1,74,0,0
1814,RAISE,64,19504,19704,20504,1,ACKED,19600,1,19560,19580,1,76,0,0
1815,RAISE,65,19512,19712,20512,1,ACKED,19610,1,19570,19590,1,78,0,0
1816,RAISE,66,19520,19720,20520,0,REJECTED_FULL,19520,0,-,-,-,-,0,0
1817,RAISE,67,19528,19728,20528,1,ACKED,19620,1,19580,19600,1,72,0,0
1818,RAISE,68,19536,19736,20536,0,REJECTED_FULL,19536,0,-,-,-,-,0,0
1819,RAISE,69,19544,19744,20544,1,ACKED,19630,1,19590,19610,1,66,0,0
1820,RAISE,70,19552,19752,20552,1,ACKED,19640,1,19600,19620,1,68,0,0
1821,RAISE,71,19560,19760,20560,0,REJECTED_FULL,19560,0,-,-,-,-,0,0
1822,RAISE,72,19568,19768,20568,1,ACKED,19650,1,19610,19630,1,62,0,0
1823,RAISE,73,19576,19776,20576,0,REJECTED_FULL,19576,0,-,-,-,-,0,0
1824,RAISE,74,19584,19784,20584,1,ACKED,19670,1,19630,19650,1,66,0,0
1825,RAISE,75,19592,19792,20592,1,ACKED,19680,1,19640,19660,1,68,0,0
1826,RAISE,76,19600,19800,20600,0,REJECTED_FULL,19600,0,-,-,-,-,0,0
1827,RAISE,77,19608,19808,20608,1,ACKED,19690,1,19650,19670,1,62,0,0
1828,RAISE,78,19616,19816,20616,1,ACKED,19700,1,19660,19680,1,64,0,0
1829,RAISE,79,19624,19824,20624,1,ACKED,19720,1,19680,19700,1,76,0,0
1830,RAISE,80,19632,19832,20632,1,ACKED,19730,1,19690,19710,1,78,0,0
1831,RAISE,81,19640,19840,20640,0,REJECTED_FULL,19640,0,-,-,-,-,0,0
1832,RAISE,82,19648,19848,20648,1,ACKED,19740,1,19700,19720,1,72,0,0
1833,RAISE,83,19656,19856,20656,1,ACKED,19750,1,19710,19730,1,74,0,0
1834,RAISE,84,19664,19864,20664,0,REJECTED_FULL,19664,0,-,-,-,-,0,0
1835,RAISE,85,19672,19872,20672,1,ACKED,19770,1,19730,19750,1,78,0,0
1836,RAISE,86,19680,19880,20680,0,REJECTED_FULL,19680,0,-,-,-,-,0,0
1837,RAISE,87,19688,19888,20688,1,ACKED,19780,1,19740,19760,1,72,0,0
1838,RAISE,88,19696,19896,20696,1,ACKED,19790,1,19750,19770,1,74,0,0
1839,RAISE,89,19704,19904,20704,1,ACKED,19800,1,19760,19780,1,76,0,0
1840,RAISE,90,19712,19912,20712,0,REJECTED_FULL,19712,0,-,-,-,-,0,0
1841,RAISE,91,19720,19920,20720,0,REJECTED_FULL,19720,0,-,-,-,-,0,0
1842,RAISE,92,19728,19928,20728,1,ACKED,19810,1,19770,19790,1,62,0,0
1843,RAISE,93,19736,19936,20736,1,ACKED,19830,1,19790,19810,1,74,0,0
1844,RAISE,94,19744,19944,20744,1,ACKED,19840,1,19800,19820,1,76,0,0
1845,RAISE,95,19752,19952,20752,1,ACKED,19850,1,19810,19830,1,78,0,0
1846,RAISE,96,19760,19960,20760,0,REJECTED_FULL,19760,0,-,-,-,-,0,0
1847,RAISE,97,19768,19968,20768,0,REJECTED_FULL,19768,0,-,-,-,-,0,0
1848,RAISE,98,19776,19976,20776,1,ACKED,19860,1,19820,19840,1,64,0,0
1849,RAISE,99,19784,19984,20784,1,ACKED,19870,1,19830,19850,1,66,0,0
1850,RAISE,100,19792,19992,20792,1,ACKED,19880,1,19840,19860,1,68,0,0
1851,RAISE,101,19800,20000,20800,0,REJECTED_FULL,19800,0,-,-,-,-,0,0
1852,RAISE,102,19808,20008,20808,1,ACKED,19890,1,19850,19870,1,62,0,0
1853,RAISE,103,19816,20016,20816,1,ACKED,19900,1,19860,19880,1,64,0,0
1854,RAISE,104,19824,20024,20824,0,REJECTED_FULL,19824,0,-,-,-,-,0,0
1855,RAISE,105,19832,20032,20832,1,ACKED,19920,1,19880,19900,1,68,0,0
1856,RAISE,106,19840,20040,20840,0,REJECTED_FULL,19840,0,-,-,-,-,0,0
1857,RAISE,107,19848,20048,20848,1,ACKED,19930,1,19890,19910,1,62,0,0
1858,RAISE,108,19856,20056,20856,1,ACKED,19940,1,19900,19920,1,64,0,0
1859,RAISE,109,19864,20064,20864,1,ACKED,19960,1,19920,19940,1,76,0,0
1860,RAISE,110,19872,20072,20872,1,ACKED,19970,1,19930,19950,1,78,0,0
1861,RAISE,111,19880,20080,20880,0,REJECTED_FULL,19880,0,-,-,-,-,0,0
1862,RAISE,112,19888,20088,20888,1,ACKED,19980,1,19940,19960,1,72,0,0
1863,RAISE,113,19896,20096,20896,1,ACKED,19990,1,19950,19970,1,74,0,0
1864,RAISE,114,19904,20104,20904,1,ACKED,20000,1,19960,19980,1,76,0,0
1865,RAISE,115,19912,20112,20912,0,REJECTED_FULL,19912,0,-,-,-,-,0,0
1866,RAISE,116,19920,20120,20920,0,REJECTED_FULL,19920,0,-,-,-,-,0,0
1867,RAISE,117,19928,20128,20928,1,ACKED,20020,1,19980,20000,1,72,0,0
1868,RAISE,118,19936,20136,20936,1,ACKED,20030,1,19990,20010,1,74,0,0
1869,RAISE,119,19944,20144,20944,1,ACKED,20040,1,20000,20020,1,76,0,0
1870,RAISE,120,19952,20152,20952,0,REJECTED_FULL,19952,0,-,-,-,-,0,0
1871,RAISE,121,19960,20160,20960,0,REJECTED_FULL,19960,0,-,-,-,-,0,0
1872,RAISE,122,19968,20168,20968,1,ACKED,20050,1,20010,20030,1,62,0,0
1873,RAISE,123,19976,20176,20976,1,ACKED,20060,1,20020,20040,1,64,0,0
1874,RAISE,124,19984,20184,20984,1,ACKED,20070,1,20030,20050,1,66,0,0
1875,RAISE,125,19992,20192,20992,1,ACKED,20080,1,20040,20060,1,68,0,0
1876,RAISE,126,20000,20200,21000,0,REJECTED_FULL,20000,0,-,-,-,-,0,0
1877,RAISE,127,20008,20208,21008,1,ACKED,20090,1,20050,20070,1,62,0,0
1878,RAISE,128,20016,20216,21016,0,REJECTED_FULL,20016,0,-,-,-,-,0,0
1879,RAISE,129,20024,20224,21024,1,ACKED,20410,2,20070,20090,1,66,1,0
1880,RAISE,130,20032,20232,21032,1,ACKED,20420,2,20080,20400,0,368,0,0
1881,RAISE,131,20040,20240,21040,0,REJECTED_FULL,20040,0,-,-,-,-,0,0
1882,RAISE,132,20048,20248,21048,1,ACKED,20430,2,20090,20110,1,62,1,0
1883,RAISE,133,20056,20256,21056,1,ACKED,20140,1,20100,20120,1,64,0,0
1884,RAISE,134,20064,20264,21064,1,ACKED,20160,1,20120,20140,1,76,0,0
1885,RAISE,135,20072,20272,21072,1,ACKED,20170,1,20130,20150,1,78,0,0
1886,RAISE,136,20080,20280,21080,0,REJECTED_FULL,20080,0,-,-,-,-,0,0
1887,RAISE,137,20088,20288,21088,1,ACKED,20180,1,20140,20160,1,72,0,0
1888,RAISE,138,20096,20296,21096,1,ACKED,20190,1,20150,20170,1,74,0,0
1889,RAISE,139,20104,20304,21104,0,REJECTED_FULL,20104,0,-,-,-,-,0,0
1890,RAISE,140,20112,20312,21112,0,REJECTED_FULL,20112,0,-,-,-,-,0,0
1891,RAISE,141,20120,20320,21120,0,REJECTED_FULL,20120,0,-,-,-,-,0,0
1892,RAISE,142,20128,20328,21128,0,REJECTED_FULL,20128,0,-,-,-,-,0,0
1893,RAISE,143,20136,20336,21136,0,REJECTED_FULL,20136,0,-,-,-,-,0,0
1894,RAISE,144,20144,20344,21144,1,ACKED,20210,1,20170,20190,1,46,0,0
1895,RAISE,145,20152,20352,21152,0,REJECTED_FULL,20152,0,-,-,-,-,0,0
1896,RAISE,146,20160,20360,21160,0,REJECTED_FULL,20160,0,-,-,-,-,0,0
1897,RAISE,147,20168,20368,21168,1,ACKED,20220,1,20180,20200,1,32,0,0
1898,RAISE,148,20176,20376,21176,1,ACKED,20230,1,20190,20210,1,34,0,0
1899,RAISE,149,20184,20384,21184,1,ACKED,20240,1,20200,20220,1,36,0,0
1900,RAISE,150,20192,20392,21192,1,ACKED,20560,2,20220,20540,0,348,0,0
1901,RAISE,151,20200,20400,21200,0,REJECTED_FULL,20200,0,-,-,-,-,0,0
1902,RAISE,152,20208,20408,21208,0,REJECTED_FULL,20208,0,-,-,-,-,0,0
1903,RAISE,153,20216,20416,21216,1,ACKED,20270,1,20230,20250,1,34,0,0
1904,RAISE,154,20224,20424,21224,1,ACKED,20580,2,20240,20260,1,36,1,0
1905,RAISE,155,20232,20432,21232,1,ACKED,20290,1,20250,20270,1,38,0,0
1906,RAISE,156,20240,20440,21240,0,REJECTED_FULL,20240,0,-,-,-,-,0,0
1907,RAISE,157,20248,20448,21248,1,ACKED,20300,1,20260,20280,1,32,0,0
1908,RAISE,158,20256,20456,21256,0,REJECTED_FULL,20256,0,-,-,-,-,0,0
1909,RAISE,159,20264,20464,21264,0,REJECTED_FULL,20264,0,-,-,-,-,0,0
1910,RAISE,160,20272,20472,21272,1,ACKED,20320,1,20280,20300,1,28,0,0
1911,RAISE,161,20280,20480,21280,0,REJECTED_FULL,20280,0,-,-,-,-,0,0
1912,RAISE,162,20288,20488,21288,0,REJECTED_FULL,20288,0,-,-,-,-,0,0
1913,RAISE,163,20296,20496,21296,1,ACKED,20340,1,20300,20320,1,24,0,0
1914,RAISE,164,20304,20504,21304,1,ACKED,20650,2,20310,20330,1,26,1,0
1915,RAISE,165,20312,20512,21312,0,REJECTED_FULL,20312,0,-,-,-,-,0,0
1916,RAISE,166,20320,20520,21320,0,REJECTED_FULL,20320,0,-,-,-,-,0,0
1917,RAISE,167,20328,20528,21328,1,ACKED,20370,1,20330,20350,1,22,0,0
1918,RAISE,168,20336,20536,21336,0,REJECTED_FULL,20336,0,-,-,-,-,0,0
1919,RAISE,169,20344,20544,21344,1,ACKED,20390,1,20350,20370,1,26,0,0
1920,RAISE,170,20352,20552,21352,0,REJECTED_FULL,20352,0,-,-,-,-,0,0
1921,RAISE,171,20360,20560,21360,0,REJECTED_FULL,20360,0,-,-,-,-,0,0
1922,RAISE,172,20368,20568,21368,0,REJECTED_FULL,20368,0,-,-,-,-,0,0
1923,RAISE,173,20376,20576,21376,1,ACKED,20440,1,20400,20420,1,44,0,0
1924,RAISE,174,20384,20584,21384,0,REJECTED_FULL,20384,0,-,-,-,-,0,0
1925,RAISE,175,20392,20592,21392,1,ACKED,20460,1,20420,20440,1,48,0,0
1926,RAISE,176,20400,20600,21400,0,REJECTED_FULL,20400,0,-,-,-,-,0,0
1927,RAISE,177,20408,20608,21408,0,REJECTED_FULL,20408,0,-,-,-,-,0,0
1928,RAISE,178,20416,20616,21416,1,ACKED,20470,1,20430,20450,1,34,0,0
1929,RAISE,179,20424,20624,21424,1,ACKED,20480,1,20440,20460,1,36,0,0
1930,RAISE,180,20432,20632,21432,1,ACKED,20500,1,20460,20480,1,48,0,0
1931,RAISE,181,20440,20640,21440,0,REJECTED_FULL,20440,0,-,-,-,-,0,0
1932,RAISE,182,20448,20648,21448,1,ACKED,20510,1,20470,20490,1,42,0,0
1933,RAISE,183,20456,20656,21456,0,REJECTED_FULL,20456,0,-,-,-,-,0,0
1934,RAISE,184,20464,20664,21464,1,ACKED,20520,1,20480,20500,1,36,0,0
1935,RAISE,185,20472,20672,21472,1,ACKED,20530,1,20490,20510,1,38,0,0
1936,RAISE,186,20480,20680,21480,0,REJECTED_FULL,20480,0,-,-,-,-,0,0
1937,RAISE,187,20488,20688,21488,1,ACKED,20540,1,20500,20520,1,32,0,0
1938,RAISE,188,20496,20696,21496,0,REJECTED_FULL,20496,0,-,-,-,-,0,0
1939,RAISE,189,20504,20704,21504,1,ACKED,20550,1,20510,20530,1,26,0,0
1940,RAISE,190,20512,20712,21512,1,ACKED,20570,1,20530,20550,1,38,0,0
1941,RAISE,191,20520,20720,21520,0,REJECTED_FULL,20520,0,-,-,-,-,0,0
1942,RAISE,192,20528,20728,21528,1,ACKED,20600,1,20560,20580,1,52,0,0
1943,RAISE,193,20536,20736,21536,1,ACKED,20610,1,20570,20590,1,54,0,0
1944,RAISE,194,20544,20744,21544,1,ACKED,20620,1,20580,20600,1,56,0,0
1945,RAISE,195,20552,20752,21552,1,ACKED,20640,1,20600,20620,1,68,0,0
1946,RAISE,196,20560,20760,21560,0,REJECTED_FULL,20560,0,-,-,-,-,0,0
1947,RAISE,197,20568,20768,21568,1,ACKED,20660,1,20620,20640,1,72,0,0
1948,RAISE,198,20576,20776,21576,1,ACKED,20670,1,20630,20650,1,74,0,0
1949,RAISE,199,20584,20784,21584,1,ACKED,20680,1,20640,20660,1,76,0,0
1950,RAISE,200,20592,20792,21592,0,REJECTED_FULL,20592,0,-,-,-,-,0,0
1951,RAISE,201,20600,20800,21600,0,REJECTED_FULL,20600,0,-,-,-,-,0,0
1952,RAISE,202,20608,20808,21608,1,ACKED,20700,1,20660,20680,1,72,0,0
1953,RAISE,203,20616,20816,21616,1,ACKED,20710,1,20670,20690,1,74,0,0
1954,RAISE,204,20624,20824,21624,1,ACKED,20720,1,20680,20700,1,76,0,0
1955,RAISE,205,20632,20832,21632,0,REJECTED_FULL,20632,0,-,-,-,-,0,0
1956,RAISE,206,20640,20840,21640,0,REJECTED_FULL,20640,0,-,-,-,-,0,0
1957,RAISE,207,20648,20848,21648,1,ACKED,20730,1,20690,20710,1,62,0,0
1958,RAISE,208,20656,20856,21656,1,ACKED,20740,1,20700,20720,1,64,0,0
1959,RAISE,209,20664,20864,21664,1,ACKED,20750,1,20710,20730,1,66,0,0
1960,RAISE,210,20672,20872,21672,1,ACKED,20760,1,20720,20740,1,68,0,0
1961,RAISE,211,20680,20880,21680,0,REJECTED_FULL,20680,0,-,-,-,-,0,0
1962,RAISE,212,20688,20888,21688,1,ACKED,20770,1,20730,20750,1,62,0,0
1963,RAISE,213,20696,20896,21696,0,REJECTED_FULL,20696,0,-,-,-,-,0,0
1964,RAISE,214,20704,20904,21704,1,ACKED,20780,1,20740,20760,1,56,0,0
1965,RAISE,215,20712,20912,21712,1,ACKED,20800,1,20760,20780,1,68,0,0
1966,RAISE,216,20720,20920,21720,0,REJECTED_FULL,20720,0,-,-,-,-,0,0
1967,RAISE,217,20728,20928,21728,1,ACKED,20810,1,20770,20790,1,62,0,0
1968,RAISE,218,20736,20936,21736,1,ACKED,20820,1,20780,20800,1,64,0,0
1969,RAISE,219,20744,20944,21744,1,ACKED,20830,1,20790,20810,1,66,0,0
1970,RAISE,220,20752,20952,21752,1,ACKED,20840,1,20800,20820,1,68,0,0
1971,RAISE,221,20760,20960,21760,0,REJECTED_FULL,20760,0,-,-,-,-,0,0
1972,RAISE,222,20768,20968,21768,1,ACKED,20860,1,20820,20840,1,72,0,0
1973,RAISE,223,20776,20976,21776,1,ACKED,20870,1,20830,20850,1,74,0,0
1974,RAISE,224,20784,20984,21784,1,ACKED,20880,1,20840,20860,1,76,0,0
1975,RAISE,225,20792,20992,21792,0,REJECTED_FULL,20792,0,-,-,-,-,0,0
1976,RAISE,226,20800,21000,21800,0,REJECTED_FULL,20800,0,-,-,-,-,0,0
1977,RAISE,227,20808,21008,21808,1,ACKED,20890,1,20850,20870,1,62,0,0
1978,RAISE,228,20816,21016,21816,1,ACKED,20900,1,20860,20880,1,64,0,0
1979,RAISE,229,20824,21024,21824,1,ACKED,20920,1,20880,20900,1,76,0,0
1980,RAISE,230,20832,21032,21832,1,ACKED,20930,1,20890,20910,1,78,0,0
1981,RAISE,231,20840,21040,21840,0,REJECTED_FULL,20840,0,-,-,-,-,0,0
1982,RAISE,232,20848,21048,21848,1,ACKED,20940,1,20900,20920,1,72,0,0
1983,RAISE,233,20856,21056,21856,0,REJECTED_FULL,20856,0,-,-,-,-,0,0
1984,RAISE,234,20864,21064,21864,1,ACKED,20950,1,20910,20930,1,66,0,0
1985,RAISE,235,20872,21072,21872,1,ACKED,20960,1,20920,20940,1,68,0,0
1986,RAISE,236,20880,21080,21880,0,REJECTED_FULL,20880,0,-,-,-,-,0,0
1987,RAISE,237,20888,21088,21888,1,ACKED,20980,1,20940,20960,1,72,0,0
1988,RAISE,238,20896,21096,21896,1,ACKED,20990,1,20950,20970,1,74,0,0
1989,RAISE,239,20904,21104,21904,1,ACKED,21000,1,20960,20980,1,76,0,0
1990,RAISE,240,20912,21112,21912,0,REJECTED_FULL,20912,0,-,-,-,-,0,0
1991,RAISE,241,20920,21120,21920,0,REJECTED_FULL,20920,0,-,-,-,-,0,0
1992,RAISE,242,20928,21128,21928,1,ACKED,21020,1,20980,21000,1,72,0,0
1993,RAISE,243,20936,21136,21936,1,ACKED,21030,1,20990,21010,1,74,0,0
1994,RAISE,244,20944,21144,21944,1,ACKED,21040,1,21000,21020,1,76,0,0
1995,RAISE,245,20952,21152,21952,1,ACKED,21050,1,21010,21030,1,78,0,0
1996,RAISE,246,20960,21160,21960,0,REJECTED_FULL,20960,0,-,-,-,-,0,0
1997,RAISE,247,20968,21168,21968,1,ACKED,21060,1,21020,21040,1,72,0,0
1998,RAISE,248,20976,21176,21976,0,REJECTED_FULL,20976,0,-,-,-,-,0,0
1999,RAISE,249,20984,21184,21984,1,ACKED,21070,1,21030,21050,1,66,0,0
2000,RAISE,250,20992,21192,21992,1,ACKED,21090,1,21050,21070,1,78,0,0
2001,RAISE,1,21000,21200,22000,0,REJECTED_FULL,21000,0,-,-,-,-,0,0
2002,RAISE,2,21008,21208,22008,1,ACKED,21100,1,21060,21080,1,72,0,0
2003,RAISE,3,21016,21216,22016,0,REJECTED_FULL,21016,0,-,-,-,-,0,0
2004,RAISE,4,21024,21224,22024,1,ACKED,21110,1,21070,21090,1,66,0,0
2005,RAISE,5,21032,21232,22032,1,ACKED,21120,1,21080,21100,1,68,0,0
2006,RAISE,6,21040,21240,22040,0,REJECTED_FULL,21040,0,-,-,-,-,0,0
2007,RAISE,7,21048,21248,22048,1,ACKED,21130,1,21090,21110,1,62,0,0
2008,RAISE,8,21056,21256,22056,1,ACKED,21140,1,21100,21120,1,64,0,0
2009,RAISE,9,21064,21264,22064,1,ACKED,21450,2,21110,21430,0,366,0,0
2010,RAISE,10,21072,21272,22072,1,ACKED,21160,1,21120,21140,1,68,0,0
2011,RAISE,11,21080,21280,22080,0,REJECTED_FULL,21080,0,-,-,-,-,0,0
2012,RAISE,12,21088,21288,22088,0,REJECTED_FULL,21088,0,-,-,-,-,0,0
2013,RAISE,13,21096,21296,22096,1,ACKED,21180,1,21140,21160,1,64,0,0
2014,RAISE,14,21104,21304,22104,1,ACKED,21190,1,21150,21170,1,66,0,0
2015,RAISE,15,21112,21312,22112,1,ACKED,21210,1,21170,21190,1,78,0,0
2016,RAISE,16,21120,21320,22120,0,REJECTED_FULL,21120,0,-,-,-,-,0,0
2017,RAISE,17,21128,21328,22128,1,ACKED,21220,1,21180,21200,1,72,0,0
2018,RAISE,18,21136,21336,22136,1,ACKED,21230,1,21190,21210,1,74,0,0
2019,RAISE,19,21144,21344,22144,1,ACKED,21240,1,21200,21220,1,76,0,0
2020,RAISE,20,21152,21352,22152,0,REJECTED_FULL,21152,0,-,-,-,-,0,0
2021,RAISE,21,21160,21360,22160,0,REJECTED_FULL,21160,0,-,-,-,-,0,0
2022,RAISE,22,21168,21368,22168,1,ACKED,21250,1,21210,21230,1,62,0,0
2023,RAISE,23,21176,21376,22176,0,REJECTED_FULL,21176,0,-,-,-,-,0,0
2024,RAISE,24,21184,21384,22184,1,ACKED,21260,1,21220,21240,1,56,0,0
2025,RAISE,25,21192,21392,22192,1,ACKED,21270,1,21230,21250,1,58,0,0
2026,RAISE,26,21200,21400,22200,0,REJECTED_FULL,21200,0,-,-,-,-,0,0
2027,RAISE,27,21208,21408,22208,0,REJECTED_FULL,21208,0,-,-,-,-,0,0
2028,RAISE,28,21216,21416,22216,1,ACKED,21290,1,21250,21270,1,54,0,0
2029,RAISE,29,21224,21424,22224,1,ACKED,21300,1,21260,21280,1,56,0,0
2030,RAISE,30,21232,21432,22232,1,ACKED,21310,1,21270,21290,1,58,0,0
2031,RAISE,31,21240,21440,22240,0,REJECTED_FULL,21240,0,-,-,-,-,0,0
2032,RAISE,32,21248,21448,22248,1,ACKED,21320,1,21280,21300,1,52,0,0
2033,RAISE,33,21256,21456,22256,1,ACKED,21330,1,21290,21310,1,54,0,0
2034,RAISE,34,21264,21464,22264,1,ACKED,21340,1,21300,21320,1,56,0,0
2035,RAISE,35,21272,21472,22272,1,ACKED,21360,1,21320,21340,1,68,0,0
2036,RAISE,36,21280,21480,22280,0,REJECTED_FULL,21280,0,-,-,-,-,0,0
2037,RAISE,37,21288,21488,22288,0,REJECTED_FULL,21288,0,-,-,-,-,0,0
2038,RAISE,38,21296,21496,22296,1,ACKED,21380,1,21340,21360,1,64,0,0
2039,RAISE,39,21304,21504,22304,1,ACKED,21390,1,21350,21370,1,66,0,0
2040,RAISE,40,21312,21512,22312,1,ACKED,21400,1,21360,21380,1,68,0,0
2041,RAISE,41,21320,21520,22320,0,REJECTED_FULL,21320,0,-,-,-,-,0,0
2042,RAISE,42,21328,21528,22328,1,ACKED,21410,1,21370,21390,1,62,0,0
2043,RAISE,43,21336,21536,22336,1,ACKED,21420,1,21380,21400,1,64,0,0
2044,RAISE,44,21344,21544,22344,1,ACKED,21430,1,21390,21410,1,66,0,0
2045,RAISE,45,21352,21552,22352,0,REJECTED_FULL,21352,0,-,-,-,-,0,0
2046,RAISE,46,21360,21560,22360,0,REJECTED_FULL,21360,0,-,-,-,-,0,0
2047,RAISE,47,21368,21568,22368,1,ACKED,21440,1,21400,21420,1,52,0,0
2048,RAISE,48,21376,21576,22376,0,REJECTED_FULL,21376,0,-,-,-,-,0,0
2049,RAISE,49,21384,21584,22384,1,ACKED,21470,1,21430,21450,1,66,0,0
2050,RAISE,50,21392,21592,22392,1,ACKED,21480,1,21440,21460,1,68,0,0
2051,RAISE,51,21400,21600,22400,0,REJECTED_FULL,21400,0,-,-,-,-,0,0
2052,RAISE,52,21408,21608,22408,1,ACKED,21490,1,21450,21470,1,62,0,0
2053,RAISE,53,21416,21616,22416,1,ACKED,21500,1,21460,21480,1,64,0,0
2054,RAISE,54,21424,21624,22424,1,ACKED,21510,1,21470,21490,1,66,0,0
2055,RAISE,55,21432,21632,22432,1,ACKED,21520,1,21480,21500,1,68,0,0
2056,RAISE,56,21440,21640,22440,0,REJECTED_FULL,21440,0,-,-,-,-,0,0
2057,RAISE,57,21448,21648,22448,1,ACKED,21540,1,21500,21520,1,72,0,0
2058,RAISE,58,21456,21656,22456,1,ACKED,21550,1,21510,21530,1,74,0,0
2059,RAISE,59,21464,21664,22464,0,REJECTED_FULL,21464,0,-,-,-,-,0,0
2060,RAISE,60,21472,21672,22472,1,ACKED,21560,1,21520,21540,1,68,0,0
2061,RAISE,61,21480,21680,22480,0,REJECTED_FULL,21480,0,-,-,-,-,0,0
2062,RAISE,62,21488,21688,22488,1,ACKED,21570,1,21530,21550,1,62,0,0
2063,RAISE,63,21496,21696,22496,1,ACKED,21580,1,21540,21560,1,64,0,0
2064,RAISE,64,21504,21704,22504,1,ACKED,21590,1,21550,21570,1,66,0,0
2065,RAISE,65,21512,21712,22512,1,ACKED,21600,1,21560,21580,1,68,0,0
2066,RAISE,66,21520,21720,22520,0,REJECTED_FULL,21520,0,-,-,-,-,0,0
2067,RAISE,67,21528,21728,22528,1,ACKED,21620,1,21580,21600,1,72,0,0
2068,RAISE,68,21536,21736,22536,0,REJECTED_FULL,21536,0,-,-,-,-,0,0
2069,RAISE,69,21544,21744,22544,1,ACKED,21630,1,21590,21610,1,66,0,0
2070,RAISE,70,21552,21752,22552,1,ACKED,21650,1,21610,21630,1,78,0,0
2071,RAISE,71,21560,21760,22560,0,REJECTED_FULL,21560,0,-,-,-,-,0,0
2072,RAISE,72,21568,21768,22568,1,ACKED,21660,1,21620,21640,1,72,0,0
2073,RAISE,73,21576,21776,22576,1,ACKED,21670,1,21630,21650,1,74,0,0
2074,RAISE,74,21584,21784,22584,1,ACKED,21680,1,21640,21660,1,76,0,0
2075,RAISE,75,21592,21792,22592,1,ACKED,21690,1,21650,21670,1,78,0,0
2076,RAISE,76,21600,21800,22600,0,REJECTED_FULL,21600,0,-,-,-,-,0,0
2077,RAISE,77,21608,21808,22608,1,ACKED,21700,1,21660,21680,1,72,0,0
2078,RAISE,78,21616,21816,22616,0,REJECTED_FULL,21616,0,-,-,-,-,0,0
2079,RAISE,79,21624,21824,22624,1,ACKED,21720,1,21680,21700,1,76,0,0
2080,RAISE,80,21632,21832,22632,1,ACKED,21730,1,21690,21710,1,78,0,0
2081,RAISE,81,21640,21840,22640,0,REJECTED_FULL,21640,0,-,-,-,-,0,0
2082,RAISE,82,21648,21848,22648,0,REJECTED_FULL,21648,0,-,-,-,-,0,0
2083,RAISE,83,21656,21856,22656,1,ACKED,21740,1,21700,21720,1,64,0,0
2084,RAISE,84,21664,21864,22664,1,ACKED,21750,1,21710,21730,1,66,0,0
2085,RAISE,85,21672,21872,22672,1,ACKED,21760,1,21720,21740,1,68,0,0
2086,RAISE,86,21680,21880,22680,0,REJECTED_FULL,21680,0,-,-,-,-,0,0
2087,RAISE,87,21688,21888,22688,1,ACKED,21770,1,21730,21750,1,62,0,0
2088,RAISE,88,21696,21896,22696,1,ACKED,21780,1,21740,21760,1,64,0,0
2089,RAISE,89,21704,21904,22704,1,ACKED,21790,1,21750,21770,1,66,0,0
2090,RAISE,90,21712,21912,22712,0,REJECTED_FULL,21712,0,-,-,-,-,0,0
2091,RAISE,91,21720,21920,22720,0,REJECTED_FULL,21720,0,-,-,-,-,0,0
2092,RAISE,92,21728,21928,22728,1,ACKED,21810,1,21770,21790,1,62,0,0
2093,RAISE,93,21736,21936,22736,1,ACKED,21820,1,21780,21800,1,64,0,0
2094,RAISE,94,21744,21944,22744,1,ACKED,21830,1,21790,21810,1,66,0,0
2095,RAISE,95,21752,21952,22752,1,ACKED,21840,1,21800,21820,1,68,0,0
2096,RAISE,96,21760,21960,22760,0,REJECTED_FULL,21760,0,-,-,-,-,0,0
2097,RAISE,97,21768,21968,22768,1,ACKED,21860,1,21820,21840,1,72,0,0
2098,RAISE,98,21776,21976,22776,1,ACKED,21870,1,21830,21850,1,74,0,0
2099,RAISE,99,21784,21984,22784,1,ACKED,21880,1,21840,21860,1,76,0,0
2100,RAISE,100,21792,21992,22792,1,ACKED,21890,1,21850,21870,1,78,0,0
2101,RAISE,101,21800,22000,22800,0,REJECTED_FULL,21800,0,-,-,-,-,0,0
2102,RAISE,102,21808,22008,22808,0,REJECTED_FULL,21808,0,-,-,-,-,0,0
2103,RAISE,103,21816,22016,22816,1,ACKED,21910,1,21870,21890,1,74,0,0
2104,RAISE,104,21824,22024,22824,1,ACKED,21920,1,21880,21900,1,76,0,0
2105,RAISE,105,21832,22032,22832,1,ACKED,21930,1,21890,21910,1,78,0,0
2106,RAISE,106,21840,22040,22840,0,REJECTED_FULL,21840,0,-,-,-,-,0,0
2107,RAISE,107,21848,22048,22848,1,ACKED,21940,1,21900,21920,1,72,0,0
2108,RAISE,108,21856,22056,22856,0,REJECTED_FULL,21856,0,-,-,-,-,0,0
2109,RAISE,109,21864,22064,22864,1,ACKED,21950,1,21910,21930,1,66,0,0
2110,RAISE,110,21872,22072,22872,1,ACKED,21970,1,21930,21950,1,78,0,0
2111,RAISE,111,21880,22080,22880,0,REJECTED_FULL,21880,0,-,-,-,-,0,0
2112,RAISE,112,21888,22088,22888,1,ACKED,21980,1,21940,21960,1,72,0,0
2113,RAISE,113,21896,22096,22896,1,ACKED,21990,1,21950,21970,1,74,0,0
2114,RAISE,114,21904,22104,22904,0,REJECTED_FULL,21904,0,-,-,-,-,0,0
2115,RAISE,115,21912,22112,22912,1,ACKED,22000,1,21960,21980,1,68,0,0
2116,RAISE,116,21920,22120,22920,0,REJECTED_FULL,21920,0,-,-,-,-,0,0
2117,RAISE,117,21928,22128,22928,1,ACKED,22010,1,21970,21990,1,62,0,0
2118,RAISE,118,21936,22136,22936,1,ACKED,22030,1,21990,22010,1,74,0,0
2119,RAISE,119,21944,22144,22944,1,ACKED,22040,1,22000,22020,1,76,0,0
2120,RAISE,120,21952,22152,22952,1,ACKED,22050,1,22010,22030,1,78,0,0
2121,RAISE,121,21960,22160,22960,0,REJECTED_FULL,21960,0,-,-,-,-,0,0
2122,RAISE,122,21968,22168,22968,0,REJECTED_FULL,21968,0,-,-,-,-,0,0
2123,RAISE,123,21976,22176,22976,1,ACKED,22060,1,22020,22040,1,64,0,0
2124,RAISE,124,21984,22184,22984,1,ACKED,22070,1,22030,22050,1,66,0,0
2125,RAISE,125,21992,22192,22992,1,ACKED,22080,1,22040,22060,1,68,0,0
2126,RAISE,126,22000,22200,23000,0,REJECTED_FULL,22000,0,-,-,-,-,0,0
2127,RAISE,127,22008,22208,23008,1,ACKED,22090,1,22050,22070,1,62,0,0
2128,RAISE,128,22016,22216,23016,1,ACKED,22100,1,22060,22080,1,64,0,0
2129,RAISE,129,22024,22224,23024,0,REJECTED_FULL,22024,0,-,-,-,-,0,0
2130,RAISE,130,22032,22232,23032,1,ACKED,22120,1,22080,22100,1,68,0,0
2131,RAISE,131,22040,22240,23040,0,REJECTED_FULL,22040,0,-,-,-,-,0,0
2132,RAISE,132,22048,22248,23048,1,ACKED,22130,1,22090,22110,1,62,0,0
2133,RAISE,133,22056,22256,23056,1,ACKED,22140,1,22100,22120,1,64,0,0
2134,RAISE,134,22064,22264,23064,1,ACKED,22150,1,22110,22130,1,66,0,0
2135,RAISE,135,22072,22272,23072,1,ACKED,22160,1,22120,22140,1,68,0,0
2136,RAISE,136,22080,22280,23080,0,REJECTED_FULL,22080,0,-,-,-,-,0,0
2137,RAISE,137,22088,22288,23088,1,ACKED,22180,1,22140,22160,1,72,0,0
2138,RAISE,138,22096,22296,23096,1,ACKED,22190,1,22150,22170,1,74,0,0
2139,RAISE,139,22104,22304,23104,1,ACKED,22200,1,22160,22180,1,76,0,0
2140,RAISE,140,22112,22312,23112,0,REJECTED_FULL,22112,0,-,-,-,-,0,0
2141,RAISE,141,22120,22320,23120,0,REJECTED_FULL,22120,0,-,-,-,-,0,0
2142,RAISE,142,22128,22328,23128,1,ACKED,22220,1,22180,22200,1,72,0,0
2143,RAISE,143,22136,22336,23136,1,ACKED,22230,1,22190,22210,1,74,0,0
2144,RAISE,144,22144,22344,23144,1,ACKED,22240,1,22200,22220,1,76,0,0
2145,RAISE,145,22152,22352,23152,1,ACKED,22250,1,22210,22230,1,78,0,0
2146,RAISE,146,22160,22360,23160,0,REJECTED_FULL,22160,0,-,-,-,-,0,0
2147,RAISE,147,22168,22368,23168,1,ACKED,22260,1,22220,22240,1,72,0,0
2148,RAISE,148,22176,22376,23176,0,REJECTED_FULL,22176,0,-,-,-,-,0,0
2149,RAISE,149,22184,22384,23184,1,ACKED,22270,1,22230,22250,1,66,0,0
2150,RAISE,150,22192,22392,23192,1,ACKED,22290,1,22250,22270,1,78,0,0
2151,RAISE,151,22200,22400,23200,0,REJECTED_FULL,22200,0,-,-,-,-,0,0
2152,RAISE,152,22208,22408,23208,1,ACKED,22300,1,22260,22280,1,72,0,0
2153,RAISE,153,22216,22416,23216,0,REJECTED_FULL,22216,0,-,-,-,-,0,0
2154,RAISE,154,22224,22424,23224,1,ACKED,22310,1,22270,22290,1,66,0,0
2155,RAISE,155,22232,22432,23232,1,ACKED,22320,1,22280,22300,1,68,0,0
2156,RAISE,156,22240,22440,23240,0,REJECTED_FULL,22240,0,-,-,-,-,0,0
2157,RAISE,157,22248,22448,23248,1,ACKED,22340,1,22300,22320,1,72,0,0
2158,RAISE,158,22256,22456,23256,1,ACKED,22350,1,22310,22330,1,74,0,0
2159,RAISE,159,22264,22464,23264,1,ACKED,22360,1,22320,22340,1,76,0,0
2160,RAISE,160,22272,22472,23272,1,ACKED,22370,1,22330,22350,1,78,0,0
2161,RAISE,161,22280,22480,23280,0,REJECTED_FULL,22280,0,-,-,-,-,0,0
2162,RAISE,162,22288,22488,23288,0,REJECTED_FULL,22288,0,-,-,-,-,0,0
2163,RAISE,163,22296,22496,23296,1,ACKED,22380,1,22340,22360,1,64,0,0
2164,RAISE,164,22304,22504,23304,1,ACKED,22390,1,22350,22370,1,66,0,0
2165,RAISE,165,22312,22512,23312,1,ACKED,22400,1,22360,22380,1,68,0,0
2166,RAISE,166,22320,22520,23320,0,REJECTED_FULL,22320,0,-,-,-,-,0,0
2167,RAISE,167,22328,22528,23328,1,ACKED,22410,1,22370,22390,1,62,0,0
2168,RAISE,168,22336,22536,23336,0,REJECTED_FULL,22336,0,-,-,-,-,0,0
2169,RAISE,169,22344,22544,23344,1,ACKED,22430,1,22390,22410,1,66,0,0
2170,RAISE,170,22352,22552,23352,1,ACKED,22440,1,22400,22420,1,68,0,0
2171,RAISE,171,22360,22560,23360,0,REJECTED_FULL,22360,0,-,-,-,-,0,0
2172,RAISE,172,22368,22568,23368,1,ACKED,22750,2,22410,22430,1,62,1,0
2173,RAISE,173,22376,22576,23376,1,ACKED,22460,1,22420,22440,1,64,0,0
2174,RAISE,174,22384,22584,23384,1,ACKED,22480,1,22440,22460,1,76,0,0
2175,RAISE,175,22392,22592,23392,1,ACKED,22490,1,22450,22470,1,78,0,0
2176,RAISE,176,22400,22600,23400,0,REJECTED_FULL,22400,0,-,-,-,-,0,0
2177,RAISE,177,22408,22608,23408,1,ACKED,22800,2,22460,22480,1,72,1,0
2178,RAISE,178,22416,22616,23416,1,ACKED,22510,1,22470,22490,1,74,0,0
2179,RAISE,179,22424,22624,23424,0,REJECTED_FULL,22424,0,-,-,-,-,0,0
2180,RAISE,180,22432,22632,23432,1,ACKED,22530,1,22490,22510,1,78,0,0
2181,RAISE,181,22440,22640,23440,0,REJECTED_FULL,22440,0,-,-,-,-,0,0
2182,RAISE,182,22448,22648,23448,1,ACKED,22540,1,22500,22520,1,72,0,0
2183,RAISE,183,22456,22656,23456,0,REJECTED_FULL,22456,0,-,-,-,-,0,0
2184,RAISE,184,22464,22664,23464,1,ACKED,22550,1,22510,22530,1,66,0,0
2185,RAISE,185,22472,22672,23472,0,REJECTED_FULL,22472,0,-,-,-,-,0,0
2186,RAISE,186,22480,22680,23480,0,REJECTED_FULL,22480,0,-,-,-,-,0,0
2187,RAISE,187,22488,22688,23488,1,ACKED,22560,1,22520,22540,1,52,0,0
2188,RAISE,188,22496,22696,23496,1,ACKED,22580,1,22540,22560,1,64,0,0
2189,RAISE,189,22504,22704,23504,0,REJECTED_FULL,22504,0,-,-,-,-,0,0
2190,RAISE,190,22512,22712,23512,1,ACKED,22890,2,22550,22870,0,358,0,0
2191,RAISE,191,22520,22720,23520,0,REJECTED_FULL,22520,0,-,-,-,-,0,0
2192,RAISE,192,22528,22728,23528,0,REJECTED_FULL,22528,0,-,-,-,-,0,0
2193,RAISE,193,22536,22736,23536,1,ACKED,22600,1,22560,22580,1,44,0,0
2194,RAISE,194,22544,22744,23544,1,ACKED,22610,1,22570,22590,1,46,0,0
2195,RAISE,195,22552,22752,23552,1,ACKED,22630,1,22590,22610,1,58,0,0
2196,RAISE,196,22560,22760,23560,0,REJECTED_FULL,22560,0,-,-,-,-,0,0
2197,RAISE,197,22568,22768,23568,1,ACKED,22640,1,22600,22620,1,52,0,0
2198,RAISE,198,22576,22776,23576,0,REJECTED_FULL,22576,0,-,-,-,-,0,0
2199,RAISE,199,22584,22784,23584,1,ACKED,22650,1,22610,22630,1,46,0,0
2200,RAISE,200,22592,22792,23592,0,REJECTED_FULL,22592,0,-,-,-,-,0,0
2201,RAISE,201,22600,22800,23600,0,REJECTED_FULL,22600,0,-,-,-,-,0,0
2202,RAISE,202,22608,22808,23608,1,ACKED,22660,1,22620,22640,1,32,0,0
2203,RAISE,203,22616,22816,23616,1,ACKED,22680,1,22640,22660,1,44,0,0
2204,RAISE,204,22624,22824,23624,0,REJECTED_FULL,22624,0,-,-,-,-,0,0
2205,RAISE,205,22632,22832,23632,1,ACKED,22690,1,22650,22670,1,38,0,0
2206,RAISE,206,22640,22840,23640,0,REJECTED_FULL,22640,0,-,-,-,-,0,0
2207,RAISE,207,22648,22848,23648,1,ACKED,22700,1,22660,22680,1,32,0,0
2208,RAISE,208,22656,22856,23656,1,ACKED,22710,1,22670,22690,1,34,0,0
2209,RAISE,209,22664,22864,23664,1,ACKED,22720,1,22680,22700,1,36,0,0
2210,RAISE,210,22672,22872,23672,0,REJECTED_FULL,22672,0,-,-,-,-,0,0
2211,RAISE,211,22680,22880,23680,0,REJECTED_FULL,22680,0,-,-,-,-,0,0
2212,RAISE,212,22688,22888,23688,1,ACKED,22730,1,22690,22710,1,22,0,0
2213,RAISE,213,22696,22896,23696,1,ACKED,22740,1,22700,22720,1,24,0,0
2214,RAISE,214,22704,22904,23704,1,ACKED,22760,1,22720,22740,1,36,0,0
2215,RAISE,215,22712,22912,23712,1,ACKED,22780,1,22740,22760,1,48,0,0
2216,RAISE,216,22720,22920,23720,0,REJECTED_FULL,22720,0,-,-,-,-,0,0
2217,RAISE,217,22728,22928,23728,1,ACKED,22790,1,22750,22770,1,42,0,0
2218,RAISE,218,22736,22936,23736,1,ACKED,22810,1,22770,22790,1,54,0,0
2219,RAISE,219,22744,22944,23744,1,ACKED,22830,1,22790,22810,1,66,0,0
2220,RAISE,220,22752,22952,23752,1,ACKED,22840,1,22800,22820,1,68,0,0
2221,RAISE,221,22760,22960,23760,0,REJECTED_FULL,22760,0,-,-,-,-,0,0
2222,RAISE,222,22768,22968,23768,1,ACKED,22850,1,22810,22830,1,62,0,0
2223,RAISE,223,22776,22976,23776,0,REJECTED_FULL,22776,0,-,-,-,-,0,0
2224,RAISE,224,22784,22984,23784,1,ACKED,22860,1,22820,22840,1,56,0,0
2225,RAISE,225,22792,22992,23792,1,ACKED,22870,1,22830,22850,1,58,0,0
2226,RAISE,226,22800,23000,23800,0,REJECTED_FULL,22800,0,-,-,-,-,0,0
2227,RAISE,227,22808,23008,23808,1,ACKED,22900,1,22860,22880,1,72,0,0
2228,RAISE,228,22816,23016,23816,1,ACKED,22910,1,22870,22890,1,74,0,0
2229,RAISE,229,22824,23024,23824,0,REJECTED_FULL,22824,0,-,-,-,-,0,0
2230,RAISE,230,22832,23032,23832,1,ACKED,22920,1,22880,22900,1,68,0,0
2231,RAISE,231,22840,23040,23840,0,REJECTED_FULL,22840,0,-,-,-,-,0,0
2232,RAISE,232,22848,23048,23848,1,ACKED,22930,1,22890,22910,1,62,0,0
2233,RAISE,233,22856,23056,23856,1,ACKED,22940,1,22900,22920,1,64,0,0
2234,RAISE,234,22864,23064,23864,1,ACKED,22950,1,22910,22930,1,66,0,0
2235,RAISE,235,22872,23072,23872,1,ACKED,22960,1,22920,22940,1,68,0,0
2236,RAISE,236,22880,23080,23880,0,REJECTED_FULL,22880,0,-,-,-,-,0,0
2237,RAISE,237,22888,23088,23888,0,REJECTED_FULL,22888,0,-,-,-,-,0,0
2238,RAISE,238,22896,23096,23896,1,ACKED,22980,1,22940,22960,1,64,0,0
2239,RAISE,239,22904,23104,23904,1,ACKED,22990,1,22950,22970,1,66,0,0
2240,RAISE,240,22912,23112,23912,1,ACKED,23000,1,22960,22980,1,68,0,0
2241,RAISE,241,22920,23120,23920,0,REJECTED_FULL,22920,0,-,-,-,-,0,0
2242,RAISE,242,22928,23128,23928,1,ACKED,23010,1,22970,22990,1,62,0,0
2243,RAISE,243,22936,23136,23936,1,ACKED,23020,1,22980,23000,1,64,0,0
2244,RAISE,244,22944,23144,23944,1,ACKED,23040,1,23000,23020,1,76,0,0
2245,RAISE,245,22952,23152,23952,1,ACKED,23050,1,23010,23030,1,78,0,0
2246,RAISE,246,22960,23160,23960,0,REJECTED_FULL,22960,0,-,-,-,-,0,0
2247,RAISE,247,22968,23168,23968,1,ACKED,23060,1,23020,23040,1,72,0,0
2248,RAISE,248,22976,23176,23976,0,REJECTED_FULL,22976,0,-,-,-,-,0,0
2249,RAISE,249,22984,23184,23984,1,ACKED,23070,1,23030,23050,1,66,0,0
2250,RAISE,250,22992,23192,23992,1,ACKED,23080,1,23040,23060,1,68,0,0
2251,RAISE,1,23000,23200,24000,0,REJECTED_FULL,23000,0,-,-,-,-,0,0
2252,RAISE,2,23008,23208,24008,1,ACKED,23090,1,23050,23070,1,62,0,0
2253,RAISE,3,23016,23216,24016,1,ACKED,23110,1,23070,23090,1,74,0,0
2254,RAISE,4,23024,23224,24024,1,ACKED,23120,1,23080,23100,1,76,0,0
2255,RAISE,5,23032,23232,24032,0,REJECTED_FULL,23032,0,-,-,-,-,0,0
2256,RAISE,6,23040,23240,24040,0,REJECTED_FULL,23040,0,-,-,-,-,0,0
2257,RAISE,7,23048,23248,24048,1,ACKED,23130,1,23090,23110,1,62,0,0
2258,RAISE,8,23056,23256,24056,1,ACKED,23140,1,23100,23120,1,64,0,0
2259,RAISE,9,23064,23264,24064,1,ACKED,23150,1,23110,23130,1,66,0,0
2260,RAISE,10,23072,23272,24072,1,ACKED,23460,2,23120,23140,1,68,1,0
2261,RAISE,11,23080,23280,24080,0,REJECTED_FULL,23080,0,-,-,-,-,0,0
2262,RAISE,12,23088,23288,24088,1,ACKED,23180,1,23140,23160,1,72,0,0
2263,RAISE,13,23096,23296,24096,1,ACKED,23190,1,23150,23170,1,74,0,0
2264,RAISE,14,23104,23304,24104,0,REJECTED_FULL,23104,0,-,-,-,-,0,0
2265,RAISE,15,23112,23312,24112,1,ACKED,23200,1,23160,23180,1,68,0,0
2266,RAISE,16,23120,23320,24120,0,REJECTED_FULL,23120,0,-,-,-,-,0,0
2267,RAISE,17,23128,23328,24128,1,ACKED,23210,1,23170,23190,1,62,0,0
2268,RAISE,18,23136,23336,24136,1,ACKED,23230,1,23190,23210,1,74,0,0
2269,RAISE,19,23144,23344,24144,1,ACKED,23240,1,23200,23220,1,76,0,0
2270,RAISE,20,23152,23352,24152,1,ACKED,23250,1,23210,23230,1,78,0,0
2271,RAISE,21,23160,23360,24160,0,REJECTED_FULL,23160,0,-,-,-,-,0,0
2272,RAISE,22,23168,23368,24168,0,REJECTED_FULL,23168,0,-,-,-,-,0,0
2273,RAISE,23,23176,23376,24176,0,REJECTED_FULL,23176,0,-,-,-,-,0,0
2274,RAISE,24,23184,23384,24184,1,ACKED,23260,1,23220,23240,1,56,0,0
2275,RAISE,25,23192,23392,24192,1,ACKED,23280,1,23240,23260,1,68,0,0
2276,RAISE,26,23200,23400,24200,0,REJECTED_FULL,23200,0,-,-,-,-,0,0
2277,RAISE,27,23208,23408,24208,1,ACKED,23290,1,23250,23270,1,62,0,0
2278,RAISE,28,23216,23416,24216,1,ACKED,23300,1,23260,23280,1,64,0,0
2279,RAISE,29,23224,23424,24224,0,REJECTED_FULL,23224,0,-,-,-,-,0,0
2280,RAISE,30,23232,23432,24232,1,ACKED,23310,1,23270,23290,1,58,0,0
2281,RAISE,31,23240,23440,24240,0,REJECTED_FULL,23240,0,-,-,-,-,0,0
2282,RAISE,32,23248,23448,24248,1,ACKED,23320,1,23280,23300,1,52,0,0
2283,RAISE,33,23256,23456,24256,1,ACKED,23330,1,23290,23310,1,54,0,0
2284,RAISE,34,23264,23464,24264,1,ACKED,23350,1,23310,23330,1,66,0,0
2285,RAISE,35,23272,23472,24272,0,REJECTED_FULL,23272,0,-,-,-,-,0,0
2286,RAISE,36,23280,23480,24280,0,REJECTED_FULL,23280,0,-,-,-,-,0,0
2287,RAISE,37,23288,23488,24288,1,ACKED,23360,1,23320,23340,1,52,0,0
2288,RAISE,38,23296,23496,24296,1,ACKED,23670,2,23330,23350,1,54,1,0
2289,RAISE,39,23304,23504,24304,1,ACKED,23380,1,23340,23360,1,56,0,0
2290,RAISE,40,23312,23512,24312,1,ACKED,23390,1,23350,23370,1,58,0,0
2291,RAISE,41,23320,23520,24320,0,REJECTED_FULL,23320,0,-,-,-,-,0,0
2292,RAISE,42,23328,23528,24328,1,ACKED,23410,1,23370,23390,1,62,0,0
2293,RAISE,43,23336,23536,24336,1,ACKED,23420,1,23380,23400,1,64,0,0
2294,RAISE,44,23344,23544,24344,0,REJECTED_FULL,23344,0,-,-,-,-,0,0
2295,RAISE,45,23352,23552,24352,1,ACKED,23430,1,23390,23410,1,58,0,0
2296,RAISE,46,23360,23560,24360,0,REJECTED_FULL,23360,0,-,-,-,-,0,0
2297,RAISE,47,23368,23568,24368,1,ACKED,23450,1,23410,23430,1,62,0,0
2298,RAISE,48,23376,23576,24376,0,REJECTED_FULL,23376,0,-,-,-,-,0,0
2299,RAISE,49,23384,23584,24384,1,ACKED,23470,1,23430,23450,1,66,0,0
2300,RAISE,50,23392,23592,24392,1,ACKED,23480,1,23440,23460,1,68,0,0
2301,RAISE,51,23400,23600,24400,0,REJECTED_FULL,23400,0,-,-,-,-,0,0
2302,RAISE,52,23408,23608,24408,0,REJECTED_FULL,23408,0,-,-,-,-,0,0
2303,RAISE,53,23416,23616,24416,1,ACKED,23490,1,23450,23470,1,54,0,0
2304,RAISE,54,23424,23624,24424,1,ACKED,23500,1,23460,23480,1,56,0,0
2305,RAISE,55,23432,23632,24432,1,ACKED,23510,1,23470,23490,1,58,0,0
2306,RAISE,56,23440,23640,24440,0,REJECTED_FULL,23440,0,-,-,-,-,0,0
2307,RAISE,57,23448,23648,24448,0,REJECTED_FULL,23448,0,-,-,-,-,0,0
2308,RAISE,58,23456,23656,24456,1,ACKED,23530,1,23490,23510,1,54,0,0
2309,RAISE,59,23464,23664,24464,1,ACKED,23540,1,23500,23520,1,56,0,0
2310,RAISE,60,23472,23672,24472,1,ACKED,23550,1,23510,23530,1,58,0,0
2311,RAISE,61,23480,23680,24480,0,REJECTED_FULL,23480,0,-,-,-,-,0,0
2312,RAISE,62,23488,23688,24488,1,ACKED,23560,1,23520,23540,1,52,0,0
2313,RAISE,63,23496,23696,24496,1,ACKED,23580,1,23540,23560,1,64,0,0
2314,RAISE,64,23504,23704,24504,1,ACKED,23590,1,23550,23570,1,66,0,0
2315,RAISE,65,23512,23712,24512,1,ACKED,23600,1,23560,23580,1,68,0,0
2316,RAISE,66,23520,23720,24520,0,REJECTED_FULL,23520,0,-,-,-,-,0,0
2317,RAISE,67,23528,23728,24528,0,REJECTED_FULL,23528,0,-,-,-,-,0,0
2318,RAISE,68,23536,23736,24536,1,ACKED,23610,1,23570,23590,1,54,0,0
2319,RAISE,69,23544,23744,24544,1,ACKED,23620,1,23580,23600,1,56,0,0
2320,RAISE,70,23552,23752,24552,1,ACKED,23630,1,23590,23610,1,58,0,0
2321,RAISE,71,23560,23760,24560,0,REJECTED_FULL,23560,0,-,-,-,-,0,0
2322,RAISE,72,23568,23768,24568,1,ACKED,23650,1,23610,23630,1,62,0,0
2323,RAISE,73,23576,23776,24576,0,REJECTED_FULL,23576,0,-,-,-,-,0,0
2324,RAISE,74,23584,23784,24584,1,ACKED,23660,1,23620,23640,1,56,0,0
2325,RAISE,75,23592,23792,24592,1,ACKED,23680,1,23640,23660,1,68,0,0
2326,RAISE,76,23600,23800,24600,0,REJECTED_FULL,23600,0,-,-,-,-,0,0
2327,RAISE,77,23608,23808,24608,1,ACKED,23690,1,23650,23670,1,62,0,0
2328,RAISE,78,23616,23816,24616,1,ACKED,23700,1,23660,23680,1,64,0,0
2329,RAISE,79,23624,23824,24624,1,ACKED,23720,1,23680,23700,1,76,0,0
2330,RAISE,80,23632,23832,24632,1,ACKED,23730,1,23690,23710,1,78,0,0
2331,RAISE,81,23640,23840,24640,0,REJECTED_FULL,23640,0,-,-,-,-,0,0
2332,RAISE,82,23648,23848,24648,0,REJECTED_FULL,23648,0,-,-,-,-,0,0
2333,RAISE,83,23656,23856,24656,1,ACKED,23740,1,23700,23720,1,64,0,0
2334,RAISE,84,23664,23864,24664,1,ACKED,23750,1,23710,23730,1,66,0,0
2335,RAISE,85,23672,23872,24672,1,ACKED,23760,1,23720,23740,1,68,0,0
2336,RAISE,86,23680,23880,24680,0,REJECTED_FULL,23680,0,-,-,-,-,0,0
2337,RAISE,87,23688,23888,24688,1,ACKED,23780,1,23740,23760,1,72,0,0
2338,RAISE,88,23696,23896,24696,1,ACKED,23790,1,23750,23770,1,74,0,0
2339,RAISE,89,23704,23904,24704,1,ACKED,23800,1,23760,23780,1,76,0,0
2340,RAISE,90,23712,23912,24712,0,REJECTED_FULL,23712,0,-,-,-,-,0,0
2341,RAISE,91,23720,23920,24720,0,REJECTED_FULL,23720,0,-,-,-,-,0,0
2342,RAISE,92,23728,23928,24728,1,ACKED,23810,1,23770,23790,1,62,0,0
2343,RAISE,93,23736,23936,24736,1,ACKED,23830,1,23790,23810,1,74,0,0
2344,RAISE,94,23744,23944,24744,1,ACKED,23840,1,23800,23820,1,76,0,0
2345,RAISE,95,23752,23952,24752,1,ACKED,23850,1,23810,23830,1,78,0,0
2346,RAISE,96,23760,23960,24760,0,REJECTED_FULL,23760,0,-,-,-,-,0,0
2347,RAISE,97,23768,23968,24768,1,ACKED,23860,1,23820,23840,1,72,0,0
2348,RAISE,98,23776,23976,24776,0,REJECTED_FULL,23776,0,-,-,-,-,0,0
2349,RAISE,99,23784,23984,24784,1,ACKED,23870,1,23830,23850,1,66,0,0
2350,RAISE,100,23792,23992,24792,1,ACKED,23880,1,23840,23860,1,68,0,0
2351,RAISE,101,23800,24000,24800,0,REJECTED_FULL,23800,0,-,-,-,-,0,0
2352,RAISE,102,23808,24008,24808,1,ACKED,23890,1,23850,23870,1,62,0,0
2353,RAISE,103,23816,24016,24816,1,ACKED,23900,1,23860,23880,1,64,0,0
2354,RAISE,104,23824,24024,24824,0,REJECTED_FULL,23824,0,-,-,-,-,0,0
2355,RAISE,105,23832,24032,24832,1,ACKED,23920,1,23880,23900,1,68,0,0
2356,RAISE,106,23840,24040,24840,0,REJECTED_FULL,23840,0,-,-,-,-,0,0
2357,RAISE,107,23848,24048,24848,1,ACKED,23930,1,23890,23910,1,62,0,0
2358,RAISE,108,23856,24056,24856,1,ACKED,23940,1,23900,23920,1,64,0,0
2359,RAISE,109,23864,24064,24864,1,ACKED,23950,1,23910,23930,1,66,0,0
2360,RAISE,110,23872,24072,24872,1,ACKED,23960,1,23920,23940,1,68,0,0
2361,RAISE,111,23880,24080,24880,0,REJECTED_FULL,23880,0,-,-,-,-,0,0
2362,RAISE,112,23888,24088,24888,1,ACKED,23980,1,23940,23960,1,72,0,0
2363,RAISE,113,23896,24096,24896,1,ACKED,23990,1,23950,23970,1,74,0,0
2364,RAISE,114,23904,24104,24904,1,ACKED,24000,1,23960,23980,1,76,0,0
2365,RAISE,115,23912,24112,24912,0,REJECTED_FULL,23912,0,-,-,-,-,0,0
2366,RAISE,116,23920,24120,24920,0,REJECTED_FULL,23920,0,-,-,-,-,0,0
2367,RAISE,117,23928,24128,24928,1,ACKED,24010,1,23970,23990,1,62,0,0
2368,RAISE,118,23936,24136,24936,1,ACKED,24030,1,23990,24010,1,74,0,0
2369,RAISE,119,23944,24144,24944,1,ACKED,24040,1,24000,24020,1,76,0,0
2370,RAISE,120,23952,24152,24952,1,ACKED,24050,1,24010,24030,1,78,0,0
2371,RAISE,121,23960,24160,24960,0,REJECTED_FULL,23960,0,-,-,-,-,0,0
2372,RAISE,122,23968,24168,24968,1,ACKED,24060,1,24020,24040,1,72,0,0
2373,RAISE,123,23976,24176,24976,0,REJECTED_FULL,23976,0,-,-,-,-,0,0
2374,RAISE,124,23984,24184,24984,1,ACKED,24070,1,24030,24050,1,66,0,0
2375,RAISE,125,23992,24192,24992,1,ACKED,24090,1,24050,24070,1,78,0,0
2376,RAISE,126,24000,24200,25000,0,REJECTED_FULL,24000,0,-,-,-,-,0,0
2377,RAISE,127,24008,24208,25008,1,ACKED,24100,1,24060,24080,1,72,0,0
2378,RAISE,128,24016,24216,25016,1,ACKED,24110,1,24070,24090,1,74,0,0
2379,RAISE,129,24024,24224,25024,0,REJECTED_FULL,24024,0,-,-,-,-,0,0
2380,RAISE,130,24032,24232,25032,1,ACKED,24120,1,24080,24100,1,68,0,0
2381,RAISE,131,24040,24240,25040,0,REJECTED_FULL,24040,0,-,-,-,-,0,0
2382,RAISE,132,24048,24248,25048,1,ACKED,24140,1,24100,24120,1,72,0,0
2383,RAISE,133,24056,24256,25056,1,ACKED,24150,1,24110,24130,1,74,0,0
2384,RAISE,134,24064,24264,25064,1,ACKED,24160,1,24120,24140,1,76,0,0
2385,RAISE,135,24072,24272,25072,1,ACKED,24170,1,24130,24150,1,78,0,0
2386,RAISE,136,24080,24280,25080,0,REJECTED_FULL,24080,0,-,-,-,-,0,0
2387,RAISE,137,24088,24288,25088,0,REJECTED_FULL,24088,0,-,-,-,-,0,0
2388,RAISE,138,24096,24296,25096,1,ACKED,24180,1,24140,24160,1,64,0,0
2389,RAISE,139,24104,24304,25104,1,ACKED,24190,1,24150,24170,1,66,0,0
2390,RAISE,140,24112,24312,25112,1,ACKED,24200,1,24160,24180,1,68,0,0
2391,RAISE,141,24120,24320,25120,0,REJECTED_FULL,24120,0,-,-,-,-,0,0
2392,RAISE,142,24128,24328,25128,1,ACKED,24210,1,24170,24190,1,62,0,0
2393,RAISE,143,24136,24336,25136,0,REJECTED_FULL,24136,0,-,-,-,-,0,0
2394,RAISE,144,24144,24344,25144,1,ACKED,24230,1,24190,24210,1,66,0,0
2395,RAISE,145,24152,24352,25152,1,ACKED,24240,1,24200,24220,1,68,0,0
2396,RAISE,146,24160,24360,25160,0,REJECTED_FULL,24160,0,-,-,-,-,0,0
2397,RAISE,147,24168,24368,25168,1,ACKED,24250,1,24210,24230,1,62,0,0
2398,RAISE,148,24176,24376,25176,1,ACKED,24260,1,24220,24240,1,64,0,0
2399,RAISE,149,24184,24384,25184,1,ACKED,24270,1,24230,24250,1,66,0,0
2400,RAISE,150,24192,24392,25192,1,ACKED,24280,1,24240,24260,1,68,0,0
2401,RAISE,151,24200,24400,25200,0,REJECTED_FULL,24200,0,-,-,-,-,0,0
2402,RAISE,152,24208,24408,25208,1,ACKED,24300,1,24260,24280,1,72,0,0
2403,RAISE,153,24216,24416,25216,1,ACKED,24310,1,24270,24290,1,74,0,0
2404,RAISE,154,24224,24424,25224,0,REJECTED_FULL,24224,0,-,-,-,-,0,0
2405,RAISE,155,24232,24432,25232,1,ACKED,24320,1,24280,24300,1,68,0,0
2406,RAISE,156,24240,24440,25240,0,REJECTED_FULL,24240,0,-,-,-,-,0,0
2407,RAISE,157,24248,24448,25248,1,ACKED,24330,1,24290,24310,1,62,0,0
2408,RAISE,158,24256,24456,25256,1,ACKED,24350,1,24310,24330,1,74,0,0
2409,RAISE,159,24264,24464,25264,1,ACKED,24360,1,24320,24340,1,76,0,0
2410,RAISE,160,24272,24472,25272,1,ACKED,24370,1,24330,24350,1,78,0,0
2411,RAISE,161,24280,24480,25280,0,REJECTED_FULL,24280,0,-,-,-,-,0,0
2412,RAISE,162,24288,24488,25288,1,ACKED,24380,1,24340,24360,1,72,0,0
2413,RAISE,163,24296,24496,25296,0,REJECTED_FULL,24296,0,-,-,-,-,0,0
2414,RAISE,164,24304,24504,25304,1,ACKED,24400,1,24360,24380,1,76,0,0
2415,RAISE,165,24312,24512,25312,1,ACKED,24410,1,24370,24390,1,78,0,0
2416,RAISE,166,24320,24520,25320,0,REJECTED_FULL,24320,0,-,-,-,-,0,0
2417,RAISE,167,24328,24528,25328,1,ACKED,24420,1,24380,24400,1,72,0,0
2418,RAISE,168,24336,24536,25336,1,ACKED,24430,1,24390,24410,1,74,0,0
2419,RAISE,169,24344,24544,25344,0,REJECTED_FULL,24344,0,-,-,-,-,0,0
2420,RAISE,170,24352,24552,25352,1,ACKED,24440,1,24400,24420,1,68,0,0
2421,RAISE,171,24360,24560,25360,0,REJECTED_FULL,24360,0,-,-,-,-,0,0
2422,RAISE,172,24368,24568,25368,1,ACKED,24450,1,24410,24430,1,62,0,0
2423,RAISE,173,24376,24576,25376,1,ACKED,24470,1,24430,24450,1,74,0,0
2424,RAISE,174,24384,24584,25384,1,ACKED,24480,1,24440,24460,1,76,0,0
2425,RAISE,175,24392,24592,25392,0,REJECTED_FULL,24392,0,-,-,-,-,0,0
2426,RAISE,176,24400,24600,25400,0,REJECTED_FULL,24400,0,-,-,-,-,0,0
2427,RAISE,177,24408,24608,25408,1,ACKED,24490,1,24450,24470,1,62,0,0
2428,RAISE,178,24416,24616,25416,1,ACKED,24500,1,24460,24480,1,64,0,0
2429,RAISE,179,24424,24624,25424,1,ACKED,24510,1,24470,24490,1,66,0,0
2430,RAISE,180,24432,24632,25432,1,ACKED,24520,1,24480,24500,1,68,0,0
2431,RAISE,181,24440,24640,25440,0,REJECTED_FULL,24440,0,-,-,-,-,0,0
2432,RAISE,182,24448,24648,25448,1,ACKED,24540,1,24500,24520,1,72,0,0
2433,RAISE,183,24456,24656,25456,1,ACKED,24550,1,24510,24530,1,74,0,0
2434,RAISE,184,24464,24664,25464,0,REJECTED_FULL,24464,0,-,-,-,-,0,0
2435,RAISE,185,24472,24672,25472,1,ACKED,24560,1,24520,24540,1,68,0,0
2436,RAISE,186,24480,24680,25480,0,REJECTED_FULL,24480,0,-,-,-,-,0,0
2437,RAISE,187,24488,24688,25488,1,ACKED,24570,1,24530,24550,1,62,0,0
2438,RAISE,188,24496,24696,25496,1,ACKED,24580,1,24540,24560,1,64,0,0
2439,RAISE,189,24504,24704,25504,1,ACKED,24600,1,24560,24580,1,76,0,0
2440,RAISE,190,24512,24712,25512,1,ACKED,24610,1,24570,24590,1,78,0,0
2441,RAISE,191,24520,24720,25520,0,REJECTED_FULL,24520,0,-,-,-,-,0,0
2442,RAISE,192,24528,24728,25528,1,ACKED,24620,1,24580,24600,1,72,0,0
2443,RAISE,193,24536,24736,25536,0,REJECTED_FULL,24536,0,-,-,-,-,0,0
2444,RAISE,194,24544,24744,25544,1,ACKED,24630,1,24590,24610,1,66,0,0
2445,RAISE,195,24552,24752,25552,1,ACKED,24640,1,24600,24620,1,68,0,0
2446,RAISE,196,24560,24760,25560,0,REJECTED_FULL,24560,0,-,-,-,-,0,0
2447,RAISE,197,24568,24768,25568,1,ACKED,24650,1,24610,24630,1,62,0,0
2448,RAISE,198,24576,24776,25576,1,ACKED,24670,1,24630,24650,1,74,0,0
2449,RAISE,199,24584,24784,25584,1,ACKED,24680,1,24640,24660,1,76,0,0
2450,RAISE,200,24592,24792,25592,0,REJECTED_FULL,24592,0,-,-,-,-,0,0
2451,RAISE,201,24600,24800,25600,0,REJECTED_FULL,24600,0,-,-,-,-,0,0
2452,RAISE,202,24608,24808,25608,1,ACKED,24690,1,24650,24670,1,62,0,0
2453,RAISE,203,24616,24816,25616,1,ACKED,24700,1,24660,24680,1,64,0,0
2454,RAISE,204,24624,24824,25624,1,ACKED,24710,1,24670,24690,1,66,0,0
2455,RAISE,205,24632,24832,25632,1,ACKED,24730,1,24690,24710,1,78,0,0
2456,RAISE,206,24640,24840,25640,0,REJECTED_FULL,24640,0,-,-,-,-,0,0
2457,RAISE,207,24648,24848,25648,1,ACKED,24740,1,24700,24720,1,72,0,0
2458,RAISE,208,24656,24856,25656,1,ACKED,24750,1,24710,24730,1,74,0,0
2459,RAISE,209,24664,24864,25664,0,REJECTED_FULL,24664,0,-,-,-,-,0,0
2460,RAISE,210,24672,24872,25672,1,ACKED,24760,1,24720,24740,1,68,0,0
2461,RAISE,211,24680,24880,25680,0,REJECTED_FULL,24680,0,-,-,-,-,0,0
2462,RAISE,212,24688,24888,25688,1,ACKED,24780,1,24740,24760,1,72,0,0
2463,RAISE,213,24696,24896,25696,1,ACKED,24790,1,24750,24770,1,74,0,0
2464,RAISE,214,24704,24904,25704,1,ACKED,25100,2,24760,25080,0,376,0,0
2465,RAISE,215,24712,24912,25712,1,ACKED,24810,1,24770,24790,1,78,0,0
2466,RAISE,216,24720,24920,25720,0,REJECTED_FULL,24720,0,-,-,-,-,0,0
2467,RAISE,217,24728,24928,25728,0,REJECTED_FULL,24728,0,-,-,-,-,0,0
2468,RAISE,218,24736,24936,25736,1,ACKED,24820,1,24780,24800,1,64,0,0
2469,RAISE,219,24744,24944,25744,1,ACKED,24830,1,24790,24810,1,66,0,0
2470,RAISE,220,24752,24952,25752,1,ACKED,24840,1,24800,24820,1,68,0,0
2471,RAISE,221,24760,24960,25760,0,REJECTED_FULL,24760,0,-,-,-,-,0,0
2472,RAISE,222,24768,24968,25768,1,ACKED,24860,1,24820,24840,1,72,0,0
2473,RAISE,223,24776,24976,25776,0,REJECTED_FULL,24776,0,-,-,-,-,0,0
2474,RAISE,224,24784,24984,25784,1,ACKED,24870,1,24830,24850,1,66,0,0
2475,RAISE,225,24792,24992,25792,1,ACKED,24880,1,24840,24860,1,68,0,0
2476,RAISE,226,24800,25000,25800,0,REJECTED_FULL,24800,0,-,-,-,-,0,0
2477,RAISE,227,24808,25008,25808,0,REJECTED_FULL,24808,0,-,-,-,-,0,0
2478,RAISE,228,24816,25016,25816,1,ACKED,24890,1,24850,24870,1,54,0,0
2479,RAISE,229,24824,25024,25824,1,ACKED,24910,1,24870,24890,1,66,0,0
2480,RAISE,230,24832,25032,25832,1,ACKED,24920,1,24880,24900,1,68,0,0
2481,RAISE,231,24840,25040,25840,0,REJECTED_FULL,24840,0,-,-,-,-,0,0
2482,RAISE,232,24848,25048,25848,1,ACKED,24930,1,24890,24910,1,62,0,0
2483,RAISE,233,24856,25056,25856,0,REJECTED_FULL,24856,0,-,-,-,-,0,0
2484,RAISE,234,24864,25064,25864,1,ACKED,24940,1,24900,24920,1,56,0,0
2485,RAISE,235,24872,25072,25872,1,ACKED,24960,1,24920,24940,1,68,0,0
2486,RAISE,236,24880,25080,25880,0,REJECTED_FULL,24880,0,-,-,-,-,0,0
2487,RAISE,237,24888,25088,25888,1,ACKED,24970,1,24930,24950,1,62,0,0
2488,RAISE,238,24896,25096,25896,1,ACKED,24980,1,24940,24960,1,64,0,0
2489,RAISE,239,24904,25104,25904,0,REJECTED_FULL,24904,0,-,-,-,-,0,0
2490,RAISE,240,24912,25112,25912,1,ACKED,24990,1,24950,24970,1,58,0,0
2491,RAISE,241,24920,25120,25920,0,REJECTED_FULL,24920,0,-,-,-,-,0,0
2492,RAISE,242,24928,25128,25928,1,ACKED,25000,1,24960,24980,1,52,0,0
2493,RAISE,243,24936,25136,25936,1,ACKED,25020,1,24980,25000,1,64,0,0
2494,RAISE,244,24944,25144,25944,1,ACKED,25030,1,24990,25010,1,66,0,0
2495,RAISE,245,24952,25152,25952,0,REJECTED_FULL,24952,0,-,-,-,-,0,0
2496,RAISE,246,24960,25160,25960,0,REJECTED_FULL,24960,0,-,-,-,-,0,0
2497,RAISE,247,24968,25168,25968,1,ACKED,25040,1,25000,25020,1,52,0,0
2498,RAISE,248,24976,25176,25976,1,ACKED,25050,1,25010,25030,1,54,0,0
2499,RAISE,249,24984,25184,25984,1,ACKED,25060,1,25020,25040,1,56,0,0
2500,RAISE,250,24992,25192,25992,1,ACKED,25080,1,25040,25060,1,68,0,0
